:020000040800F2
:1000000058800120E50200085DAF00082D97000828
:1000100059AF00081D230008110601080000000068
:1000200000000000000000000000000041B00008D7
:10003000FD25000800000000D1AF000881B00008D5
:10004000FF020008FF020008FF020008FF0200088C
:10005000FF020008FF020008FF020008FF0200087C
:10006000FF020008FF020008FF0200082123000829
:1000700031230008412300085123000861230008B0
:100080007123000881230008FF020008FF02000816
:10009000FF020008FF020008FF020008FF0200083C
:1000A000FF020008FF020008FF020008FF0200082C
:1000B0007DB10008E5B100084DB20008FF0200085C
:1000C000FF020008FF020008FF020008FF0200080C
:1000D000FF020008FF02000839C5000849C50008F2
:1000E00001260008FF020008FF020008CDB3000847
:1000F00051B4000841B40008FF0200089123000831
:10010000FF020008FF020008B5B20008FF02000865
:10011000FF02000861BC0008FF0200081DB30008D0
:10012000FF020008FF020008FF020008FF020008AB
:10013000FF020008FF020008FF020008FF0200089B
:10014000FF020008FF020008FF020008FF0200088B
:10015000FF020008FF020008FF02000859C500085E
:10016000FF020008FF020008FF020008FF0200086B
:10017000FF020008C9AF0008FF02000800000000ED
:10018000FF020008FF02000800F002F800F09AF8F1
:100190000AA090E8000C82448344AAF10107DA45E2
:1001A00001D100F08FF8AFF2090EBAE80F0013F09A
:1001B000010F18BFFB1A43F001031847E8C50100FF
:1001C00018C60100103A24BF78C878C1FAD852077F
:1001D00024BF30C830C144BF04680C6070470000C1
:1001E0000023002400250026103A28BF78C1FBD840
:1001F000520728BF30C148BF0B6070476E2900F01E
:100200008D82702900F0E18366291BF094866529B0
:100210001BF0918667291BF08E8661291BF08D8665
:1002200003681B0A28BF41F08001692900F03A8267
:10023000642900F03782752900F034826F2900F0BC
:100240006F83782900F0AD83E92900F00983E42960
:1002500000F00683F52900F00383EF2900F06C839A
:10026000F82900F0AC830368DB0928BF41F0800166
:10027000632901F02381732901F02881E32901F02A
:100280003381F32901F03881002070471FB51BF03E
:1002900040FE9DE8030000F061F901F051FA04000E
:1002A000002000211BF032F8401C6060002000217B
:1002B0001BF016F8E06001F027F91FBD10B501F042
:1002C0008CF910BD01F00EFA1146FFF7DFFF12F0B6
:1002D000EDFD01F097FC03B4FFF7F0FF03BC10F055
:1002E00089FA00000948804709480047FEE7FEE711
:1002F000FEE7FEE7FEE7FEE7FEE7FEE7FEE7FEE7D6
:1003000004480549054A064B704700005DB10008E6
:10031000890100085878012058800120587A01206E
:10032000587A0120704770B5064600F0FBF8056862
:1003300006F10B0020F00704B4429CBF002070BD02
:100340002B466A68BAB11068A04210D304F10801C4
:1003500088423CBF5068586007D35168101941600B
:100360001168091B016058601460101D70BD1346B0
:100370005268002AE7D12146284600F0DBF8002821
:10038000DED170BD70B50446051F00F0CBF80068E3
:10039000002C14BF446870BD002C18BFAC423CBF99
:1003A00020466468F8D301680A18AA4218BF45605D
:1003B00003D12A6805461144016028684119A14209
:1003C0001CBF6C6070BD616869602168084428606A
:1003D00070BD00000FB4044910B503AA029800F0E4
:1003E000CFF910BC5DF814FBA40000200FB41CB5BD
:1003F000084B06AA7B4469460090059800F0A7F9CF
:1004000004460020694600F0B5F920461CBC5DF8A2
:1004100014FB00007D03000040EA0103024630B5F2
:100420009B0710D14FF0013400E008C208C91D1B22
:100430009D4315EAC41FF8D013F0FF0102F8011B19
:100440000DD01B0AF8E711F8013B002B02F8013B25
:1004500005D011F8013B002B02F8013BF3D130BD70
:1004600010B5431C02E010F8011B71B18107FAD1ED
:100470004FF0013202C88C1A8C4314EAC211F9D031
:10048000C01A0A0603D0C01E10BDC01A10BD0A044F
:1004900001D0801E10BD0902FCD0401E10BD00001E
:1004A00030B44FF0013C50F8042B51F8043BCCFA27
:1004B00052F4D51A20D1FCB950F8042B51F8043B62
:1004C000CCFA52F4D51A17D1B4B950F8042B51F81C
:1004D000043BCCFA52F4D51A0ED16CB950F8042B67
:1004E00051F8043BCCFA52F4D51A05D1002CDAD0DD
:1004F00030BC4FF00000704729BAB1FA81F111F019
:100500001801D1F120008440F2D1CA40CB4012F052
:10051000FF0213F0FF0330BCD01A704770477047DA
:1005200070477047004870470001002070477047CF
:100530007047704738B504460A4600206946AFF355
:100540000080002808BF38BD02460099204600F010
:1005500067FB012038BD012001F096B8F8B5AFF374
:100560000080054600200C46102000BF0646A81952
:10057000A0420DD9324669460020AFF30080070043
:1005800008BF01F081F80098A04218BF0546C419C1
:10059000FFF7C8FF05600746F01D20F00700461969
:1005A000284600F00AF8B44208BFF8BDA21B314645
:1005B0003868BDE8F84000F033BB00210160C0E9B5
:1005C000011070471020704710B500F025FB00683F
:1005D00010BD10B5044600F01FFB046010BD70B5DF
:1005E000044685690068C10601D5302600E0202652
:1005F000C00707D070BDD4E9012130469047206A7A
:10060000401C20626D1EF6D570BD70B5044685692C
:100610000078C00707D170BDD4E9012120209047A0
:10062000206A401C20626D1EF6D570BD09684A051F
:1006300001D540B27047C905FCD500B270470968C2
:100640004A0501D5C0B27047C905FCD580B27047D4
:1006500070B50C460546012A05D02878800600D5DD
:10066000EA69002302E0012305E05B1C934202D209
:10067000E05C0028F9D1A869E618C01AA861286AC8
:10068000184428622846FFF7AAFF04E0D5E90121B3
:1006900014F8010B9047B442F8D32846FFF7B5FF92
:1006A00070BD00002DE9F041064600241068752950
:1006B000314616A510D0FFF7B9FF002802DA4042F4
:1006C00013A507E031688A0701D512A502E04907A2
:1006D00004D511A5012401E0FFF7B1FF00210A2292
:1006E00006F1240709E0B0FBF2FCB0FBF2F302FBD9
:1006F0001C00303078541846491C0028F3D123469A
:100700002A463046BDE8F04100F0E9BA000000009A
:100710002D0000002B00000020000000116802687E
:10072000006A530501D508700AE0D30501D5088099
:1007300006E0130603D5C217C1E9000200E0086015
:100740000120704701694A1C02610878704700B5B2
:100750008FB0CDE901310021059105497944CDE9FA
:1007600003101146684600F03BF90FB000BD0000D1
:10077000E5FFFFFF0A6802F8010B0A6070470000FE
:10078000074B70B50D467B44FFF7E1FF0446284652
:1007900000F0B6FE10B14FF0FF3070BD204670BDC6
:1007A0003DAB01002DE9FF5F15468A460446DFF8A0
:1007B000AC80F8440027D8E900103E46CDE900108F
:1007C00010E03AF816106A4602A800F039FF411C02
:1007D00007D02178890603D5E269391891420DD8EE
:1007E0000744761C2078800602D5E069B84205DD12
:1007F000AE42E6DB3AF816000028E2D1A069C01B41
:10080000A0612046FFF7EBFED8E90010CDE900100B
:10081000002017E03AF818106A4602A800F010FF0E
:10082000B0F1FF3F81460BD000250DF1080B05E02C
:10083000D4E901211BF8050090476D1C4D45F7D305
:1008400008F10100B0428046E4DB206A38442062AF
:100850002046FFF7DAFEBDE8FF9F00008AB70100DF
:100860002DE9F0418046D21D22F007020025D2E991
:100870000002F52915A614D0011E72F1000106DA56
:100880000023D0EB030063EB020211A608E0D8F8C6
:1008900000108B0701D50FA602E0490701D50EA66F
:1008A00001251146002408F1240704E000F0D2F9E4
:1008B00030323A55641C50EA0102F7D12B463246D9
:1008C00021464046BDE8F04100F009BA00000000B2
:1008D0002D0000002B0000002000000030B400219B
:1008E00000F1240408E002F00705D208303542EA9E
:1008F0004372DB086554491C52EA0305F3D10468CE
:10090000002310A2250708D504F020040C4304D0CE
:10091000C46901230CA2641EC46130BC00F0DFB9BD
:1009200010B5044621461068FFF789FE02462046AE
:10093000BDE810400023D1E7D21D22F00701D1E924
:100940000023CBE70000000030000000F0B40D46AB
:100950000188090502D5214C7C4402E01F4C7C44EF
:100960000E34002100F1240608E002F00F071209FE
:10097000E75D42EA03721B097754491C52EA0307F8
:10098000F3D102780023120704D5702D06D009B1E7
:10099000022311342246F0BC00F0A1B90123103427
:1009A000F8E770B504460D4621461068FFF747FE8C
:1009B000024629462046BDE870400023C6E7D21D06
:1009C00022F00703D3E90023C0E70368126843F06D
:1009D000200303600823C3610023B7E7ECB50100DF
:1009E0002DE9F05F894604464FF0000ADFF874B144
:1009F000FB44C0F820A02046E1688847002874D056
:100A0000252806D0D4E901219047206A401C2062A5
:100A1000F1E700265F462046E16888472028054622
:100A200007DB312D05D2781910F8200C08B10643E8
:100A3000F1E7B00701D526F00406C4F81CA0002792
:100A4000C4F818A02A2D09D028461AF029FC38B37A
:100A500004EB8708303DC8F8185019E059F8041B1A
:100A6000204604EB87029161E1688847012F054623
:100A700018D1E069002820DA26F020061DE0D8F819
:100A8000180000EB800005EB40003038C8F8180073
:100A90002046E168884705461AF002FC0028EED19E
:100AA000012F0AD02E2D08D12046E16888477F1CEF
:100AB0000546022F46F02006C4DBA069002803DAB1
:100AC000404246F00106A061F00701D026F0100672
:100AD0006C2D0BD0682D09D04C2D39D06A2D35D016
:100AE000742D35D07A2D33D016E038E0E1682F46EA
:100AF00020468847B842054609D16C2F26D04FF4CE
:100B00008060E168064320468847054604E06C2F74
:100B10001AD04FF4807006430DB3A5F14100192897
:100B200002D8203546F400664A462946204626600B
:100B30004E46FFF763FB80B101280BD0F61D26F06F
:100B4000070000F1080956E74020E4E78020D8E7D5
:100B50000020D6E706F104094DE7284652E7206A4F
:100B6000BDE8F09F7CB5010010B5203AC0F00B80C5
:100B7000B1E81850A0E81850B1E81850A0E8185093
:100B8000203ABFF4F5AF5FEA027C24BFB1E8185009
:100B9000A0E8185044BF18C918C0BDE810405FEA6B
:100BA000827C24BF51F8043B40F8043B08BF7047E7
:100BB000D20728BF31F8023B48BF11F8012B28BFEC
:100BC00020F8023B48BF00F8012B70474FF00002AD
:100BD0000429C0F0128010F0030C00F05E85CCF107
:100BE000040CBCF1020F18BF00F8012BA8BF20F8BD
:100BF000022BA1EB0C0100F050BD5FEAC17C24BFC9
:100C000000F8012B00F8012B48BF00F8012B7047BA
:100C100000487047F800002000487047F8000020A6
:100C2000034640688C46002818BF88423CBF0346F4
:100C30004068F8D318681844884207D00CF10300C4
:100C400020F00700001D411A521A0146081D0A60D3
:100C5000FFF798BB30B5B0F10A0271F100034FEA1B
:100C6000900E4EEA817EB0EB0E0061EB91014FEAEF
:100C7000101E4EEA017E10EB0E0041EB11114FEAFF
:100C8000102E4EEA016E10EB0E0041EB11214FEADF
:100C9000104E4EEA014E10EB0E0041EB1141401890
:100CA00041F100014FEAD00040EA41704FEAD10122
:100CB0004FEA810444EA907410EB800544EB010490
:100CC0006D1944EB0404521BA3414FF0000348BFCD
:100CD0000A3200D530BD401C41F1000130BD2DE984
:100CE000F0470D4699469246044600F124080168F3
:100CF000880604D5E06921F01001216000E00120A0
:100D0000A84201DD471B00E00027A1697A1902EB28
:100D10000900081AA0612078C00602D42046FFF717
:100D20005EFC002608E0D4E901211AF8060090478D
:100D3000206A401C761C20624E45F4DB2078C006F9
:100D40000AD52046FFF74BFC06E0D4E9012130200C
:100D50009047206A401C2062381EA7F10107F4DC8E
:100D600007E0D4E9012118F805009047206A401CEB
:100D70002062281EA5F10105F3DC2046FFF745FCA3
:100D80002078000602D50220BDE8F0870120FBE7AD
:100D90002DE9FF4F0C461E464FF0FF378BB0D2E9CE
:100DA0000001DDF860800A908A46C1F30A5505B952
:100DB0003D46002108464FF00000BAF1000F00F454
:100DC000400005DA00EB80004FF4400101EA5000DA
:100DD0004FEA9059B9F1010F00DDB9460A9850EA7F
:100DE0004A000ED044F61050A5F2FF3545432F14AB
:100DF000B8F1000F1ED07542291E1EDDC9F1000298
:100E00001CE0B8F1010F4FF0000001D0302103E0E9
:100E1000F24305E02154401CB042FBDB3046002287
:100E2000002121540B99C1F80880C1E900200FB0BE
:100E3000BDE8F08FBD1B6D1CDEE74A4600DA694253
:100E400006A800F0C1FC06AB93E8070003AB83E8FB
:100E5000070050460A9919F095F98DE80700A0F5AA
:100E600000501F3800900398002D0ADD42F21F0148
:100E70004A460844002303A90390684619F0FEFB84
:100E800009E0A0F500504A461F38002303A903904B
:100E9000684619F008FC8DE807000004000C03D038
:100EA0004FF0FF30410800E01046B8F1000F03D0CA
:100EB0000022009215461EE0751E05D4FFF7CAFEFB
:100EC000303262556D1EF9D5B3460122084302D077
:100ED00000227F1C04E02078302801D100227F1EF0
:100EE000002A099784D01DE0112D07DAFFF7B2FE22
:100EF000303262556D1C50EA0102F5D1084302D030
:100F00000098C8B10EE00021681E05E0235C625C19
:100F100063542254401E491C8142F7DBAB46A81B98
:100F2000401E0990002004F80B000B98099AC0F8A5
:100F30000880C0E9002B7AE711264FF0000857E738
:100F40002DE9F04F88460446D21D22F0070191B0EA
:100F5000D1E90001CDE90A0119F0DCFC02460B9849
:100F6000C00F01D02D2007E02068810701D52B207C
:100F700002E0202101EAC000032A099001D0072ADB
:100F800005DB03464146204600F0DEFB0BE12078FE
:100F9000800601D5E06900E00620B8F1650F8146C2
:100FA00006D0B8F1660F18D0B8F1670F70D131E0F4
:100FB0000020B9F1110F009001DB112301E009F1CC
:100FC00001030AAA01A90CA8FFF7E2FEDDE90C70F3
:100FD000002609F10105834647E001204B460090B9
:100FE0004FF000470AAA01A90CA8FFF7D1FEDDE9DE
:100FF0000DB00C995D46002610B909F101000D18DD
:10100000B9EB050003D4C0F1FF3609F10105A5EBEA
:1010100009002BE0B9F1010F01DA4FF001090020BE
:10102000B9F1110F0090484601DD112300E003469D
:101030000AAA01A90CA8FFF7ABFEDDE90C704D462A
:1010400000268346207800070AD4AB4500DA5D46C7
:1010500001A8012D04DD411911F8011C302907D028
:101060004F4502DA17F1040F04DA012082460FE03F
:101070006D1EEEE7002F02DCED1B3E4403E0781C02
:10108000A84200DD7D1CB81B00F1010A4FF00047AB
:101090002078000703D4AA4501DB4FF0FF3A002176
:1010A000B7F1004F0DF143088DF8431024D0022012
:1010B0002B23002F01DA7F422D230A21021EA0F1EB
:1010C000010000DC5FB197FBF1FC97FBF1F201FB43
:1010D0001C7C17460CF1300C08F801CDEEE7A8F1A6
:1010E000010003702188090501D5452100E0652133
:1010F000A0F1010800F8011C09980FA9A1EB08074D
:10110000FF1D00B10120411901EBEA70A1693844CB
:10111000081A401EA0612078C00602D42046FFF7BE
:101120005EFA099828B1D4E901219047206A401C51
:1011300020622078C00622D52046FFF750FA1EE034
:10114000002E04DBB34502DD01A8805D00E0302005
:10115000D4E901219047206A401C2062761CAAF144
:1011600001005FEA000A0AD100F0EAFAC0680168EB
:10117000405CD4E901219047206A401C2062281E6F
:10118000A5F10105DCDC07E0D4E9012118F8010B29
:101190009047206A401C2062381EA7F10107F3DC4B
:1011A0002046FFF732FA032011B041E62DE9F04F57
:1011B00004460D46D21D22F0070089B0D0E9009701
:1011C0004846394619F0A6FB0246F80F01D02D23F8
:1011D00007E02068810701D52B2302E0202101EAE6
:1011E000C0038DF820300BB1012000E00020032A5D
:1011F000824601D0072A04DB2946204600F0A4FAE3
:101200003FE12078800601D40D2500E0E569C7F3B1
:101210000A560D2D49DA00214FEA175B08464FF0B8
:101220000000002F00F4400007DA00EB80004FF4CC
:10123000400100EBD07001EA60008115012901DD59
:101240004FF0FF3100224FEA850CBCF1180F06D396
:101250001346ACF118004FF08052C24003E04FF447
:10126000801323FA0CF30CF10C0CBCF1200F04D307
:10127000ACF1200C09FA0CF001E007FA0CF000299F
:101280004FF0004801DD18B90FE00ED140450CD3F6
:1012900019EB02095F4121B9404502D19F4329EA78
:1012A0000209BBEB175F00D0761C2088000502D531
:1012B0007B48784402E07A487844193808AA3023F9
:1012C00002F80A30037C0AF10101002E0AF1020A39
:1012D00053546A4602DC4FF0300101E04FF0310117
:1012E0004FF001088DF8001002D0A6F2FF3603E09F
:1012F00059EA470100D06B4E002D02DC2178090726
:1013000004D54FF002082E218DF80110C4460021AB
:101310000BE0C7F303433F01C35C491C6D1E02F899
:101320000830052908F1010801DA002DF1DC00215F
:101330000CE000EB1973491C1B786D1E082902F89C
:1013400008304FEA091908F1010801DA002DF0DC34
:1013500021688B0602D516E0A8F10108E04505DDFD
:1013600002EB080313F8013C302BF5D0B8F1000F65
:1013700009DD02EB080313F8013C2E2B03D109070A
:1013800001D4A8F10108002D05DD3E2102F8081066
:101390006D1E08F10108407C002E02F8080008F1DB
:1013A000010804DA2D20764202F8080002E02B2022
:1013B00002F808000A214FF47A70864208F1010809
:1013C0000BDB96FBF0F3303302F8083096FBF0F3BA
:1013D00008F1010800FB136601E0642E0CDB6420B9
:1013E00096FBF0F3303302F8083096FBF0F308F187
:1013F000010800FB136601E00A2E06DB96FBF1F004
:10140000303002F8080008F1010896FBF1F001FB0A
:101410001060303002F80800A16908F1010808EBFB
:10142000050202EB0A00081AA0612078C00602D467
:101430002046FFF7D4F8216A08AE01EB0A002062CB
:1014400004E0D4E9012116F8010B9047BAF1010A32
:10145000F7D22078C00602D52046FFF7C0F86E46C6
:1014600009E016F8010B3E280FD0D4E9012190477E
:10147000206A401C2062B8F10108F2D22046FFF732
:10148000C4F809B00320BDE8F08F206A2844206228
:1014900003E0D4E90121302090476D1EEBD3F8E73B
:1014A00015AE010002FCFFFF10B5436913B1AFF3A5
:1014B000008001E0FFF7CCF8012010BD127800F1A8
:1014C00024010A7000224A700122EDE711684FF0F2
:1014D000FF32E9E710B5436913B1AFF3008001E0D3
:1014E000FFF760F9012010BD128800F12401828409
:1014F0000022C2840122EDE711684FF0FF32E9E7D4
:10150000007B00F08000704710B54248542100F085
:10151000C2F84148542100F0BEF84048542100F080
:10152000BAF83F493B483C4A3F4B08603D490A6096
:101530003A491960531C0365481C10650120086571
:101540003B48344A39A1784400F0BEFA20B9384803
:1015500078440A3800F064FB37482F4A35A17844B4
:1015600000F0B2FA20B9344878440A3800F058FB49
:1015700032482A4A2FA1784400F0A6FA20B92F4811
:1015800078440A3800F04CFB40232248DC0000215C
:10159000224600F076FA20B125487844543800F00D
:1015A0003FFB1D4822464023002100F06AFA20B18B
:1015B00021487844543800F033FB18482246102361
:1015C000002100F05EFA002806D01C487844BDE8EF
:1015D0001040563800F024BB10BD104870B5006DA7
:1015E00020F001040B4800F0E7FA0B4800F0E4FAA1
:1015F0000A4800F0E1FA09E0206D20F001052046DC
:1016000000F0DAFA2046FEF7BDFE2C46002CF3D19E
:1016100070BD000050000020A400002000C0012088
:1016200000000020040000200800002072000000DC
:10163000E2AF010077000000D1AF0100C1AF0100AF
:101640002DE9F04116460C46054600F071F8036896
:1016500093F80101012807D0FF2C12D8185D80B142
:1016600001202C70BDE8F081D3F8070132462146F5
:1016700003F20713C7182846BC46BDE8F041002313
:1016800060474FF0FF30EDE710B500F0D1FABDE84C
:10169000104000F0C0BA4FF0000200B51346944667
:1016A0009646203922BFA0E80C50A0E80C50B1F1BA
:1016B0002001BFF4F7AF090728BFA0E80C5048BFCE
:1016C0000CC05DF804EB890028BF40F8042B08BF6C
:1016D000704748BF20F8022B11F0804F18BF00F868
:1016E000012B70477546FFF793FAAE460500694631
:1016F000534620F00700854618B020B5FEF700FEDF
:10170000BDE820404FF000064FF000074FF0000802
:101710004FF0000BAC46ACE8C009ACE8C009ACE83F
:10172000C009ACE8C00921F007018D4670470000F0
:1017300010B500F005F8001D10BD00BFD19B0100E1
:1017400000487047180100202DE9F0411F4604466B
:1017500003260168072A01F4006004DB08B116A51E
:1017600005E016A503E008B115A500E015A521F0D8
:1017700010002060A069C01EA0610FB1401EA061D2
:101780002046FEF72CFF4FB1D4E90121384690479F
:10179000206A401C2062C01C206206E0206AFAE732
:1017A000D4E9012115F8010B9047761EF8D22046A6
:1017B000FEF72BFFBDE8F0814E414E006E616E00DA
:1017C000494E4600696E66002DE9F047814616468F
:1017D0008AB0354878440DC88DE80D003248784409
:1017E000801C03AC0DC884E80D0041F69B30084412
:1017F000372190FBF1F290FBF1F5A5F1800501FB9B
:1018000012041B3C02D56442012000E00020DFF8F6
:1018100098A080460027FA44AAF1BE0A0EE0E0072D
:101820000AD03246684607EB470101230AEB8101E3
:1018300018F039FF8DE8070064107F1C002CEED1F2
:10184000194F7F44AE3F19E0E80715D007EB0410AD
:101850000DF1180A90E80E008AE80E00C068F04208
:1018600001D1981908903246012306A903A818F05F
:101870001AFF03AB83E807006D10641C002DE3D151
:101880004FF0010332466946B8F1000F03A802D0B9
:1018900018F0F4FE01E018F006FFC9E90001C9F8EC
:1018A00008200AB0BDE8F08784A901002DE9F047BF
:1018B00005460C46C86820F4201040F48000C8603B
:1018C000800602D5084600F0AEFAE06841F28201D7
:1018D0004FF0FF390140022903D0204600F04CFAB6
:1018E000B5E000F42041B1F5004F0FD1C00306D59B
:1018F0006168E06A884200D80846606006E02069B6
:10190000E062606060690EF079FFA061A06800226B
:10191000EEB200280DDAE1688B050AD4C043A0605E
:1019200041F490302260E0606068411C61600670A4
:10193000A5E0E0689046226040F40050E060206935
:1019400068BB60690EF07CFF012704F12405A0B19B
:10195000A08910F4407F08D0E069FEF7E4FC206124
:1019600018B1E06840F4006016E0E7612561E068C6
:1019700020F4407040F480600EE0E069FEF7D3FC94
:1019800000282061F1D0E06840F4006010F4407F4E
:10199000E06002D140F48070E06020696060E0683F
:1019A00025696FF0010AC1051FD56168E06A8842A8
:1019B00000D80846411B04D02246284600F0E6F92C
:1019C000F0BBE068010203D5E562C4E9015854E0C8
:1019D000691CE1626160E16940F48030491EC4E93C
:1019E000021030462E70BDE8F087010202D500F4E7
:1019F00080320AE06068411C61600670E0680A2E6F
:101A000040F48030E06006D00022E16A60688142E4
:101A100003D90B4602E00122F7E70346A7895B1BC7
:101A20007F0503D4E7699F4200DDE2B1814200D81F
:101A30000146E5620F1AC4E90158002B09DD00E0F8
:101A400005E022461946284600F0A0F908B14846AC
:101A5000C9E747B1A069E5626560C01BA061E068A5
:101A600040F01000E060E068000208D56168A069FD
:101A7000E562491B08446560A0615046B3E7304603
:101A8000B1E770B5C468A50713D0650211D4B2F5EB
:101A9000807F09D0B2F5007F06D0B2F5806F08D103
:101AA000012300F1240106E05D1E6FF07F46B54280
:101AB00001D3012070BD0161C361416024F47061F4
:101AC0001143C160002070BD2DE9F0410C4616465F
:101AD000070047D0104600F06FF82078611C61289D
:101AE0000AD0722802D077283CD102E001250024D8
:101AF00005E00225042402E0082448F2020511F85A
:101B0000010B2B2806D0622809D011F8010C74288B
:101B10000AD00BE045F0030544F00204EFE745F07E
:101B2000040544F00104EAE744F010043846214675
:101B30000EF0A8FE411C15D00021316171604FF4F8
:101B40000071F560F1617061200704D53046022212
:101B5000002100F095F8306D40F00100306530460E
:101B6000BDE8F0810020FBE72DE9F0410D46064677
:101B7000104C206DC10704D0410804D020F00104AE
:101B8000F7E722460EE05420FEF7CDFB07000ED00B
:101B9000206D47F001010843542120653846FFF7C6
:101BA0007AFD3A4629463046BDE8F0418CE70020F0
:101BB000D6E70000500000202DE9F04704464FF022
:101BC00000094FF0FF37C568D4E90486A80707D09D
:101BD000204600F005F930460EF0EAFD002802DA52
:101BE0003846BDE8F087280502D54046FEF7CAFB17
:101BF0004C212046FFF74FFD206D20F001002065AD
:101C00004846EEE710B50446AFF300802046BDE835
:101C10001040FEF760BB002801D00EF0EBBD70470E
:101C200010B500F03BF9BDE81040FFF7F4BF00002D
:101C300010B5012805D0002103A000F015F90120FE
:101C400010BD09A1F8E7000053494752544D454DD6
:101C50003A204F7574206F662068656170206D654D
:101C60006D6F7279000000003A2048656170206D48
:101C7000656D6F727920636F727275707465640040
:101C80002DE9F041044616460D464769007B800762
:101C90002ED038460EF0D4FD50BB3EB3012E02D0FC
:101CA000022E25D104E0204600F012F905441DE083
:101CB00038460EF0A3FDE168002841F01001E16014
:101CC00005DA204600F058F80120BDE8F081C9038C
:101CD0000BD56268E16A914200D81146A2691144AD
:101CE0002269891A814200DD08460544002D01DA87
:101CF0000220EAE7E16A6068E268814206D2910365
:101D0000E06203D522F4003141F01002A6690027F9
:101D1000AE4213DCE16A814201D90B4600E0034682
:101D200003EB060C2369ACEB030CAC4506DD8142EA
:101D300001D98C4600E084469C4505D1A760276008
:101D400042F02000A5620DE0AD1BE669AE1B8142AA
:101D5000A66000D90846C01A281A20605819606089
:101D600022F0200003490840E060002084F8487019
:101D7000ABE70000BFCFD7FFC16821F4001141F0ED
:101D80008001C16000218160016070472DE9F0474A
:101D9000814614460E464FF0FF383248D5685769E1
:101DA000054209D03846A1690EF0AEFD002811DBCE
:101DB0002C48C0430540E5602B463246494638462C
:101DC0000EF0C8FDA16920F00042B21A11440028AB
:101DD000A16103D02046FFF7CFFF4046BDE8F08762
:101DE00070B504460569C06A6168884200D8084633
:101DF000E16821F42011E160C90312D5A84208D09E
:101E00002246411B2846FFF7C1FF10B14FF0FF30BB
:101E100070BD0020E562C4E90150E06820F4803024
:101E2000E060002070BD10B50446C06820F02000BE
:101E3000E060A16AA06988420DD02046FFF7D0FF7C
:101E4000E06820F4405040F01000E060A06AA0611B
:101E50002069E062606044F24001E0688843E0602D
:101E600010BD00001000020070B505460C460A20A7
:101E700000E06D1C0EF0B8FD35B128780028F8D1CF
:101E800002E0641C0EF0B0FD14B120780028F8D1F7
:101E9000BDE870400A200EF0A7BD000010B5014655
:101EA00002A0FFF7E1FF012010BD00005349475297
:101EB000545245443A2052656469726563743A200D
:101EC00063616E2774206F70656E3A200000000019
:101ED00010B50146C268900703D0900607D5886AFE
:101EE0000AE0FEF799FE01210160881E10BD8B6992
:101EF000486818440B69C01A91F848301BB191F832
:101F00004910401A10BD1103FCD50028FADD401E0F
:101F100010BD032A40F2308010F0030C00F0158051
:101F200011F8013BBCF1020F624498BF11F801CBDC
:101F300000F8013B38BF11F8013BA2F1040298BF41
:101F400000F801CB38BF00F8013B11F003033EF469
:101F50000BAE083AC0F0088051F8043B083A51F83B
:101F600004CBA0E80810F5E7121D5CBF51F8043B54
:101F700040F8043BAFF30080D20724BF11F8013BC7
:101F800011F801CB48BF11F8012B24BF00F8013B29
:101F900000F801CB48BF00F8012B704753EA020C50
:101FA00000F069802DE9F04B4FF00006002B1FBFB9
:101FB000B3FA83F503FA05F424FA05F65E4012BF7E
:101FC0001643B2FA82F502FA05F4C5F120051EBFE8
:101FD00022FA05FC44EA0C04203556EA044C4FEA88
:101FE000144418BF641C4FF000084FF000099042E1
:101FF00071EB030C39D3002919BFB1FA81F701FA4B
:1020000007F6B0FA80F700FA07F6C7F120071EBFFF
:1020100020FA07FC46EA0C062037B6FBF4FCA7EBD7
:102020000507103F07F01F0BCBF120062CFA06F630
:102030000CFA0BFB44BFB3460026202FA4BF5E461C
:102040004FF0000B5BEA060C08BF4FF0010B19EBD9
:102050000B0948EB0608ABFB027C06FB02CC0BFB32
:1020600003CCC01B71EB0C01C1E70B460246414695
:102070004846BDE8F08B13B5084318BF4FF0FF305A
:102080000146AFF30080BDE81C40704702F0FF033B
:1020900043EA032242EA0242FFF7FFBA80B582B068
:1020A00001900198806B00900098006C10F0500F28
:1020B0003AD1FFE70098016C41F400710164009887
:1020C0000068806810F0405F2AD1FFE70098007E2A
:1020D00030BBFFE700980068C06A10F4700F07D0AB
:1020E000FFE70098006880684005002818D4FFE7E3
:1020F00000980068416821F0200141600098016C5F
:1021000021F4807101640098006CC004002806D49A
:10211000FFE70098016C41F001010164FFE7FFE770
:10212000009800F09DFB10E00098006CC0060028AD
:1021300004D5FFE7009800F09BFB05E00098806B5A
:10214000C16C01988847FFE7FFE702B080BD00003F
:1021500080B582B001900198806B0090009840217A
:1021600001640098416C41F004014164009800F062
:102170007FFB02B080BD000080B582B00190019865
:10218000806B0090009800F06FFB02B080BD0000F3
:1021900082B0019042F20030C4F201000090009839
:1021A000416821F4403141600198406800994A68D3
:1021B0001043486001980068416821F480714160D3
:1021C0000198016800694A6842EA00204860019865
:1021D0000068416821F040714160019801688068A1
:1021E0004A681043486001980068816821F40061E2
:1021F000816001980168C0688A681043886001980E
:10220000806A0121C0F60071884219D0FFE7019869
:102210000068816821F07061816001980168806ABE
:102220008A681043886001980068816821F04051F5
:10223000816001980168C06A8A68104388600CE078
:1022400001980068816821F07061816001980068E0
:10225000816821F040518160FFE701980068816842
:1022600021F0020181600198017E0068826842EAE3
:1022700041018160019890F82000C8B1FFE7019802
:102280000068416841F4006141600198006841685C
:1022900021F46041416001980168406A4EF20002F9
:1022A000CFF6FF7202EB40304A681043486006E008
:1022B00001980068416821F400614160FFE70198DE
:1022C0000068C16A21F47001C16201980168C069A7
:1022D0000022CFF6F07202EB0050CA6A1043C862C7
:1022E00001980068816821F400718160019890F87C
:1022F00030100068826842EA4121816001980068DC
:10230000816821F4806181600198016840698A6870
:1023100042EA8020886002B070470000FFE7FEE7D5
:1023200080B541F23410C2F2000000F079FD80BDAA
:1023300080B541F25420C2F2000000F071FD80BD72
:1023400080B540F28050C2F2000000F069FD80BD0F
:1023500080B541F2B420C2F2000000F061FD80BD02
:1023600080B540F2C060C2F2000000F059FD80BDAF
:1023700080B541F29410C2F2000000F051FD80BD22
:1023800080B541F2F410C2F2000000F049FD80BDBA
:1023900080B540F2E050C2F2000000F041FD80BD87
:1023A00082B001900198007810384AF6AB21CAF645
:1023B000AA21A0FB01010809009000984CF25B5192
:1023C000C0F60101085C0199C8650098042807D38C
:1023D000FFE701980168042262F30901816506E0C4
:1023E0000198016840F2FF3291438165FFE701984F
:1023F000806D02B07047000083B0029000208DF81D
:1024000007000298806A00900298806900BBFFE78D
:10241000009803281AD8DFE800F0020D021802988D
:1024200090F82F00C00720B1FFE701208DF80700CA
:10243000FFE70CE00298C06AB0F1C07F04D1FFE76B
:1024400001208DF80700FFE701E000E0FFE741E031
:1024500002988069B0F5005F23D1FFE70098032858
:102460001DD8DFE800F00206021101208DF80700F8
:1024700016E0029890F82F00C00720B1FFE7012076
:102480008DF80700FFE70BE00298C06AB0F1C07F4B
:1024900004D1FFE701208DF80700FFE700E0FFE728
:1024A00017E00098032803D3FFE7032804D00EE0C9
:1024B00001208DF807000BE0029890F82F00C0076C
:1024C00020B1FFE701208DF80700FFE700E0FFE7FC
:1024D000FFE7FFE79DF8070003B0704784B0039063
:1024E00002910192009303980068016821F4802111
:1024F0000160009803990968486003988068402843
:1025000009D1FFE701980399096888600298039947
:102510000968C86008E00298039909688860019812
:1025200003990968C860FFE704B0704710B582B02E
:10253000019000200090FFE700980F280CD8FFE7DB
:102540000198009900EB81000021C0F88414FFE796
:10255000009801300090EFE700200090FFE700981E
:102560000021B1EB502F0BD1FFE7019800990844EF
:10257000002180F81C12FFE7009801300090EEE780
:102580000198002404700198447001980121817021
:102590000198C0F8C44401980176019840228271E4
:1025A00001984476019880F81C44019880F81D1425
:1025B000019880F81F44019880F81E4401981C304F
:1025C0004FF40071FFF767F8019800F507704FF4BA
:1025D0000071FFF760F80198A0F83644C0F8324463
:1025E000C0F82E44C0F82A44C0F82644019800F5EB
:1025F00087603E21FFF74FF802B010BD7047000022
:1026000080B543F61440C4F201000068C0040028FD
:102610000FD5FFE743F61440C4F201004FF4805198
:10262000016040F21C40C2F20000006811F08AFB19
:10263000FFE780BD72B6FFE7FEE7000085B040F21D
:102640007C41C2F200010391029000200190FFE75B
:10265000039890F83C00012804D1FFE702208DF890
:102660001300F9E00398012180F83C10FFE7FFE731
:10267000029800680A281CD3FFE70298008800EB44
:1026800040001E38072101FA00F003990968CA6862
:1026900022EA0000C86002988168008800EB4000D0
:1026A0001E3801FA00F003990968CA681043C8602F
:1026B00019E00298008800EB4000072101FA00F0C1
:1026C000039909680A6922EA000008610298816892
:1026D000008800EB400001FA00F0039909680A69DC
:1026E00010430861FFE70298406806281CD8FFE7FE
:1026F0000298406800EB800005381F2101FA00F0C5
:10270000039909684A6B22EA00004863029801882D
:10271000406800EB8000053801FA00F00399096871
:102720004A6B104348633DE0029840680C281CD86F
:10273000FFE70298406800EB800023381F2101FA70
:1027400000F0039909680A6B22EA00000863029806
:102750000188406800EB8000233801FA00F00399FB
:1027600009680A6B104308631BE00298406800EB9D
:10277000800041381F2101FA00F003990968CA6AF4
:1027800022EA0000C86202980188406800EB8000DD
:10279000413801FA00F003990968CA6A1043C86217
:1027A000FFE7FFE742F20030C4F201000090039817
:1027B000006842F20001C4F2010188420BD1FFE738
:1027C00002980068122806D1FFE70098416841F49A
:1027D00080014160FFE70398006842F20001C4F203
:1027E000010188422ED1FFE702980068102805D029
:1027F000FFE702980068112824D1FFE7009841689C
:1028000041F40001416002980068102819D1FFE7E7
:1028100040F20C00C2F2000000684DF68361C4F281
:102820001B31A0FB0101880C00EB800040000190EF
:10283000FFE7019820B1FFE7019801380190F8E720
:10284000FFE7FFE7FFE70398002180F83C10FFE770
:1028500000208DF81300FFE79DF8130005B07047C6
:1028600081B0009001B0704781B0009001B0704716
:1028700081B0009001B0704780B584B040F27C40D8
:10288000C2F20000029000208DF80700029820B9E3
:10289000FFE701208DF80F0042E00298806A0121D5
:1028A000C0F60071884201D0FFE7FFE70298006C94
:1028B00050B9FFE7029800F037F802980021416410
:1028C000029880F83C10FFE70298006CC0060028D0
:1028D00017D4FFE70298006C40F0020020F4885003
:1028E000029908640298FFF753FC029800214164A2
:1028F0000298006C40F0010020F002000299086488
:1029000003E001208DF80700FFE7FFE702980021B0
:1029100080F83C10FFE79DF807008DF80F00FFE7F7
:102920009DF80F0004B080BD10B588B0079000205E
:10293000069005900490039002900798006842F278
:102940000001C4F2010188425AD1FFE7FFE70020ED
:10295000019043F64400C4F20200016841F4807122
:102960000160006800F4807001900198FFE7FFE7C4
:102970000020009043F63000C4F20200016841F0EC
:1029800002010160006800F0020000900098FFE77B
:1029900001200290032003900024049440F20040A0
:1029A000C4F2020002A900F005FD40F2C440C2F2E8
:1029B000000046F21041C4F20201016044608460EC
:1029C000C4604FF4806101614FF4006141614FF4D4
:1029D000005181614FF48071C1610462446200F072
:1029E000B5FB10B1FFE7FFF725FEFFE7079840F2C0
:1029F000C441C2F20001816307988863FFE7FFE7E3
:102A000008B010BD80B586B040F27C40C2F2000034
:102A1000049047F61400C2F20100039002200290D5
:102A200000200190FFE7049890F83C00012804D1B1
:102A3000FFE702208DF817000BE10498012180F8D0
:102A40003C10FFE7FFE7049800688068C007F0B912
:102A5000FFE704980068816841F00101816040F25D
:102A60000C00C2F2000000684DF68361C4F21B3115
:102A7000A0FB0101880C00EB40000190FFE70198EA
:102A800020B1FFE7019801380190F8E7FFE70498CB
:102A900000688068C005002807D5FFE70498006833
:102AA000816821F480718160FFE704980068806884
:102AB000C007002800F0BE80FFE70498006C40F4D7
:102AC000807040F2016188430499086404980068AA
:102AD00040684005002809D5FFE70498006C40F4E1
:102AE000805020F4005004990864FFE70498006CBB
:102AF000C004002806D5FFE70498416C21F00601C8
:102B0000416403E0049800214164FFE7FFE7049873
:102B1000002180F83C10FFE742F20030C4F20100CF
:102B200000900498806B42F29D01C0F60001C163E1
:102B30000498806B42F27911C0F600010164049898
:102B4000806B42F25111C0F60001C1640498006824
:102B50006FF02201016004980068416841F08061D3
:102B6000416004980068816841F480718160049834
:102B70000168806B4C31039A029B00F09FFB009828
:102B80004068C006E8BBFFE70498006842F2000115
:102B9000C4F20101884224D0FFE70498006842F2A1
:102BA0000011C4F20101884208D1FFE742F204306B
:102BB000C4F201000068C00698B1FFE704980068FD
:102BC00042F20021C4F20101884219D1FFE742F22A
:102BD0000430C4F20100006800F01F000F280FD875
:102BE000FFE704980068806810F0405F07D1FFE7B6
:102BF00004980068816841F080418160FFE7FFE749
:102C000017E00498006842F20001C4F20101884212
:102C10000ED1FFE704980068806810F0405F07D18C
:102C2000FFE704980068816841F080418160FFE718
:102C3000FFE70AE00498016C41F010010164049878
:102C4000416C41F001014164FFE700208DF817005D
:102C5000FFE706B080BD000080B582B040F224508E
:102C6000C2F200000090009820B9FFE701208DF823
:102C7000070011E00098407938B9FFE7009800217B
:102C80000171009800F00CF8FFE7009801214171F4
:102C900000208DF80700FFE79DF8070002B080BD17
:102CA00082B001900198006843F20001C4F2020171
:102CB000884212D1FFE7FFE70020009043F6300082
:102CC000C4F20200016841F480510160006800F420
:102CD000805000900098FFE7FFE702B070470000C7
:102CE00080B584B002900298806D019000F05EFD86
:102CF0000090029890F8350002280DD0FFE7029866
:102D000080214165FFE70298002180F83410FFE739
:102D100001208DF80F0056E002980068016821F04C
:102D20001601016002980068416921F0800141614B
:102D30000298006C20B9FFE70298806C38B1FFE779
:102D400002980068016821F008010160FFE702981D
:102D50000068016821F001010160FFE70298006846
:102D60000068C007C8B1FFE700F020FD0099401AD5
:102D7000062811D3FFE7029820214165029803211C
:102D800080F83510FFE70298002180F83410FFE743
:102D900003208DF80F0016E0E0E70298C06D3F2198
:102DA00001FA00F0019988600298012180F835103D
:102DB000FFE70298002180F83410FFE7FFE70020CA
:102DC0008DF80F00FFE79DF80F0004B080BD0000F4
:102DD00082B00090009890F83500022807D0FFE7F5
:102DE00000988021416501208DF807000EE00098D1
:102DF000052180F8351000980068016821F0010174
:102E00000160FFE700208DF80700FFE79DF807004D
:102E100002B0704781B000900098406D01B07047DB
:102E200080B586B005900020039040F20C00C2F2FD
:102E30000000006848F2B511C1F64E31A0FB010157
:102E4000880A02900598806D0190019800680490AE
:102E500004980599C96DC840000700281BD5FFE7F5
:102E60000598006800684007002813D5FFE705981B
:102E70000068016821F0040101600598C06D082117
:102E800001FA00F0019988600598416D41F0010157
:102E90004165FFE7FFE704980599C96DC840C00781
:102EA000A8B1FFE7059800684069000600280DD525
:102EB000FFE70598C06D012101FA00F001998860D3
:102EC0000598416D41F002014165FFE7FFE7049875
:102ED0000599C96DC8404007002815D5FFE705983A
:102EE00000680068800700280DD5FFE70598C06DD1
:102EF000042101FA00F0019988600598416D41F0C4
:102F000004014165FFE7FFE704980599C96DC840D2
:102F1000C006002848D5FFE705980068006800074C
:102F2000002840D5FFE70598C06D102101FA00F098
:102F300001998860059800680068400300281AD548
:102F4000FFE70598006800680003002809D4FFE740
:102F50000598006C20B1FFE70598016C8847FFE7F2
:102F600008E00598806C20B1FFE70598816C8847E0
:102F7000FFE7FFE716E0059800680068C005002835
:102F800007D4FFE705980068016821F00801016097
:102F9000FFE70598006C20B1FFE70598016C8847B2
:102FA000FFE7FFE7FFE7FFE704980599C96DC84011
:102FB0008006002840F18F80FFE7059800680068D0
:102FC000C006002840F18680FFE70598C06D2021EB
:102FD00001FA00F001998860059890F835000528FD
:102FE00035D1FFE705980068016821F016010160FE
:102FF00005980068416921F0800141610598006CE5
:1030000020B9FFE70598806C38B1FFE705980068A4
:10301000016821F008010160FFE70598C06D3F21BC
:1030200001FA00F0019988600598012180F83510B7
:10303000FFE70598002180F83410FFE70598006D40
:1030400020B1FFE70598016D8847FFE77CE0059810
:1030500000680068400300281AD5FFE7059800685B
:1030600000680003002809D4FFE70598406C20B1F0
:10307000FFE70598416C8847FFE708E00598C06BBB
:1030800020B1FFE70598C16B8847FFE7FFE720E025
:10309000059800680068C005002811D4FFE705986E
:1030A0000068016821F0100101600598012180F895
:1030B0003510FFE70598002180F83410FFE7FFE79F
:1030C0000598C06B20B1FFE70598C16B8847FFE703
:1030D000FFE7FFE7FFE70598406DA8B3FFE7059816
:1030E000406DC00738B3FFE70598052180F835101B
:1030F00005980068016821F001010160FFE703986D
:10310000013003900299884201D9FFE708E0FFE708
:10311000059800680068C0070028F0D1FFE7FFE7C6
:103120000598012180F83510FFE70598002180F807
:103130003410FFE7FFE70598C06C20B1FFE7059862
:10314000C16C8847FFE7FFE706B080BD80B586B059
:1031500004900020039000F029FB0290049820B90D
:10316000FFE701208DF81700A3E00498406A08B13A
:10317000FFE7FFE70498022180F83510FFE7049885
:10318000002180F83410FFE704980068016821F0FE
:1031900001010160FFE7049800680068C00790B172
:1031A000FFE700F003FB0299401A06280AD3FFE765
:1031B0000498202141650498032180F835108DF88A
:1031C000171076E0E7E7049800680068039003981A
:1031D00048F23F01CFF21001084003900498D0F864
:1031E00004C08268C368016942EA0C021A431143B1
:1031F0004269114382691143C2691143006A08435D
:103200000399084303900498406A042808D1FFE713
:103210000498C16A006B0843039908430390FFE7D1
:10322000039804990968086004980068406903904D
:10323000039820F0070003900498406A039908431C
:1032400003900498406A04281AD1FFE70498806A22
:103250000399084303900498C06A80B1FFE704987B
:10326000FFF7CAF850B1FFE7049840214165049880
:10327000012180F835108DF817101AE0FFE7FFE7FD
:1032800003980499096848610498FFF789F8019048
:103290000498C06D3F2101FA00F0019988600498FC
:1032A000002141650498012280F835208DF817101F
:1032B000FFE79DF8170006B080BD000080B588B01C
:1032C000069005910492039300208DF80B00069858
:1032D000806D0190FFE7069890F83400012804D132
:1032E000FFE702208DF81F0046E00698012180F8D4
:1032F0003410FFE7FFE7069890F8350001282CD13D
:10330000FFE70698022180F83510069800214165F4
:1033100006980599049A039BFFF7E0F80698C06D9C
:103320003F2101FA00F00199886006980068016861
:1033300041F0160101600698006C38B1FFE706986D
:103340000068016841F008010160FFE70698006825
:10335000016841F00101016009E0FFE706980021E2
:1033600080F83410FFE702208DF80B00FFE79DF88E
:103370000B008DF81F00FFE708B080BD80B584B05A
:10338000039000F013FA0290039801900198013025
:1033900020B1FFE7019801300190FFE7FFE700F05F
:1033A00005FA0299401A0199884201D2FFE7F6E72F
:1033B00004B080BD87B00690059100200390029074
:1033C00001900490FFE704980F2800F2BC81FFE70A
:1033D0000498012101FA00F0039005980068039910
:1033E0000840029002980399884240F0A781FFE7C5
:1033F0000598406800F00300012807D0FFE7059812
:10340000406800F0030002282FD1FFE7069880688B
:10341000019004984000032101FA00F0019921EA8B
:10342000000001900598C0680499490088400199FE
:1034300008430190019806998860069840680190B9
:103440000498012101FA00F0019921EA000001909D
:1034500005984068C0F3001004998840019908431A
:103460000190019806994860FFE70598406800F0D0
:103470000300032818D0FFE70698C068019004985D
:103480004000032101FA00F0019921EA00000190B7
:103490000598806804994900884001990843019083
:1034A00001980699C860FFE70598406800F003009E
:1034B000022826D1FFE7069804996FF0030202EA7A
:1034C00051010844006A0190049800F00700800050
:1034D0000F2101FA00F0019921EA000001900598FE
:1034E0000069049901F007018900884001990843A7
:1034F000019001980699049B02EA53021144086264
:10350000FFE706980068019004984000032101FA43
:1035100000F0019921EA000001900598406800F050
:1035200003000499490088400199084301900198DB
:1035300006990860059880798007002800F0FD80D2
:10354000FFE7FFE70020009043F64400C4F20200CA
:10355000016841F480410160006800F480400090FF
:103560000098FFE7049820F0030043F60801C4F236
:10357000010140580190049800F0030080000F21E1
:1035800001FA00F0019921EA00000190069800215B
:10359000C4F20201884202D1FFE700204BE0069806
:1035A00040F20041C4F20201884202D1FFE701204B
:1035B00040E0069840F60001C4F20201884202D1C0
:1035C000FFE7022035E0069840F60041C4F2020110
:1035D000884202D1FFE703202AE0069841F2000169
:1035E000C4F20201884202D1FFE704201FE00698DE
:1035F00041F20041C4F20201884202D1FFE70520F6
:1036000014E0069841F60001C4F20201884202D19A
:10361000FFE7062009E0069941F60042C4F20202E3
:103620000820914208BF0720FFE7FFE7FFE7FFE719
:10363000FFE7FFE7FFE7C0B2049901F0030189004B
:1036400088400199084301900198049921F00301F1
:1036500043F60802C4F20102885043F60840C4F25F
:103660000100006801900298019921EA0000019090
:1036700005988079C006002805D5FFE702980199D2
:1036800008430190FFE7019843F60841C4F20101A5
:10369000086043F60C40C4F20100006801900298F3
:1036A000019921EA000001900598807980060028A0
:1036B00005D5FFE70298019908430190FFE70198BB
:1036C00043F60C41C4F20101086043F60440C4F221
:1036D0000100006801900298019921EA0000019020
:1036E000059880798007002805D5FFE702980199A1
:1036F00008430190FFE7019843F60441C4F2010139
:10370000086043F60040C4F201000068019002988E
:10371000019921EA0000019005988079C00728B13D
:10372000FFE70298019908430190FFE7019843F6EB
:103730000041C4F201010860FFE7FFE7FFE70498DA
:10374000013004903FE607B07047000082B001905E
:10375000ADF8021001980069BDF80210084204D0CB
:10376000FFE701208DF8010003E000208DF8010043
:10377000FFE79DF8010002B07047000082B00190A1
:10378000ADF802108DF801209DF8010028B1FFE787
:10379000BDF802000199886105E0BDF8020000044F
:1037A00001998861FFE702B07047000041F2CC3018
:1037B000C2F200000068704780B582B001900198A5
:1037C000D0F8DC030AF076FD02B080BD80B582B08F
:1037D00001900198D0F8DC030AF088FD02B080BDAA
:1037E00080B582B04CF65450C2F2000001900198AE
:1037F00000680BF0BDFF02B080BD000080B582B054
:103800000190019800680BF0BDFF02B080BD000080
:1038100082B001908DF8031001989DF80310C1EB60
:10382000011100EB81000021817601989DF80320B1
:10383000C2EB021200EB8200C17601989DF80320D2
:10384000C2EB021200EB820080F8251001989DF86F
:103850000320C2EB021200EB820080F8241002B0B9
:103860007047000082B001908DF8031001989DF818
:103870000310C1EB011100EB810090F84C0002B085
:103880007047000082B001908DF8031001989DF8F8
:103890000310C1EB011100EB8100806B02B0704797
:1038A00080B584B002908DF8071000208DF80600D6
:1038B000FFE7029890F8D403012804D1FFE7022023
:1038C0008DF80F0016E00298012180F8D413FFE76D
:1038D000FFE7029800689DF807100BF06BFFFFE709
:1038E0000298002180F8D413FFE79DF806008DF8B8
:1038F0000F00FFE79DF80F0004B080BD10B58AB03F
:10390000DDF838C0DDF834E00C9C08908DF81F100D
:103910008DF81E208DF81D308DF81C408DF81BE0B1
:10392000ADF818C0BDF818000390FFE7089890F8AC
:10393000D403012804D1FFE702208DF82700A6E078
:103940000898012180F8D413FFE7FFE708989DF855
:103950001F10C1EB011100EB8100002141769DF8A1
:103960001D0008999DF81F20C2EB021201EB820195
:1039700008759DF81F000899C0EB001201EB820149
:1039800048759DF81B0008999DF81F20C2EB021294
:1039900001EB820181F826009DF81E0000F07F00F7
:1039A00008999DF81F20C2EB021201EB8201887575
:1039B00008989DF81F10FFF72BFF9DF81E000006CA
:1039C00000280AD5FFE708989DF81F10C1EB0111E8
:1039D00000EB81000121C17509E008989DF81F10D6
:1039E000C1EB011100EB81000021C175FFE70898D0
:1039F00000680BF0C7FE04909DF81B00012811D150
:103A0000FFE79DF81C0001280BD1FFE7049840B99F
:103A1000FFE70398BD2803D3FFE7BC200390FFE72F
:103A2000FFE7FFE79DF81C0008999DF81F20C2EBF7
:103A3000021201EB82010876039808999DF81F2075
:103A4000C2EB021201EB82010885089800689DF81C
:103A50001F109DF81E209DF81D309DF81CC09DF87C
:103A60001BE0BDF80C400294CDF804E0CDF800C096
:103A70000BF08EFF8DF81700FFE70898002180F803
:103A8000D413FFE79DF817008DF82700FFE79DF896
:103A900027000AB010BD000080B582B001908DF8FB
:103AA00003108DF802200198D0F8DC030AF0E0FC46
:103AB00002B080BD10B584B0DDF824C0DDF820E090
:103AC000079C069C03908DF80B108DF80A208DF84A
:103AD00009308DF80840ADF806E08DF805C09DF876
:103AE0000A0003999DF80B20C2EB021201EB820140
:103AF000C8759DF8090003999DF80B20C2EB0212CE
:103B000001EB820181F826009DF80800A8B9FFE7C3
:103B100003989DF80B10C1EB011100EB810003210C
:103B200080F82A109DF8050003999DF80B20C2EB40
:103B3000021201EB820148760AE003989DF80B100F
:103B4000C1EB011100EB8100022180F82A10FFE790
:103B50009DF80900032800F20D81DFE810F0040051
:103B600000016E00B7009DF80800012864D1FFE74E
:103B70009DF80A0088BBFFE7BDF8060058B9FFE7CB
:103B800003989DF80B10C1EB011100EB810001219E
:103B900080F83D10FFE703989DF80B10C1EB011171
:103BA00000EB810090F83D0058B9FFE703989DF8BD
:103BB0000B10C1EB011100EB8100002180F82A10ED
:103BC0000AE003989DF80B10C1EB011100EB810096
:103BD000022180F82A10FFE72DE003989DF80B10D2
:103BE000C1EB011100EB8100807E012822D1FFE7AB
:103BF00003989DF80B10C1EB011100EB810090F8C8
:103C00003C0058B9FFE703989DF80B10C1EB011178
:103C100000EB8100002180F82A100AE003989DF84B
:103C20000B10C1EB011100EB8100022180F82A107A
:103C3000FFE7FFE7FFE7FFE79DE09DF80A0010BB05
:103C4000FFE703989DF80B10C1EB011100EB810019
:103C500090F83D0058B9FFE703989DF80B10C1EBB1
:103C6000011100EB8100002180F82A100AE003987E
:103C70009DF80B10C1EB011100EB8100022180F8CF
:103C80002A10FFE721E003989DF80B10C1EB01110A
:103C900000EB810090F83C0058B9FFE703989DF8CD
:103CA0000B10C1EB011100EB8100002180F82A10FC
:103CB0000AE003989DF80B10C1EB011100EB8100A5
:103CC000022180F82A10FFE7FFE754E09DF80A0080
:103CD00010BBFFE703989DF80B10C1EB011100EB3F
:103CE000810090F83D0058B9FFE703989DF80B104C
:103CF000C1EB011100EB8100002180F82A100AE0DD
:103D000003989DF80B10C1EB011100EB810002211B
:103D100080F82A10FFE721E003989DF80B10C1EB13
:103D2000011100EB810090F83C0058B9FFE70398BF
:103D30009DF80B10C1EB011100EB8100002180F810
:103D40002A100AE003989DF80B10C1EB011100EB5B
:103D50008100022180F82A10FFE7FFE70BE00398BB
:103D60009DF80B10C1EB011100EB8100002180F8E0
:103D70002A1000E0FFE7079803999DF80B20C2EB9B
:103D8000021201EB8201C862BDF8060003999DF89A
:103D90000B20C2EB021201EB8201486303989DF8ED
:103DA0000B10C1EB011100EB8100002180F84C10D9
:103DB00003989DF80B20C2EB021200EB8200816396
:103DC0009DF80B00039AC0EB001302EB83025075C1
:103DD00003989DF80B20C2EB021200EB820080F8E2
:103DE0004D10039A10689DF80B10C1EB011102EB06
:103DF0008101143192790BF0EDFE04B010BD00008A
:103E000080B586B04CF65450C2F20000059005987B
:103E10000068049004980390059800680BF0C2FCB9
:103E2000012840F0E080FFE7059800680CF030FAC8
:103E300008B9FFE7D7E0059800680CF029FA80027E
:103E4000002806D5FFE7059800684FF4001141618E
:103E5000FFE7059800680CF01BFAC002002806D5A1
:103E6000FFE7059800684FF480114161FFE705986E
:103E700000680CF00DFA4001002806D5FFE7059810
:103E800000684FF080614161FFE7059800680CF021
:103E9000FFF98007002805D5FFE705980068022193
:103EA0004161FFE7059800680CF0F2F980000028F6
:103EB00021D5FFE7059800684FF000514161039854
:103EC000D0F84004C007A8B9FFE704980BF012FC33
:103ED00004980BF0D5FB0598407A022806D1FFE73D
:103EE0000598006801210CF07FF9FFE70598FFF7BE
:103EF0006DFCFFE7FFE7059800680CF0C9F9C00109
:103F0000002804D5FFE7059805F0F4FAFFE70598C7
:103F100000680CF0BDF90007002808D5FFE70598F8
:103F200000F050F90598006808214161FFE7059805
:103F300000680CF0ADF98001002838D5FFE705983E
:103F400000680BF03DFE019000200290FFE7029810
:103F500005994979884224D2FFE70198029901F036
:103F60000F01C840C007B8B1FFE70398029900EB02
:103F70004110D0F800050004002806D5FFE7059899
:103F80009DF8081004F09CF805E005989DF80810CD
:103F900004F076FEFFE7FFE7FFE7029801300290AA
:103FA000D5E7059800684FF000714161FFE705987B
:103FB00000680CF06DF900F010000021B1EB101F4B
:103FC00010D0FFE705980068816921F01001816138
:103FD000059805F001FB05980068816941F0100122
:103FE0008161FFE7FFE706B080BD000080B58CB0BF
:103FF0004CF65450C2F200000A900A9820B9FFE72C
:1040000001208DF82F0072E00A98006809900A9844
:1040100090F8D50340B9FFE70A98002180F8D4133F
:104020000A9800F069F8FFE70A98032180F8D51391
:104030000998B0F1A04F04D1FFE70A9800218171DF
:10404000FFE70A9800680BF0A5FA0A9908680A7C4D
:104050008DF820204A688B68C968079106930592FD
:104060000599069A079BDDF820C0CDF800C00BF03B
:10407000E9F940B1FFE70A98022180F8D513012041
:104080008DF82F0033E00A9800680CF08DF940B1EC
:10409000FFE70A98022180F8D51301208DF82F0040
:1040A00025E00A9908680A7C8DF810204A688B6818
:1040B000C9680391029301920199029A039BDDF86A
:1040C00010C0CDF800C00BF0CDFF40B1FFE70A985B
:1040D000022180F8D51301208DF82F0007E00A98FF
:1040E000012180F8D51300208DF82F00FFE79DF8FF
:1040F0002F000CB080BD000080B588B00790002074
:1041000006900590049003900290079800680021A3
:10411000C4F20401884235D1FFE7FFE70020019097
:1041200043F63000C4F20200016841F00201016070
:10413000006800F0020001900198FFE74FF4404052
:1041400002900220039000200490032005900C2090
:10415000069040F20040C4F2020002A9FFF72AF9DB
:10416000FFE70020009043F63000C4F2020001682F
:1041700041F000510160006800F00050009000988C
:10418000FFE7FFE708B080BD80B582B001900198DD
:10419000D0F8DC030AF0B8F902B080BD80B582B077
:1041A00001900198D0F8DC030AF0B6F902B080BDA6
:1041B00080B582B00190019800680CF0D1F802B08F
:1041C00080BD000080B582B001900198D0F8DC037A
:1041D0000AF00EF902B080BD80B582B00090FFE712
:1041E000009890F8D403012804D1FFE702208DF84D
:1041F000070017E00098012180F8D413FFE7FFE7DC
:10420000009800680BF0FEF9009800680BF02EFA99
:10421000FFE70098002180F8D413FFE700208DF815
:104220000700FFE79DF8070002B080BD80B582B0AF
:104230000090FFE7009890F8D403012804D1FFE72D
:1042400002208DF8070013E00098012180F8D413B4
:10425000FFE7FFE7009800680CF00EF9FFE7009811
:10426000002180F8D413FFE700208DF80700FFE756
:104270009DF8070002B080BD80B584B040F22C509C
:10428000C2F200000290029820B9FFE701208DF8E9
:104290000F002AE1029890F83D0040B9FFE702982C
:1042A000002180F83C10029800F04CFCFFE70298D7
:1042B000242180F83D1002980068016821F0010176
:1042C000016002980068016841F4004101600298B1
:1042D0000068016821F40041016000F025FF0090B2
:1042E0000298406848F2A061C0F2010188420AD8F1
:1042F000FFE7009948F28042C0F21E02002091427E
:1043000038BF012009E0009940F60012C0F23D02DA
:104310000020914238BF0120FFE7012804D1FFE7C8
:1043200001208DF80F00E0E000984DF68361C4F2A3
:104330001B31A0FB0101880C0190029800684068C5
:1043400020F03F00019908430299096848600298EB
:104350000068006A20F03F000299496848F2A062B4
:10436000C0F20102914203D8FFE7019901310DE04B
:1043700001994FF49672514344F6D352C1F262024E
:10438000A1FB0212012101EB9211FFE70843029900
:104390000968086202980068C0694CF6FF7188439A
:1043A0000299496848F2A062C0F2010291421BD80A
:1043B000FFE700990139029A52685200B1FBF2F10D
:1043C00001316FF31F31032902D8FFE704210AE00E
:1043D00000990139029A52685200B1FBF2F10131A1
:1043E0006FF31F31FFE742E00299896861B9FFE787
:1043F00000990139029A526802EB4202B1FBF2F1D4
:1044000001316FF31F310CE000990139029A5268B3
:1044100019235A43B1FBF2F10131042262F31F3137
:10442000FFE7090511B9FFE701211FE0029989683B
:1044300061B9FFE700990139029A526802EB420222
:10444000B1FBF2F101316FF31F310CE0009901393A
:10445000029A526819235A43B1FBF2F10131042246
:1044600062F31F31FFE741F40041FFE7FFE7084334
:1044700002990968C86102980068006820F0C000CD
:1044800002990A68CB69096A1943084310600298C7
:104490000068806848F2FF31884302990A68CB6857
:1044A000096919430843906002980068C06820F0C9
:1044B000FF0002990A684B69896919430843D06073
:1044C00002980068016841F0010101600298002132
:1044D00001640298202280F83D200298016302982E
:1044E00080F83E108DF80F10FFE79DF80F0004B024
:1044F00080BD000080B58EB0DDF840C040F22C5C7D
:10450000C2F2000CCDF830C0ADF82E00ADF82C1082
:104510000120ADF82A000992ADF82230FFF746F9E4
:1045200007900C9890F83D00202840F0FC81FFE7B0
:104530000C98079900910221C0F210010122192361
:1045400005F002FB20B1FFE702208DF83700EEE115
:10455000FFE70C9890F83C00012804D1FFE7022007
:104560008DF83700E3E10C98012180F83C10FFE75B
:10457000FFE70C9800680068C00738B9FFE70C989F
:104580000068016841F001010160FFE70C980068D4
:10459000016821F4006101600C98222180F83D102F
:1045A0000C98402180F83E100C9800210164099875
:1045B0000C994862BDF822000C9948850C98408DF2
:1045C0000C9908850C980021CFF6FF71C1620C98F8
:1045D000BDF82E10BDF82C20BDF82A30DDF840C003
:1045E000DDF81CE0CDF804E0CDF800C005F0D2F80D
:1045F00020B1FFE701208DF8370098E10C98008D7D
:10460000A0B9FFE7FFE7002006900C98006840691A
:1046100006900C980068806906900698FFE70C9851
:104620000068016841F4007101604DE00C98008D54
:1046300001281AD1FFE70C980068016821F4806115
:104640000160FFE7002005900C9800684069059024
:104650000C980068806905900598FFE70C98006841
:10466000016841F4007101602DE00C98008D022872
:104670001AD1FFE70C980068016821F4806101609D
:104680000C980068016841F400610160FFE70020B8
:1046900004900C980068406904900C980068806948
:1046A00004900498FFE70DE0FFE7002003900C98CA
:1046B0000068406903900C98006880690390039833
:1046C000FFE7FFE7FFE7FFE7FFE70C98008D002813
:1046D00000F01781FFE70C98008D032800F2C980D5
:1046E000FFE70C98008D01281ED1FFE70C98109968
:1046F000079A05F04FFB20B1FFE701208DF8370046
:1047000015E10C98006800690C99496A08700C98CA
:10471000416A013141620C98018D013901850C9883
:10472000418D01394185A3E00C98008D02283BD1D1
:10473000FFE70C98109B079900910421C0F201013A
:10474000002205F001FA20B1FFE701208DF83700C3
:10475000EDE00C980068016841F4007101600C986C
:10476000006800690C99496A08700C98416A013127
:1047700041620C98018D013901850C98418D0139F8
:1047800041850C98006800690C99496A08700C987A
:10479000416A013141620C98018D013901850C9803
:1047A000418D0139418562E00C98109B0799009179
:1047B0000421C0F20101002205F0C6F920B1FFE793
:1047C00001208DF83700B2E00C980068016821F4F0
:1047D000806101600C98006800690C99496A087052
:1047E0000C98416A013141620C98018D01390185B3
:1047F0000C98418D013941850C98109B07990091C7
:104800000421C0F20101002205F09EF920B1FFE76A
:1048100001208DF837008AE00C980068016841F4A7
:10482000007101600C98006800690C99496A087071
:104830000C98416A013141620C98018D0139018562
:104840000C98418D013941850C98006800690C99DC
:10485000496A08700C98416A013141620C98018DD7
:10486000013901850C98418D01394185FFE7FFE74A
:1048700046E00C981099079A05F08CFA20B1FFE7F2
:1048800001208DF8370052E00C98006800690C99FF
:10489000496A08700C98416A013141620C98018D97
:1048A000013901850C98418D013941850C980068CA
:1048B000406900F004000121B1EB900F1FD1FFE728
:1048C0000C98008D032807D1FFE70C980068016859
:1048D00021F480610160FFE70C98006800690C9981
:1048E000496A08700C98416A013141620C98018D47
:1048F000013901850C98418D01394185FFE7FFE7BA
:10490000E3E60C98202180F83D100C98002180F8F7
:104910003E10FFE70C98002180F83C10FFE70020D4
:104920008DF8370003E002208DF83700FFE70EB066
:1049300080BD000080B58AB040F22C5CC2F2000C51
:10494000CDF820C0ADF81E00ADF81C100120ADF868
:104950001A000592ADF812000393FEF727FF0290AC
:10496000089890F83D00202840F0E580FFE708987F
:10497000029900910221C0F210010122192305F0D1
:10498000E3F820B1FFE702208DF82700D7E0FFE72A
:10499000089890F83C00012804D1FFE702208DF828
:1049A0002700CCE00898012180F83C10FFE7FFE7E2
:1049B000089800680068C00738B9FFE708980068E1
:1049C000016841F001010160FFE708980068016893
:1049D00021F4006101600898212180F83D100898B9
:1049E000402180F83E10089800210164059808993C
:1049F0004862BDF81200089948850898408D0899CA
:104A0000088508980021CFF6FF71C1620898BDF8AB
:104A10001E10BDF81C20BDF81A30DDF80CC0DDF802
:104A200008E0CDF804E0CDF800C004F09DFF20B10F
:104A3000FFE701208DF8270081E0FFE70898008D4F
:104A4000002849D0FFE708980399029A05F010FA68
:104A500080B1FFE70898006C042807D1FFE70898A9
:104A60000068016841F400710160FFE701208DF8E2
:104A7000270064E008980168406A00780861089897
:104A8000416A013141620898018D01390185089818
:104A9000418D0139418508980068406900F00400A3
:104AA0000121B1EB900F16D1FFE70898008D90B16E
:104AB000FFE708980168406A007808610898416A31
:104AC000013141620898018D013901850898418DB5
:104AD00001394185FFE7B1E708980399029A04F08C
:104AE000DDFF80B1FFE70898006C042807D1FFE7DD
:104AF00008980068016841F400710160FFE7012037
:104B00008DF827001BE008980068016841F40071E7
:104B100001600898202180F83D100898002180F855
:104B20003E10FFE70898002180F83C10FFE70020C6
:104B30008DF8270003E002208DF82700FFE70AB078
:104B400080BD000080B588B00790002006900590D9
:104B50000490039002900798006845F60001C4F2A3
:104B60000001884240F08980FFE7FFE700200190C4
:104B700043F63000C4F20200016841F00201016016
:104B8000006800F0020001900198FFE74FF44060D8
:104B9000029012200390012004900320059004202D
:104BA000069040F20040C4F2020002A9FEF702FCA7
:104BB000FFE70020009043F64000C4F202000168C5
:104BC00041F480010160006800F4800000900098CA
:104BD000FFE740F28050C2F2000046F24001C4F20A
:104BE000020101604FF06061416000218160C1609D
:104BF0004FF48062026141618161C1614FF44032D2
:104C000002624162FEF7A2FA10B1FFE7FDF712FD62
:104C1000FFE7079840F28051C2F2000181630798D4
:104C20008863FFE740F2E050C2F2000046F2B801AC
:104C3000C4F2020101604FF0606141604021816077
:104C40000021C1604FF48062026141618161C161F4
:104C50004FF4403202624162FEF778FA10B1FFE78A
:104C6000FDF7E8FCFFE7079840F2E051C2F20001CF
:104C7000416307988863FFE7FFE708B080BD000045
:104C800041F2CC30C2F2000001680131016070478E
:104C900080B543F60040C4F20200016841F400719F
:104CA0000160016841F480610160016841F4807134
:104CB000016000F0C7F8002000F004F800F074F87C
:104CC00080BD000080B58CB00B9000200490039054
:104CD000FFE70020009043F64000C4F202000168A4
:104CE00041F480710160006800F4807000900098C9
:104CF000FFE706A802A900F0E7F9099804900498D4
:104D000020B9FFE700F010FA059004E000F00CFA7B
:104D100040000590FFE705984DF68361C4F21B3112
:104D2000A0FB01014FF0FF3000EB9140039041F2F6
:104D30001830C2F2000042F20001C4F2000101602A
:104D400040F2E731C1600399416000210161816057
:104D5000816101F05FF88DF807009DF8070000BB46
:104D6000FFE701F079F98DF807009DF80700B8B961
:104D7000FFE72D2000F044F80B980F280BD8FFE731
:104D80000B992D2000F046F80B9840F21001C2F26A
:104D90000001086003E001208DF80700FFE7FFE74E
:104DA000FFE70CB080BD000080B582B0FFE70020B7
:104DB000019043F64400C4F20200016841F48041CE
:104DC0000160006800F4804001900198FFE7FFE770
:104DD0000020009043F64000C4F20200016841F058
:104DE00080510160006800F0805000900098FFE75B
:104DF0006FF001000F2100F00DF802B080BD00003F
:104E000080B582B08DF807009DF907000BF04AFCD1
:104E100002B080BD10B584B08DF80F000291002063
:104E2000019000900BF058FC00909DF90F40009805
:104E30000299019A06F096F8014620460BF054FCC0
:104E400004B010BD80B582B00320019001980BF032
:104E500091FC02B080BD000080B584B002900520B6
:104E60000190029820B9FFE701208DF80F0021E1A1
:104E7000019843F60041C4F20201096801F00701FC
:104E8000884212D9FFE7019843F60041C4F20201BB
:104E90000870086800F007000199884204D0FFE715
:104EA00001208DF80F0005E1FFE7029800788007E8
:104EB00000282AD5FFE7029800784007002809D586
:104EC000FFE743F60800C4F20200016841F4E05134
:104ED0000160FFE7029800780007002809D5FFE786
:104EE00043F60800C4F20200016841F46041016029
:104EF000FFE743F60800C4F20200016821F0F00168
:104F0000029A926811430160FFE702980078C00797
:104F100000286ED0FFE702984068012811D1FFE712
:104F200043F60000C4F20200006800F400300021E3
:104F3000B1EB504F04D1FFE701208DF80F00B9E02D
:104F40002CE002984068022805D0FFE702984068EC
:104F5000032811D1FFE743F60000C4F20200006805
:104F600000F000700021B1EB506F04D1FFE7012089
:104F70008DF80F009EE010E043F60000C4F202003E
:104F8000006800F002000021B1EB500F04D1FFE7F0
:104F900001208DF80F008DE0FFE7FFE743F60800E2
:104FA000C4F20200016821F00301029A5268114321
:104FB0000160FEF7FBFB0090FFE743F60800C4F238
:104FC0000200006800F00C0002994968B0EB810F04
:104FD0000ED0FFE7FEF7EAFB0099401A41F2893153
:104FE000884204D3FFE703208DF80F0062E0E4E776
:104FF000FFE7019843F60041C4F20201096801F09D
:105000000701884212D2FFE7019843F60041C4F23B
:1050100002010870086800F007000199884204D076
:10502000FFE701208DF80F0044E0FFE702980078C9
:10503000400700280CD5FFE743F60800C4F2020041
:10504000016821F4E051029AD26811430160FFE740
:1050500002980078000700280DD5FFE743F6080006
:10506000C4F20200016821F46041029A126941EA27
:10507000C2010160FFE700F07BF843F60801C4F2CB
:1050800002010968C9B209094CF24352C0F6010293
:10509000515CC84040F20C01C2F20001086040F2CD
:1050A0001000C2F200000068FFF70CFE00208DF82F
:1050B0000F00FFE79DF80F0004B080BD4C20C4F244
:1050C000472001210160704782B001900091019852
:1050D0000F21016043F60800C4F20200016801F0EC
:1050E0000301019A5160016801F0F001019A916099
:1050F000016801F4E051019AD160006800F4604059
:10510000C0080199086143F60040C4F2020000683B
:1051100000F007000099086002B0704740F20C00F0
:10512000C2F200000068704780B5FFF7F7FF43F652
:105130000801C4F202010968C1F382214CF2535202
:10514000C0F60102515CC84080BD000080B5FFF789
:10515000E5FF43F60801C4F20201096889B2490B70
:105160004CF25352C0F60102515CC84080BD0000B1
:1051700080B584B00020039002900190009043F627
:105180000800C4F20200006800F00C0030B1FFE734
:10519000042809D0FFE708280CD04FE042F2004075
:1051A000C0F2F40000904FE042F20040C0F2F40080
:1051B000009049E043F60400C4F20200016801F0E7
:1051C0003F01039100684002002813D5FFE743F632
:1051D0000400C4F202000068C0F3881042F20041EB
:1051E000C0F2F401A0FB0101039A0023FCF7D6FEF4
:1051F000029012E043F60400C4F202000068C0F31B
:10520000881042F20041C0F2F401A0FB0101039AB0
:105210000023FCF7C3FE0290FFE743F60400C4F24C
:105220000200006800F44030022101EBD030019010
:1052300002980199B0FBF1F0009005E042F20040C5
:10524000C0F2F4000090FFE7009804B080BD0000B9
:1052500080B543F60C00C4F2020000680006002886
:1052600009D5FFE7AFF3008043F60E00C4F2020059
:1052700080210170FFE780BD80B586B0049004985E
:1052800020B9FFE701208DF8170050E3049800785B
:10529000C007002800F0A580FFE743F60800C4F22D
:1052A0000200006800F00C00042813D0FFE743F66A
:1052B0000800C4F20200006800F00C0008281ED1AB
:1052C000FFE743F60400C4F2020000684002002831
:1052D00015D5FFE743F60000C4F20200006800F4B1
:1052E00000300021B1EB504F08D0FFE70498406830
:1052F00020B9FFE701208DF8170018E370E0FFE701
:1053000004984068B0F5803F09D1FFE743F60000FC
:10531000C4F20200016841F48031016020E0049889
:105320004068B0F5A02F0DD1FFE743F60000C4F2AE
:105330000200016841F480210160016841F480317C
:1053400001600CE043F60000C4F20200016821F4A1
:1053500080310160016821F480210160FFE7FFE7EF
:10536000FFE704984068E8B1FFE7FEF71FFA0390F3
:10537000FFE743F60000C4F20200006800F40030CA
:105380000021B1EB504F0CD1FFE7FEF70FFA039964
:10539000401A652804D3FFE703208DF81700C6E202
:1053A000E7E71CE0FEF702FA0390FFE743F6000090
:1053B000C4F20200006800F400300021B1EB504F4D
:1053C0000CD0FFE7FEF7F2F90399401A652804D3E1
:1053D000FFE703208DF81700A9E2E7E7FFE7FFE703
:1053E000FFE7049800788007002840F19680FFE7E7
:1053F00043F60800C4F20200006810F00C0F13D04E
:10540000FFE743F60800C4F20200006800F00C0059
:1054100008282CD1FFE743F60400C4F2020000681C
:105420004002002823D4FFE743F60000C4F2020044
:10543000006800F002000021B1EB500F09D0FFE737
:105440000498C068012804D0FFE701208DF81700F8
:105450006DE243F60000C4F20200016821F0F80199
:10546000049A126941EAC2010160FFE754E004981E
:10547000C06870B3FFE70020C4F24720012101603B
:10548000FEF794F90390FFE743F60000C4F2020030
:10549000006800F002000021B1EB500F0CD1FFE7D3
:1054A000FEF784F90399401A032804D3FFE7032089
:1054B0008DF817003BE2E7E743F60000C4F2020074
:1054C000016821F0F801049A126941EAC201016001
:1054D00021E00020C4F2472000210160FEF766F9B8
:1054E0000390FFE743F60000C4F20200006800F0FA
:1054F00002000021B1EB500F0CD0FFE7FEF756F988
:105500000399401A032804D3FFE703208DF81700FE
:105510000DE2E7E7FFE7FFE7FFE704980078000701
:1055200000284BD5FFE70498406918B3FFE740F621
:105530008060C4F2472001210160FEF737F9039033
:10554000FFE743F67400C4F20200006800F00200B6
:105550000021B1EB500F0CD1FFE7FEF727F90399BB
:10556000401A032804D3FFE703208DF81700DEE17B
:10557000E7E722E040F68060C4F2472000210160A6
:10558000FEF714F90390FFE743F67400C4F202003B
:10559000006800F002000021B1EB500F0CD0FFE7D3
:1055A000FEF704F90399401A032804D3FFE7032008
:1055B0008DF81700BBE1E7E7FFE7FFE70498007805
:1055C0004007002840F1CE80FFE700208DF807005B
:1055D00043F64000C4F202000068C000002815D461
:1055E000FFE7FFE70020009043F64000C4F202000E
:1055F000016841F080510160006800F08050009027
:105600000098FFE701208DF80700FFE747F2000050
:10561000C4F200000068C005002822D4FFE747F26A
:105620000000C4F20000016841F480710160FEF7DF
:10563000BDF80390FFE747F20000C4F200000068E5
:10564000C00500280CD4FFE7FEF7B0F80399401A14
:10565000032804D3FFE703208DF8170067E1EAE78A
:10566000FFE7FFE704988068012809D1FFE743F6C8
:105670007000C4F20200016841F0010101601FE006
:105680000498806805280DD1FFE743F67000C4F246
:105690000200016841F004010160016841F001016C
:1056A00001600CE043F67000C4F20200016821F0D2
:1056B00001010160016821F004010160FFE7FFE7DB
:1056C000FFE704988068F8B1FFE7FEF76FF80390F2
:1056D000FFE743F67000C4F20200006800F0020029
:1056E0000021B1EB500F0ED1FFE7FEF75FF80399F1
:1056F000401A41F28931884204D3FFE703208DF834
:10570000170014E1E5E71EE0FEF750F80390FFE70D
:1057100043F67000C4F20200006800F002000021AD
:10572000B1EB500F0ED0FFE7FEF740F80399401A97
:1057300041F28931884204D3FFE703208DF8170036
:10574000F5E0E5E7FFE79DF80700012809D1FFE74D
:1057500043F64000C4F20200016821F0805101606C
:10576000FFE7FFE704988069002800F0DC80FFE78E
:1057700043F60800C4F20200006800F00C0008289C
:1057800000F08580FFE70498806902285CD1FFE77C
:105790006020C4F2472000210160FEF707F8039063
:1057A000FFE743F60000C4F20200006800F000705A
:1057B0000021B1EB506F0CD0FFE7FDF7F7FF039925
:1057C000401A032804D3FFE703208DF81700AEE04A
:1057D000E7E70498D0F81CC0026A436A816A42EA8B
:1057E0000C0242EA8312C9034FF6FF739943A1F5F5
:1057F00080311143C06A41EA006043F60401C4F2FB
:10580000020108606020C4F2472001210160FDF719
:10581000CDFF0390FFE743F60000C4F202000068EA
:1058200000F000700021B1EB506F0CD1FFE7FDF7E5
:10583000BDFF0399401A032804D3FFE703208DF826
:10584000170074E0E7E721E06020C4F24720002160
:105850000160FDF7ABFF0390FFE743F60000C4F2E1
:105860000200006800F000700021B1EB506F0CD016
:10587000FFE7FDF79BFF0399401A032804D3FFE7D6
:1058800003208DF8170052E0E7E7FFE74AE00498AD
:105890008069012804D1FFE701208DF8170046E058
:1058A00043F60400C4F20200006802900498806984
:1058B000012831D0FFE7029800F480000499C969FB
:1058C000884229D1FFE7029800F03F000499096A55
:1058D000884221D1FFE7029847F6C0710840049939
:1058E000496AB0EB811F17D1FFE7029800F44030FE
:1058F0000499896AC9034FF6FF729143A1F580317B
:10590000884209D1FFE7029800F070600499C96AE3
:10591000B0EB016F04D0FFE701208DF8170006E01F
:10592000FFE7FFE7FFE700208DF81700FFE79DF88E
:10593000170006B080BD000081B0009001B0704734
:1059400081B0009001B0704780B582B040F24060F5
:10595000C2F200000090009820B9FFE701208DF806
:105960000700ADE00098406A60B9FFE70098406822
:10597000B0F5827F01D1FFE703E000980021C1610B
:10598000FFE705E000980021016100984161FFE711
:10599000009800218162009890F85100002843D1BE
:1059A000FFE70098002180F85010009845F6FD317F
:1059B000C0F600018165009845F6ED31C0F60001A2
:1059C000C165009845F60D41C0F6000101660098DA
:1059D00045F60541C0F600014166009845F6F531EF
:1059E000C0F600018166009845F61541C0F6000139
:1059F000C166009845F64111C0F6000101670098A4
:105A000045F63911C0F6000141670098806F38B93A
:105A1000FFE7009845F6C921C0F600018167FFE75E
:105A20000098816F8847FFE70098022180F85110A5
:105A300000980068016821F0400101600098D0F8EA
:105A400000C042688368C16802F4827203F40443B0
:105A50001A4401F400611144026902F00202114487
:105A6000426902F001021144826902F40072114499
:105A7000C26902F038021144026A02F08002114346
:105A8000806A00F400500843CCF800000098418B75
:105A900001F004010268406A00F010000844506000
:105AA00000980068C16921F40061C161009800217B
:105AB00041650098012280F851208DF80710FFE71A
:105AC0009DF8070002B080BD2DE9F0418AB0099031
:105AD00000200890079006900590049009980068AF
:105AE00043F60001C4F2000188427CD1FFE7FFE7E2
:105AF0000020039043F64000C4F20200016841F424
:105B000080410160006800F4804003900398FFE743
:105B1000FFE70020029043F63000C4F20200016863
:105B200041F004010160006800F004000290029856
:105B3000FFE7FFE70020019043F63000C4F20200C7
:105B4000016841F002010160006800F0020001906C
:105B50000198FFE7082004904FF00208CDF8148068
:105B600000250695032707970526089640F60000AE
:105B7000C4F2020004AC2146FDF71CFC4FF40050B7
:105B80000490CDF8148006950797089640F20040DF
:105B9000C4F202002146FDF70DFC40F2C060C2F2E3
:105BA000000046F27001C4F202010160456040212C
:105BB0008160C5604FF48061016145618561C561A7
:105BC00005624562FDF7C2FA10B1FFE7FCF732FD4E
:105BD000FFE7099840F2C061C2F2000181640998B0
:105BE0008863FFE7FFE70AB0BDE8F08181B000906D
:105BF00001B0704781B0009001B0704781B0009053
:105C000001B0704781B0009001B0704781B0009042
:105C100001B0704781B0009001B0704781B0009032
:105C200001B0704781B0009001B0704781B0009022
:105C300001B0704784B040F22071C2F200010291BD
:105C4000019000200090FFE7029890F83C000128A6
:105C500004D1FFE702208DF80F0044E002980121F3
:105C600080F83C10FFE7FFE7009820F0FF00019963
:105C7000C96808430090009820F440700199896831
:105C800008430090009820F4806001994968084317
:105C90000090009820F40060019909680843009082
:105CA000009820F4805001990969084300900098F9
:105CB00020F400500199496908430090009820F4AD
:105CC00080400199C96908430090009802990968C9
:105CD0004864FFE70298002180F83C10FFE70020AD
:105CE0008DF80F00FFE79DF80F0004B0704700002B
:105CF00085B003900291FFE7039890F83C000128DB
:105D000004D1FFE702208DF813007EE00398012103
:105D100080F83C10FFE7FFE70398022180F83D1070
:105D200003980068406801900398006880680090BC
:105D3000019820F0700001900298006801990843D2
:105D40000190019803990968486003980068002150
:105D5000C4F2010188423CD0FFE703980068B0F12B
:105D6000804F36D0FFE70398006840F20041C4F24C
:105D7000000188422DD0FFE70398006840F600013B
:105D8000C4F20001884224D0FFE70398006840F67F
:105D90000041C4F2000188421BD0FFE7039800686D
:105DA00040F20041C4F20101884212D0FFE703989B
:105DB000006844F20001C4F20101884209D0FFE703
:105DC0000398006841F60001C4F2000188420ED138
:105DD000FFE7009820F0800000900298406800994A
:105DE000084300900098039909688860FFE70398CA
:105DF000012180F83D10FFE70398002180F83C1056
:105E0000FFE700208DF81300FFE79DF8130005B0B1
:105E10007047000080B582B00090009820B9FFE77D
:105E200001208DF807004DE0009890F83D00B0B9D2
:105E3000FFE70098002180F83C10009805F04CFE28
:105E40000098806C38B9FFE7009845F6CD61C0F640
:105E500000018164FFE70098816C8847FFE70098A4
:105E6000022180F83D10009951F8040B05F054FB15
:105E70000098012180F84610FFE70098012180F882
:105E80003E10009880F83F10009880F8401000986D
:105E900080F84110FFE7FFE70098012180F84210E9
:105EA000009880F84310009880F84410009880F81B
:105EB0004510FFE70098012180F83D1000208DF883
:105EC0000700FFE79DF8070002B080BD88B007908B
:105ED000079800680021C4F20101884212D1FFE74F
:105EE000FFE70020069043F64400C4F20200016878
:105EF00041F001010160006800F001000690069881
:105F0000FFE7A7E00798006841F20041C4F20001F2
:105F1000884212D1FFE7FFE70020059043F64000DA
:105F2000C4F20200016841F020010160006800F045
:105F3000200005900598FFE78BE00798006844F281
:105F40000001C4F20101884212D1FFE7FFE70020FF
:105F5000049043F64400C4F20200016841F4803129
:105F60000160006800F4803004900498FFE76FE05F
:105F70000798006844F20041C4F20101884212D13E
:105F8000FFE7FFE70020039043F64400C4F202005D
:105F9000016841F400310160006800F400300390B2
:105FA0000398FFE753E00798006844F60001C4F245
:105FB0000101884212D1FFE7FFE70020029043F67B
:105FC0004400C4F20200016841F4802101600068CD
:105FD00000F4802002900298FFE737E007980068FD
:105FE00041F60001C4F20001884212D1FFE7FFE749
:105FF0000020019043F64000C4F20200016841F025
:1060000040010160006800F0400001900198FFE746
:106010001BE00798006841F60041C4F20001884285
:1060200012D1FFE7FFE70020009043F64000C4F2E2
:106030000200016841F080010160006800F080000A
:1060400000900098FFE7FFE7FFE7FFE7FFE7FFE7C4
:10605000FFE7FFE708B0704783B041F21830C2F2A3
:1060600000000190019890F83D00012804D0FFE75E
:1060700001208DF80B006AE00198022180F83D10A4
:1060800001980068C16841F00101C1600198006891
:106090000021C4F2010188423CD0FFE7019800686A
:1060A000B0F1804F36D0FFE70198006840F2004120
:1060B000C4F2000188422DD0FFE70198006840F645
:1060C0000001C4F20001884224D0FFE70198006873
:1060D00040F60041C4F2000188421BD0FFE701985E
:1060E000006840F20041C4F20101884212D0FFE78B
:1060F0000198006844F20001C4F20101884209D00D
:10610000FFE70198006841F60001C4F200018842EF
:1061100012D1FFE701980068806800F00700009046
:106120000098062807D0FFE701980068016841F051
:1061300001010160FFE706E001980068016841F095
:1061400001010160FFE700208DF80B00FFE79DF8DB
:106150000B0003B07047000080B586B00490039137
:1061600000208DF80B00FFE7049890F83C00012810
:1061700004D1FFE702208DF81700A1E00498012167
:1061800080F83C10FFE7FFE70498022180F83D10FB
:106190000498006880680190019820F077000190D1
:1061A000019820F47F400190019804990968886063
:1061B00003980068002869D0FFE7102866D0FFE741
:1061C000202863D0FFE7302860D0FFE7402850D078
:1061D000FFE7502833D0FFE760283DD0FFE7702865
:1061E00009D0FFE7B0F5805F04D0FFE7B0F5005FAE
:1061F00016D052E055E004980068039B5A689968ED
:10620000DB6805F07DFA04980068806801900198C9
:1062100040F077000190019804990968886040E097
:1062200004980068039B5A689968DB6805F068FA6F
:1062300004980068816841F48041816031E00498ED
:106240000068039A5168D26805F0A6FC04980068BB
:10625000502105F06FFA24E004980068039A516811
:10626000D26805F0C1FC04980068602105F062FA6C
:1062700017E004980068039A5168D26805F08CFC16
:1062800004980068402105F055FA0AE00498006877
:106290000399096805F04EFA03E001208DF80B0020
:1062A000FFE70498012180F83D10FFE704980021E2
:1062B00080F83C10FFE79DF80B008DF81700FFE712
:1062C0009DF8170006B080BD80B586B0049003919C
:1062D000049820B9FFE701208DF8170096E0049894
:1062E00090F83D00B0B9FFE70498002180F83C1019
:1062F000049805F0F1FB0498006F38B9FFE70498A3
:1063000046F21541C0F600010167FFE70498016FEE
:106310008847FFE70498022180F83D100498006840
:10632000816844F2070291438160049951F8040B9B
:1063300005F0F2F8049800688068029004980068FC
:106340008069019004980068006A009003980068D2
:10635000029908430290019840F20331884301906A
:1063600003988168806941EA0020019908430190FF
:10637000019840F60C418843019001984FF2F001DA
:10638000884301900398C168C06941EA00200199DF
:106390000843019003980169006A090141EA00304D
:1063A000019908430190009820F022000090009885
:1063B00020F08800009003984168406941EA00108D
:1063C0000099084300900298049909688860019830
:1063D000049909688861009804990968086204981A
:1063E000012180F84610049880F83E10049880F847
:1063F0003F10049880F84210049880F843100498E5
:1064000080F83D1000208DF81700FFE79DF8170079
:1064100006B080BDF0B58FB00E9000200D900C90AE
:106420000B900A9009900E980068B0F1804F52D1FD
:10643000FFE7FFE70020089043F64000C4F20200A7
:10644000016841F001010160006800F0010008905E
:106450000898FFE7FFE70020079043F63000C4F2FA
:106460000200016841F001010160006800F00100D4
:1064700007900798FFE7FFE70020069043F63000FB
:10648000C4F20200016841F002010160006800F0FE
:10649000020006900698FFE74FF40040099002259D
:1064A0000A9501260B9603270C970D960020C4F23F
:1064B000020009AC2146FCF77DFF082009900A95EF
:1064C0000B960C970D9640F20040C4F20200214654
:1064D000FCF770FFB3E00E98006840F20041C4F290
:1064E0000001884233D1FFE7FFE70020059043F623
:1064F0004000C4F20200016841F00201016000683E
:1065000000F0020005900598FFE7FFE700200490E7
:1065100043F63000C4F20200016841F0020101605C
:10652000006800F0020004900498FFE73020099012
:1065300002200A9000210B9103210C910D9040F252
:106540000040C4F2020009A9FCF734FF76E00E987F
:10655000006840F60001C4F20001884232D1FFE732
:10656000FFE70020039043F64000C4F202000168F8
:1065700041F004010160006800F0040003900398FA
:10658000FFE7FFE70020029043F63000C4F202006C
:10659000016841F002010160006800F00200029011
:1065A0000298FFE7C020099002200A9000210B9179
:1065B0000C910D9040F20040C4F2020009A9FCF7D2
:1065C000F9FE3AE00E98006840F60041C4F200017E
:1065D000884231D1FFE7FFE70020019043F64000F9
:1065E000C4F20200016841F008010160006800F097
:1065F000080001900198FFE7FFE70020009043F6B4
:106600003000C4F20200016841F00101016000683D
:1066100000F0010000900098FFE70320099002219C
:106620000A9101220B920C900D910020C4F20200FD
:1066300009A9FCF7BFFEFFE7FFE7FFE7FFE70FB0A1
:10664000F0BD000080B584B002903C20019002981B
:1066500090F83E008DF80300029890F83F008DF806
:106660000200029890F842008DF80100029890F81C
:1066700043008DF800000198B8B9FFE79DF80300CA
:10668000012805D1FFE79DF80100012804D0FFE7AC
:1066900001208DF80F0076E00298022180F83E106C
:1066A000029880F84210FFE742E00198042817D1D1
:1066B000FFE79DF80200012805D1FFE79DF80000E3
:1066C000012804D0FFE701208DF80F005BE002985D
:1066D000022180F83F10029880F84310FFE726E07F
:1066E0009DF8030001280FD1FFE79DF80200012863
:1066F0000AD1FFE79DF80100012805D1FFE79DF8C9
:106700000000012804D0FFE701208DF80F003AE0D7
:106710000298022180F83E10029880F83F100298FB
:1067200080F84210029880F84310FFE7FFE7FFE788
:10673000019818B1FFE7042807D00DE0029800681F
:106740000021012204F0C0FF13E002980068042138
:10675000012204F0B9FF0CE0029800680021012238
:1067600004F0B2FF029800680421012204F0ACFF9B
:10677000FFE702980068016841F001010160002014
:106780008DF80F00FFE704B080BD000081B00090DD
:1067900001B0704781B0009001B0704781B00090A7
:1067A00001B0704780B584B0039003980068C0685A
:1067B000029003980068006901909DF8040080072A
:1067C000002827D5FFE79DF808008007002820D57E
:1067D000FFE7039800686FF002010161039801214F
:1067E0000177039800688069800728B1FFE7039864
:1067F000D0F89010884708E00398D0F898108847A0
:106800000398D0F89C108847FFE703980021017790
:10681000FFE7FFE79DF804004007002828D5FFE7C1
:106820009DF808004007002821D5FFE7039800687D
:106830006FF0040101610398022101770398006859
:10684000806910F4407F05D0FFE70398D0F89010DE
:10685000884708E00398D0F8981088470398D0F844
:106860009C108847FFE7039800210177FFE7FFE7C7
:106870009DF804000007002827D5FFE79DF80800D1
:106880000007002820D5FFE7039800686FF0080193
:10689000016103980421017703980068C0698007AB
:1068A00028B1FFE70398D0F89010884708E00398D4
:1068B000D0F8981088470398D0F89C108847FFE7D5
:1068C000039800210177FFE7FFE79DF80400C00669
:1068D000002828D5FFE79DF80800C006002821D52C
:1068E000FFE7039800686FF0100101610398082129
:1068F000017703980068C06910F4407F05D0FFE776
:106900000398D0F89010884708E00398D0F89810C2
:1069100088470398D0F89C108847FFE70398002128
:106920000177FFE7FFE79DF80400C00780B1FFE7AC
:106930009DF80800C00750B1FFE7039800686FF0AA
:10694000010101610398D0F880108847FFE7FFE755
:106950009DF804000006002811D5FFE79DF8080007
:10696000000600280AD5FFE7039800686FF0800151
:1069700001610398D0F8B0108847FFE7FFE79DF862
:1069800004004006002811D5FFE79DF808004006E6
:1069900000280AD5FFE7039800686FF04001016105
:1069A0000398D0F888108847FFE7FFE79DF80400B8
:1069B0008006002811D5FFE79DF808008006002812
:1069C0000AD5FFE7039800686FF020010161039882
:1069D000D0F8A8108847FFE7FFE704B080BD0000AB
:1069E00080B58AB009900020089007900690059025
:1069F0000490099800680021C4F20101884223D163
:106A0000FFE7FFE70020039043F63000C4F20200E6
:106A1000016841F010010160006800F0100003906F
:106A20000398FFE74FF4D440049002200590002122
:106A3000069107900120089041F20000C4F2020084
:106A400004A9FCF7B7FC85E00998006844F200014E
:106A5000C4F20101884222D1FFE7FFE70020029043
:106A600043F63000C4F20200016841F010010160F9
:106A7000006800F0100002900298FFE76020049088
:106A8000022005900020069007900320089041F214
:106A90000000C4F2020004A9FCF78CFC59E009983C
:106AA000006844F20041C4F20101884223D1FFE7AB
:106AB000FFE70020019043F63000C4F202000168B5
:106AC00041F002010160006800F0020001900198AD
:106AD000FFE74FF48070049002200590002006909C
:106AE00007900320089040F20040C4F2020004A97D
:106AF000FCF760FC2CE00998006844F60001C4F241
:106B00000101884223D1FFE7FFE70020009043F610
:106B10003000C4F20200016841F002010160006827
:106B200000F0020000900098FFE74FF4007004901E
:106B3000022005900021069107900320089040F262
:106B40000040C4F2020004A9FCF734FCFFE7FFE7B1
:106B5000FFE7FFE70AB080BD80B586B004900391DF
:106B6000002002908DF80700FFE7049890F83C00A1
:106B7000012804D1FFE702208DF8170038E00498BF
:106B8000012180F83C10FFE7FFE702980C2820D88D
:106B9000DFE800F0071F1F1F0D1F1F1F131F1F1F00
:106BA000190004980068039904F0DAFD15E00498D0
:106BB0000068039904F04AFE0FE004980068039906
:106BC00004F0BEFE09E004980068039904F032FF67
:106BD00003E001208DF80700FFE7FFE7049800219C
:106BE00080F83C10FFE79DF807008DF81700FFE7DD
:106BF0009DF8170006B080BD81B0009001B07047CD
:106C000080B582B00090009820B9FFE701208DF890
:106C100007004DE0009890F83D00B0B9FFE70098FC
:106C2000002180F83C10009804F056FF0098806D19
:106C300038B9FFE7009846F6B941C0F60001816512
:106C4000FFE70098816D8847FFE70098022180F8F0
:106C50003D10009951F8040B04F05EFC00980121EE
:106C600080F84610FFE70098012180F83E10009858
:106C700080F83F10009880F84010009880F841108C
:106C8000FFE7FFE70098012180F84210009880F8A4
:106C90004310009880F84410009880F84510FFE7F2
:106CA0000098012180F83D1000208DF80700FFE7D3
:106CB0009DF8070002B080BD81B0009001B0704720
:106CC00080B586B004900391029200208DF80700F1
:106CD000FFE7049890F83C00012804D1FFE7022068
:106CE0008DF8170087E00498012180F83C10FFE739
:106CF000FFE702980C2800F26F80DFE800F0076DD4
:106D00006D6D206D6D6D3A6D6D6D5300049800686A
:106D1000039904F025FD04980068816941F0080199
:106D2000816104980068816921F004018161039800
:106D30000069049909688A691043886150E00498E1
:106D40000068039904F082FD04980068816941F4A9
:106D50000061816104980068816921F4806181612A
:106D600003980069049909688A6942EA00208861E9
:106D700036E004980068039904F0E2FD0498006886
:106D8000C16941F00801C16104980068C16921F03E
:106D90000401C1610398006904990968CA69104334
:106DA000C8611DE004980068039904F043FE04984C
:106DB0000068C16941F40061C16104980068C1695B
:106DC00021F48061C1610398006904990968CA6966
:106DD00042EA0020C86103E001208DF80700FFE7C8
:106DE000FFE70498002180F83C10FFE79DF80700BA
:106DF0008DF81700FFE79DF8170006B080BD000072
:106E000080B582B00090009820B9FFE701208DF88E
:106E100007004DE0009890F83D00B0B9FFE70098FA
:106E2000002180F83C10009804F056FE0098006E97
:106E300038B9FFE7009846F6B961C0F6000101666F
:106E4000FFE70098016E8847FFE70098022180F86D
:106E50003D10009951F8040B04F05EFB00980121ED
:106E600080F84610FFE70098012180F83E10009856
:106E700080F83F10009880F84010009880F841108A
:106E8000FFE7FFE70098012180F84210009880F8A2
:106E90004310009880F84410009880F84510FFE7F0
:106EA0000098012180F83D1000208DF80700FFE7D1
:106EB0009DF8070002B080BD81B0009001B070471E
:106EC00081B0009001B0704781B0009001B0704770
:106ED00010B584B002900191019820B9FFE70298A3
:106EE00090F83E0015E00198042804D1FFE70298CD
:106EF00090F83F000CE00198082804D1FFE70298C1
:106F000090F8400003E0029890F84100FFE7FFE7A7
:106F1000FFE7012804D0FFE701208DF80F00A5E06E
:106F2000019828B9FFE70298022180F83E1018E086
:106F30000198042805D1FFE70298022180F83F104C
:106F40000EE00198082805D1FFE70298022180F899
:106F5000401004E00298022180F84110FFE7FFE7AB
:106F6000FFE70298006801990124012204F0ACFBBC
:106F7000029800680021C4F2010188420BD0FFE7AB
:106F8000029800684FF60041CBF6FE710844B0FA53
:106F900080F04409FFE7E00738B1FFE70298006896
:106FA000416C41F400414164FFE702980068002110
:106FB000C4F2010188423CD0FFE702980068B0F1BA
:106FC000804F36D0FFE70298006840F20041C4F2DB
:106FD000000188422DD0FFE70298006840F60001CA
:106FE000C4F20001884224D0FFE70298006840F60E
:106FF0000041C4F2000188421BD0FFE702980068FC
:1070000040F20041C4F20101884212D0FFE7029829
:10701000006844F20001C4F20101884209D0FFE790
:107020000298006841F60001C4F20001884212D1C2
:10703000FFE702980068806800F007000090009861
:10704000062807D0FFE702980068016841F00101B7
:107050000160FFE706E002980068016841F0010165
:107060000160FFE700208DF80F00FFE704B010BDBE
:1070700080B582B0019000910198006800990022CB
:1070800004F022FB0198016801200022C4F20102F1
:1070900091420BD0FFE7019800684FF60041CBF614
:1070A000FE710844B0FA80F04009FFE7C007D8B18C
:1070B000FFE7FFE701980068006A41F211110842FA
:1070C00010D1FFE701980068006A40F2444108428D
:1070D00007D1FFE701980068416C21F40041416449
:1070E000FFE7FFE7FFE7FFE7FFE701980068006AB7
:1070F00041F21111084210D1FFE701980068006ABF
:1071000040F24441084207D1FFE701980068016856
:1071100021F001010160FFE7FFE7FFE7009828B9D0
:10712000FFE70198012180F83E1018E0009804283C
:1071300005D1FFE70198012180F83F100EE000988B
:10714000082805D1FFE70198012180F8401004E0EC
:107150000198012180F84110FFE7FFE7FFE702B047
:1071600080BD000080B582B001900198006842F2B5
:107170000001C4F20001884203D1FFE7FDF780FD62
:10718000FFE702B080BD000081B0009001B0704701
:1071900081B0009001B0704781B0009001B070479D
:1071A00010B586B004900391ADF80A20049890F8C9
:1071B000420020284DD1FFE7039820B1FFE7BDF83A
:1071C0000A0020B9FFE701208DF8170045E0049878
:1071D0000121016304980024446304980399BDF8D5
:1071E0000A2005F06DF88DF809409DF8090058BB9C
:1071F000FFE70498006B012821D1FFE7FFE700209B
:107200000190049800680068019004980068406844
:1072100001900198FFE7FFE7FFE70498006850E856
:10722000030F40F010000090FFE7009804990968F0
:1072300041E80302002AF0D1FFE7FFE703E0012065
:107240008DF80900FFE7FFE79DF809008DF81700AA
:1072500003E002208DF81700FFE706B010BD000024
:1072600082B00190ADF8021002B0704781B000907A
:1072700001B0704780B586B00490FFE7FFE704983F
:10728000006850E8030F20F490700390FFE7039824
:107290000499096841E80302002AF0D1FFE7FFE7FB
:1072A000FFE7FFE70498006850E8050F20F00100B1
:1072B0000290FFE702980499096841E80502002A54
:1072C000F0D1FFE7FFE70498006B012814D1FFE736
:1072D000FFE7FFE70498006850E8030F20F0100074
:1072E0000190FFE701980499096841E80302002A28
:1072F000F0D1FFE7FFE7FFE7049800684069400628
:10730000002832D5FFE7FFE7FFE70498006850E860
:10731000050F20F040000090FFE7009804990968ED
:1073200041E80502002AF0D1FFE7FFE70498C06BAF
:10733000D0B1FFE70498C06B002101650498C06BD1
:10734000FBF7CEFC78B1FFE70498C06BFBF762FD5A
:10735000202807D1FFE704981021416403208DF80D
:1073600017000EE0FFE7FFE7FFE704980021C18563
:107370000498202280F84220049801638DF81710A9
:10738000FFE706B080BD000081B0009001B07047FB
:1073900081B0009001B0704781B0009001B070479B
:1073A00080B592B011901198006800681090119803
:1073B0000068C0680F901198006840690E90002026
:1073C0000D900C90109800F00F000D900D9888B95A
:1073D000FFE79DF84000800600280AD5FFE79DF8EA
:1073E0003C008006002804D5FFE7119804F01EFE3B
:1073F000EAE1FFE70D98002800F0C280FFE79DF862
:107400003800C00738B9FFE7BDF83C0010F4907FA2
:1074100000F0B680FFE79DF84000C00758B1FFE7D5
:107420009DF83D00C00730B1FFE71198416C41F075
:1074300001014164FFE79DF84000400700280BD59B
:10744000FFE79DF83800C00730B1FFE71198416CA5
:1074500041F002014164FFE79DF8400080070028E9
:107460000BD5FFE79DF83800C00730B1FFE7119852
:10747000416C41F004014164FFE79DF840000007C2
:10748000002811D5FFE79DF83C008006002805D4B0
:10749000FFE79DF83800C00730B1FFE71198416C55
:1074A00041F008014164FFE71198406C002866D064
:1074B000FFE79DF84000800600280AD5FFE79DF809
:1074C0003C008006002804D5FFE7119804F0AEFDCB
:1074D000FFE7119800684069C0F380100C90119884
:1074E000406C0007002804D4FFE70C9800283ED029
:1074F000FFE7119804F0E8FC119800684069400625
:1075000000282FD5FFE7FFE7FFE71198006850E854
:10751000050F20F040000B90FFE70B9811990968C8
:1075200041E80502002AF0D1FFE7FFE71198C06BA0
:1075300098B1FFE71198C06B4BF67141C0F600019E
:1075400001651198C06BFBF743FC28B1FFE7119868
:10755000C06B016D8847FFE703E01198816D884794
:10756000FFE703E01198816D8847FFE706E0119877
:10757000816D8847119800214164FFE7FFE723E10F
:107580001198006B012840F0FF80FFE79DF8400054
:10759000C006002840F1F880FFE79DF83C00C006D7
:1075A000002840F1F180FFE7FFE700200A901198E2
:1075B000006800680A901198006840680A900A986C
:1075C000FFE71198006840694006002840F182807A
:1075D000FFE71198C06B00684068ADF82600BDF861
:1075E0002600002875D0FFE7BDF826001199898D87
:1075F00088426EDAFFE7BDF826001199C885119818
:10760000C06BC069B0F5807F58D0FFE7FFE7FFE7A8
:107610001198006850E8030F20F480700890FFE78D
:1076200008981199096841E80302002AF0D1FFE7A0
:10763000FFE7FFE7FFE71198006850E8050F20F02B
:1076400001000790FFE707981199096841E80502D2
:10765000002AF0D1FFE7FFE7FFE7FFE71198006896
:1076600050E8050F20F040000690FFE706981199BA
:10767000096841E80502002AF0D1FFE7FFE7119809
:10768000202180F84210119800210163FFE7FFE7F5
:107690001198006850E8030F20F010000590FFE7F4
:1076A00005981199096841E80302002AF0D1FFE723
:1076B000FFE71198C06BFBF713FBFFE7119802215E
:1076C00041631198C26E818DC38DC91A89B29047EA
:1076D000FFE779E01198818DC08D081AADF812008E
:1076E0001198C08D00284ED0FFE7BDF81200002889
:1076F00049D0FFE7FFE7FFE71198006850E8030F64
:1077000020F490700390FFE703981199096841E80D
:107710000302002AF0D1FFE7FFE7FFE7FFE7119838
:10772000006850E8050F20F001000290FFE7029882
:107730001199096841E80502002AF0D1FFE7FFE747
:107740001198202180F84210119800210163FFE771
:10775000FFE71198006850E8030F20F01000019037
:10776000FFE701981199096841E80302002AF0D166
:10777000FFE7FFE71198022141631198C26EBDF83F
:1077800012109047FFE71FE09DF840000006002818
:107790000AD5FFE79DF83C000006002804D5FFE766
:1077A000119804F013FE0FE09DF8400040060028F9
:1077B0000AD5FFE79DF83C004006002804D5FFE706
:1077C000119804F0CBFBFFE712B080BD80B582B00A
:1077D0000090009820B9FFE701208DF807004EE0E7
:1077E0000098806908B1FFE700E0FFE7009890F893
:1077F0004100B0B9FFE70098002180F840100098E0
:1078000004F0DAFB0098006F38B9FFE7009847F6FC
:107810008901C0F600010167FFE70098016F884702
:10782000FFE70098242180F8411000980068C168A3
:1078300021F40051C160009804F0ACFC009800688D
:10784000016921F49041016100980068416921F0CB
:107850002A01416100980068C16841F40051C1608B
:107860000098002141640098202280F8412000986F
:1078700080F84220009841638DF80710FFE79DF8DB
:10788000070002B080BD00002DE9F04192B01190D8
:10789000002010900F900E900D900C9011980068A1
:1078A00045F20001C4F20001884240F08080FFE709
:1078B000FFE700200B9043F64000C4F2020001688D
:1078C00041F480110160006800F480100B900B9867
:1078D000FFE7FFE700200A9043F63000C4F2020001
:1078E000016841F004010160006800F004000A90A2
:1078F0000A98FFE7FFE70020099043F63000C4F242
:107900000200016841F008010160006800F0080011
:1079100009900998FFE74FF480500C904FF002084F
:10792000CDF8348000250E9503270F970826109672
:1079300040F60000C4F202000CAC2146FBF73AFD11
:1079400004200C90CDF834800E950F97109640F6D9
:107950000040C4F202002146FBF72CFD41F2341036
:10796000C2F2000046F21001C4F2020101604FF0C1
:10797000006141608560C5604FF4806101614561CF
:107980008561C5614FF4803101624562FBF7DEFB22
:1079900010B1FFE7FAF74EFEFFE7119841F23411FC
:1079A000C2F20001C16311988863FFE7A0E111985A
:1079B000006841F20001C4F20101884234D1FFE7BE
:1079C000FFE70020089043F64400C4F2020001687B
:1079D00041F010010160006800F010000890089864
:1079E000FFE7FFE70020079043F63000C4F20200F3
:1079F000016841F001010160006800F0010007909A
:107A00000798FFE74FF4C0600C9002200D90002013
:107A10000E9003200F90072010900020C4F2020067
:107A20000CA9FBF7C7FC62E11198006844F2004121
:107A3000C4F20001884240F08780FFE7FFE70020A2
:107A4000069043F64000C4F20200016841F40031A0
:107A50000160006800F4003006900698FFE7FFE739
:107A60000020059043F63000C4F20200016841F0A6
:107A700008010160006800F0080005900598FFE724
:107A800060200C9002200D9000240E9403200F9093
:107A90000720109040F60040C4F202000CA9FBF74A
:107AA00089FC41F29410C2F2000046F28801C4F24F
:107AB000020101604FF0006141608460C4604FF4D6
:107AC0008061016144618461C4614FF4803101626D
:107AD0004462FBF73BFB10B1FFE7FAF7ABFDFFE7B2
:107AE000119841F29411C2F20001C16311988863A8
:107AF000FFE741F2F410C2F2000046F2A001C4F226
:107B0000020101604FF0006141604021816000216D
:107B1000C1604FF48062026141618161C1614FF4D3
:107B2000803202624162FBF711FB10B1FFE7FAF706
:107B300081FDFFE7119841F2F411C2F20001816367
:107B400011988863FFE7D1E01198006844F60001BE
:107B5000C4F20001884240F08A80FFE7FFE700207E
:107B6000049043F64000C4F20200016841F4802111
:107B70000160006800F4802004900498FFE7FFE7AC
:107B80000020039043F63000C4F20200016841F087
:107B900008010160006800F0080003900398FFE707
:107BA0004FF440700C9002200D9000240E9403209E
:107BB0000F900720109040F60040C4F202000CA97C
:107BC000FBF7F8FB41F25420C2F2000046F2280114
:107BD000C4F2020101604FF0006141608460C46042
:107BE0004FF480610161446184614FF48071C1612F
:107BF0004FF4003101624462FBF7A8FA10B1FFE7CD
:107C0000FAF718FDFFE7119841F25421C2F2000182
:107C1000C16311988863FFE741F2B420C2F200000B
:107C200046F25801C4F2020101604FF00061416068
:107C3000402181600021C1604FF480620261416196
:107C40008161C1614FF4003202624162FBF77EFA4A
:107C500010B1FFE7FAF7EEFCFFE7119841F2B4210B
:107C6000C2F20001816311988863FFE73DE011983B
:107C7000006841F20041C4F20101884234D1FFE7BB
:107C8000FFE70020029043F64400C4F202000168BE
:107C900041F020010160006800F02000029002988D
:107CA000FFE7FFE70020019043F63000C4F2020036
:107CB000016841F004010160006800F004000190D7
:107CC0000198FFE7C0200C9002200D9001200E903B
:107CD00003200F900820109040F60000C4F202002C
:107CE0000CA9FBF767FBFFE7FFE7FFE7FFE7FFE70D
:107CF00012B0BDE8F081000085B003908DF80B1044
:107D0000019200208DF80300019848B9FFE703981D
:107D1000416C41F02001416401208DF8130072E0B4
:107D2000039890F8410020283FD1FFE79DF80B0011
:107D30000C2830D8DFE800F0070B0F13171B1F23A8
:107D40002F2F2F272B000198039988642CE001988E
:107D50000399C86428E001980399086524E0019814
:107D60000399486520E00198039988651CE0019813
:107D70000399C86518E001980399086614E0019812
:107D80000399486610E00198039908670CE0019890
:107D90000399486708E00398416C41F02001416471
:107DA00001208DF80300FFE728E0039890F84100D8
:107DB000D0B9FFE79DF80B000B2803D0FFE70C2894
:107DC00004D007E00198039908670CE00198039933
:107DD000486708E00398416C41F0200141640120AC
:107DE0008DF80300FFE708E00398416C41F02001A3
:107DF000416401208DF80300FFE7FFE79DF80300D1
:107E00008DF81300FFE705B07047000084B00290C2
:107E1000019100208DF80300019848B9FFE702980E
:107E2000416C41F02001416401208DF80F002EE0EB
:107E3000FFE7029890F84000012804D1FFE70220F4
:107E40008DF80F0023E00298012180F84010FFE731
:107E5000FFE7029890F84100202804D1FFE701983D
:107E60000299C86608E00298416C41F02001416423
:107E700001208DF80300FFE7FFE70298002180F85A
:107E80004010FFE79DF803008DF80F00FFE704B0F6
:107E90007047000081B0009001B0704781B0009041
:107EA00001B0704780B588B040F65471C2F200014D
:107EB000069105900120ADF812004FF6FF70039077
:107EC00000200090069890F8410020287AD1FFE722
:107ED000059820B1FFE7BDF8120020B9FFE70120A7
:107EE0008DF81F0072E00698002141640698212158
:107EF00080F84110FBF75AFC0090BDF8120006997B
:107F00008884BDF812000699C88406988068B0F588
:107F1000805F09D1FFE70698006928B9FFE70020D4
:107F200002900598019004E00598029000200190CD
:107F3000FFE7FFE70698C08C60B3FFE70698009A5A
:107F4000039B802104F08AFA40B1FFE706982021C4
:107F500080F8411003208DF81F0037E0029858B9CF
:107F6000FFE7019800886FF35F2006990968486071
:107F700001980230019008E002980078069909689B
:107F80004860029801300290FFE70698C18C0139E1
:107F9000C184CFE70698009A039B402104F05EFA63
:107FA00040B1FFE70698202180F8411003208DF8AA
:107FB0001F000BE00698202180F8411000208DF86A
:107FC0001F0003E002208DF81F00FFE708B080BD0E
:107FD00080B586B004900391ADF80A20049890F81B
:107FE000410020285DD1FFE7039820B1FFE7BDF8ED
:107FF0000A0020B9FFE701208DF8170055E003982B
:1080000004990862BDF80A0004998884BDF80A0042
:108010000499C8840498002141640498212280F8BE
:1080200041200498806B4BF63562C0F60002C263B3
:108030000498806B4BF6B162C0F6000202640498AB
:10804000806B4BF69142C0F60002C2640498806BCC
:10805000016503A8019004980268806B0199096882
:108060000432BDF80A30FBF729F9049800686FF074
:1080700040010160FFE7FFE70498006850E8050F42
:1080800040F080000090FFE700980499096841E8FB
:108090000502002AF0D1FFE7FFE700208DF8170066
:1080A00003E002208DF81700FFE706B080BD000056
:1080B00081B0009001B0704781B0009001B070476E
:1080C00080B586B005908DF8131005980068039070
:1080D00003980290059800689DF8131008F0BCF80A
:1080E0004007002819D5FFE702989DF8131000EB10
:1080F00041100421C0F8081505989DF81310C1EB34
:10810000011100EB8100072180F84D1005980068EF
:108110009DF8131007F04EFB92E0059800689DF85B
:10812000131008F099F8C00500281AD5FFE7029847
:108130009DF8131000EB41104FF48071C0F8081542
:1081400005989DF81310C1EB011100EB8100082187
:1081500080F84D10059800689DF8131007F02AFB71
:108160006DE0059800689DF8131008F075F8000799
:10817000002819D5FFE702989DF8131000EB411075
:108180000821C0F8081505989DF81310C1EB0111DE
:1081900000EB8100062180F84D10059800689DF8DD
:1081A000131007F007FB49E0059800689DF81310CD
:1081B00008F052F8400500281AD5FFE702989DF80C
:1081C000131000EB41104FF48061C0F808150598BA
:1081D0009DF81310C1EB011100EB8100092180F81B
:1081E0004D10059800689DF8131007F0E3FA24E09D
:1081F000059800689DF8131008F02EF80006002876
:1082000019D5FFE702989DF8131000EB411080216B
:10821000C0F8081505989DF81310C1EB011100EB8B
:108220008100072180F84D10059800689DF8131013
:1082300007F0C0FA00E0FFE7FFE7FFE7FFE7FFE72F
:10824000059800689DF8131008F006F880050028CE
:1082500011D5FFE7059800689DF8131007F0AAFAFA
:1082600002989DF8131000EB41104FF40071C0F814
:10827000081500F003BD059800689DF8131007F07D
:10828000EBFFC007002800F0F580FFE702989DF89B
:10829000131000EB41102021C0F8081505989DF837
:1082A0001310C1EB011100EB8100C07E012815D134
:1082B000FFE705989DF81310C1EB011100EB810059
:1082C0000021C17602989DF8131000EB4110D0F800
:1082D000041521F48031C0F80415FFE70598807972
:1082E000C8B1FFE705989DF81310C1EB011200EB30
:1082F0008200006B029A02EB4111D1F810156FF366
:10830000DF41401A05999DF81320C2EB021201EBE0
:1083100082018863FFE705989DF81310C1EB0111F6
:1083200000EB8100012180F84D1005989DF8132085
:10833000C2EB021200EB82000022426402989DF818
:10834000132000EB4210C0F8081505989DF8131093
:10835000C1EB011100EB810090F8260060B1FFE74E
:1083600005989DF81310C1EB011100EB810090F806
:10837000260002280FD1FFE7059800689DF813102A
:1083800007F018FA02989DF8131000EB4110102125
:10839000C0F808153AE005989DF81310C1EB0111DB
:1083A00000EB810090F8260003280CD0FFE7059829
:1083B0009DF81310C1EB011100EB810090F826002D
:1083C000012821D1FFE702989DF8131000EB41101E
:1083D000D0F8001541F00051C0F8001505989DF83F
:1083E0001310C1EB011100EB8100012180F84C104A
:1083F00005989DF81310C1EB011200EB820292F870
:108400004C20FBF749FB00E0FFE7FFE70598807988
:1084100001281FD1FFE705989DF81310C1EB01114A
:1084200000EB8100816B008D01440139B1FBF0F05C
:10843000C00770B1FFE705989DF81310C1EB01115B
:1084400000EB810090F83C1081F0010180F83C10B5
:10845000FFE70DE005989DF81310C1EB011100EB4B
:10846000810090F83C1081F0010180F83C10FFE79A
:1084700000F003BC059800689DF8131007F0ECFEAF
:10848000800600282ED5FFE702989DF8131000EB18
:1084900041102021C0F8081505989DF81310C1EB74
:1084A000011100EB8100807E01281AD1FFE70598B9
:1084B0009DF81310C1EB011100EB81000121C17681
:1084C00005989DF81310C1EB011100EB8100032109
:1084D00080F84D10059800689DF8131007F06AF9B0
:1084E000FFE7C9E3059800689DF8131007F0B4FE94
:1084F0008007002840F1DD82FFE702989DF8131005
:1085000000EB41100221C0F8081505989DF81310E2
:10851000C1EB011100EB810090F84D00012815D14D
:10852000FFE705989DF81310C1EB011100EB8100E6
:10853000022180F84D1005989DF81310C1EB011130
:1085400000EB8100012180F84C10A6E205989DF80F
:108550001310C1EB011100EB810090F84D000628CB
:1085600015D1FFE705989DF81310C1EB011100EB41
:108570008100022180F84D1005989DF81310C1EB81
:10858000011100EB8100052180F84C1084E2059870
:108590009DF81310C1EB011100EB810090F84D0024
:1085A00007280DD0FFE705989DF81310C1EB0111C6
:1085B00000EB810090F84D00092840F09880FFE71B
:1085C00005989DF81310C1EB011100EB8100022109
:1085D00080F84D1005989DF81310C1EB011100EBC8
:1085E0008100416C0131416405989DF81310C1EB85
:1085F000011100EB8100406C03283CD3FFE7059894
:108600009DF81310C1EB011100EB810000214164C2
:1086100005989DF81310C1EB011100EB8100807EDD
:1086200001281DD1FFE705989DF81310C1EB01113A
:1086300000EB81000021C17605989DF81320C2EB64
:10864000021200EB8200017702989DF8131000EBF4
:108650004110D0F8041521F48031C0F80415FFE76B
:1086600005989DF81310C1EB011100EB8100042166
:1086700080F84C103AE005989DF81310C1EB0111F9
:1086800000EB8100022180F84C1005989DF8131032
:10869000C1EB011100EB810090F8260060B1FFE70B
:1086A00005989DF81310C1EB011100EB810090F8C3
:1086B0002600022819D1FFE702989DF8131000EB5D
:1086C0004110D0F800050190019820F08040019001
:1086D000019840F000400190019802999DF8132004
:1086E00001EB4211C1F80005FFE7FFE7D3E1059870
:1086F0009DF81310C1EB011100EB810090F84D00C3
:10870000052840F0BD80FFE705989DF81310C1EBE8
:10871000011100EB8100022180F84D1005989DF8B1
:108720001310C1EB011100EB8100C07E012840F065
:10873000A680FFE705989DF81310C1EB011100EB2F
:10874000810090F8260003285DD1FFE705989DF889
:108750001310C1EB011100EB8100816C01318164C8
:1087600005989DF81310C1EB011100EB8100806C9E
:1087700003283CD3FFE705989DF81310C1EB0111C6
:1087800000EB81000021816405989DF81320C2EB65
:10879000021200EB8200C17605989DF81310C1EB20
:1087A000011100EB8100406C02280AD8FFE7059810
:1087B0009DF81310C1EB011100EB8100012101773D
:1087C000FFE702989DF8131000EB4110D0F8041554
:1087D00021F48031C0F8041505989DF81310C1EB01
:1087E000011100EB8100042180F84C100AE005988B
:1087F0009DF81310C1EB011100EB8100022180F8FC
:108800004C10FFE70AE005989DF81310C1EB011129
:1088100000EB8100022180F84C10FFE705989DF8DD
:108820001310C1EB011100EB810090F8260060B13C
:10883000FFE705989DF81310C1EB011100EB8100D3
:1088400090F82600022819D1FFE702989DF813102E
:1088500000EB4110D0F800050190019820F0804015
:108860000190019840F000400190019802999DF814
:10887000132001EB4211C1F80005FFE7FFE709E112
:1088800005989DF81310C1EB011100EB810090F8E1
:108890004D00032872D1FFE705989DF81310C1EB36
:1088A000011100EB8100022180F84D1005989DF820
:1088B0001310C1EB011100EB8100C07E01285CD1D7
:1088C000FFE705989DF81310C1EB011100EB810043
:1088D000022180F84C1002989DF8131000EB411013
:1088E000D0F8041541F48031C0F8041502989DF8C1
:1088F000131000EB4110D0F80C1541F04001C0F806
:108900000C1502989DF8131000EB4110D0F80C15CF
:1089100021F02001C0F80C1505989DF81310C1EB4B
:10892000011100EB810090F8260060B1FFE7059887
:108930009DF81310C1EB011100EB810090F82600A7
:10894000022819D1FFE702989DF8131000EB41109F
:10895000D0F800050190019820F080400190019826
:1089600040F000400190019802999DF8132001EB1E
:108970004211C1F80005FFE7FFE78AE005989DF87E
:108980001310C1EB011100EB810090F84D00042899
:1089900044D1FFE705989DF81310C1EB011100EBDE
:1089A0008100022180F84D1005989DF81320C2EB3C
:1089B000021200EB820080F84C1005989DF813100D
:1089C000C1EB011100EB810090F8260060B1FFE7D8
:1089D00005989DF81310C1EB011100EB810090F890
:1089E0002600022819D1FFE702989DF8131000EB2A
:1089F0004110D0F800050190019820F080400190CE
:108A0000019840F000400190019802999DF81320D0
:108A100001EB4211C1F80005FFE739E005989DF828
:108A20001310C1EB011100EB810090F84D000828F4
:108A30001FD1FFE705989DF81310C1EB011100EB62
:108A40008100022180F84D1005989DF81310C1EBAC
:108A5000011100EB8100416C0131416405989DF8E2
:108A60001310C1EB011100EB8100042180F84C10C0
:108A70000DE005989DF81310C1EB011100EB81008A
:108A800090F84D00022801D1FFE7F7E0FFE7FFE78C
:108A9000FFE7FFE7FFE7FFE7FFE705989DF8131003
:108AA000C1EB011200EB820292F84C20FAF7F4FFBE
:108AB000E1E0059800689DF8131007F0CDFB400633
:108AC00000282DD5FFE702989DF8131000EB411008
:108AD0004021C0F8081505989DF81310C1EB01114D
:108AE00000EB8100052180F84D1005989DF81310CA
:108AF000C1EB011100EB8100807E50B9FFE70598C2
:108B00009DF81310C1EB011100EB810000214164BD
:108B1000FFE7059800689DF8131006F04BFEA9E0EA
:108B2000059800689DF8131007F096FBC006002812
:108B300040F19E80FFE705989DF81310C1EB0111ED
:108B400000EB810090F8260003281AD1FFE7059872
:108B50009DF81310C1EB011100EB8100002141646D
:108B600005989DF81310C1EB011100EB8100042161
:108B700080F84D10059800689DF8131006F01AFE55
:108B800042E005989DF81310C1EB011100EB810044
:108B900090F8260060B1FFE705989DF81310C1EB2F
:108BA000011100EB810090F8260002282AD1FFE78E
:108BB00005989DF81310C1EB011100EB8100002115
:108BC00041640598807958B1FFE705989DF8131026
:108BD000C1EB011100EB8100C07E012811D1FFE73C
:108BE00005989DF81310C1EB011100EB81000421E1
:108BF00080F84D10059800689DF8131006F0DAFD16
:108C0000FFE700E0FFE7FFE705989DF81310C1EBD1
:108C1000011100EB8100C07E012820D1FFE70598FB
:108C20009DF81310C1EB011100EB81000021C1760A
:108C300002989DF8131000EB4110D0F8041521F4B0
:108C40008031C0F8041502989DF8131000EB411014
:108C5000D0F80C1541F02001C0F80C15FFE7029880
:108C60009DF8131000EB41101021C0F8081500E02A
:108C7000FFE7FFE7FFE7FFE7FFE7FFE706B080BD9D
:108C800080B586B005908DF81310059800680390A4
:108C900003980290059800689DF8131007F0DCFA1D
:108CA000400700281AD5FFE702989DF8131000EB43
:108CB00041100421C0F8081505989DF81310C1EB68
:108CC000011100EB8100072180F84D100598006824
:108CD0009DF8131006F06EFD00F00ABC05980068C0
:108CE0009DF8131007F0B8FA800600287DD5FFE73D
:108CF00002989DF8131000EB41102021C0F80815D0
:108D000005989DF81310C1EB011100EB8100407E26
:108D1000012824D1FFE705989DF81310C1EB01113C
:108D200000EB81000021417605989DF81310C1EBFE
:108D3000011100EB8100022180F84C1005989DF88C
:108D40001310C1EB011100EB8100032180F84D10DD
:108D5000059800689DF8131006F02CFDFFE70598B4
:108D60009DF81310C1EB011100EB8100807E0128FA
:108D70003AD1FFE705989DF81310C1EB011100EB04
:108D80008100C07E80BBFFE705989DF81310C1EB02
:108D9000011100EB810090F8260001280AD0FFE7BE
:108DA00005989DF81310C1EB011100EB8100012122
:108DB000C176FFE705989DF81310C1EB011100EB98
:108DC0008100032180F84D10059800689DF813106C
:108DD00006F0F0FC05989DF81310C1EB011100EBB3
:108DE000810000214164FFE781E3059800689DF858
:108DF000131007F031FA8005002810D5FFE702981C
:108E00009DF8131000EB41104FF40071C0F80815E5
:108E1000059800689DF8131006F0CCFC66E30598F1
:108E200000689DF8131007F017FAC00700285CD0FF
:108E3000FFE705989DF81310C1EB011100EB8100CD
:108E400000214164059800689DF8131007F004FAAA
:108E50004006002812D5FFE705989DF81310C1EBD6
:108E6000011100EB81000121417602989DF8131059
:108E700000EB41104021C0F80815FFE705989DF868
:108E80001310C1EB011100EB8100C07EA8B1FFE718
:108E900005989DF81310C1EB011100EB8100002132
:108EA000C17602989DF8131000EB4110D0F804151C
:108EB00021F48031C0F80415FFE702989DF81310E3
:108EC00000EB41100121C0F8081505989DF813200A
:108ED000C2EB021200EB820080F84D10059800688A
:108EE0009DF8131006F066FCFFE2059800689DF8F7
:108EF000131007F0B1F94006002836D5FFE70598B2
:108F00009DF81310C1EB011100EB8100052180F8E1
:108F10004D1005989DF81310C1EB011100EB810075
:108F2000807E50B9FFE705989DF81310C1EB011141
:108F300000EB810001214176FFE705989DF81310B1
:108F4000C1EB011100EB810000214164059800682C
:108F50009DF8131006F02EFC02989DF8131000EBFC
:108F600041104021C0F80815BEE2059800689DF840
:108F7000131007F071F90007002819D5FFE70298D0
:108F80009DF8131000EB41100821C0F80815059852
:108F90009DF81310C1EB011100EB8100062180F850
:108FA0004D10059800689DF8131006F003FC9AE236
:108FB000059800689DF8131007F04EF9C0060028C8
:108FC00041D5FFE705989DF81310C1EB011100EBA7
:108FD00081000021416405989DF81310C1EB011137
:108FE00000EB8100042180F84D1005989DF81310C6
:108FF000C1EB011100EB8100407EA8B9FFE70598A5
:109000009DF81310C1EB011100EB8100007E50B9F7
:10901000FFE705989DF81310C1EB011100EB8100EB
:1090200001214176FFE7FFE7059800689DF81310DE
:1090300006F0C0FB02989DF8131000EB41101021C0
:10904000C0F808154EE2059800689DF8131007F067
:1090500003F9000600285ED5FFE70598807988B9F6
:10906000FFE705989DF81310C1EB011100EB81009B
:10907000072180F84D10059800689DF8131006F040
:1090800099FB3FE005989DF81310C1EB011100EB2F
:109090008100416C0131416405989DF81310C1EBCA
:1090A000011100EB8100406C03281FD3FFE70598F6
:1090B0009DF81310C1EB011100EB81000021416408
:1090C00005989DF81310C1EB011100EB81000421FC
:1090D00080F84C1005989DF81310C1EB011200EBBD
:1090E000820292F84C20FAF7D7FC0AE005989DF826
:1090F0001310C1EB011100EB8100022180F84C102C
:10910000FFE7FFE702989DF8131000EB4110802164
:10911000C0F80815E5E1059800689DF8131007F000
:109120009BF8400500281AD5FFE705989DF8131015
:10913000C1EB011100EB8100092180F84D10059869
:1091400000689DF8131006F035FB02989DF8131087
:1091500000EB41104FF48061C0F80815C0E105989C
:1091600000689DF8131007F077F88007002840F199
:10917000B581FFE702989DF8131000EB4110022122
:10918000C0F8081505989DF81310C1EB011100EB0C
:10919000810090F84D00012871D1FFE705989DF8F6
:1091A0001310C1EB011100EB8100022180F84D107A
:1091B00005989DF81310C1EB011100EB810001210E
:1091C00080F84C1005989DF81310C1EB011100EBCD
:1091D000810090F8260002280CD0FFE705989DF842
:1091E0001310C1EB011100EB810090F82600032859
:1091F00044D1FFE70598807970B9FFE705989DF89D
:109200001310C1EB011100EB810090F83D1081F0CB
:10921000010180F83D10FFE70598807901282CD1E5
:10922000FFE705989DF81310C1EB011100EB8100D9
:10923000406B10B3FFE705989DF81310C1EB0111C7
:1092400000EB8100416B008D01440139B1FBF0F06E
:1092500000909DF80000C00770B1FFE705989DF8E9
:109260001310C1EB011100EB810090F83D1081F06B
:10927000010180F83D10FFE7FFE7FFE722E10598D5
:109280009DF81310C1EB011100EB810090F84D0027
:10929000032821D1FFE705989DF81310C1EB0111B8
:1092A00000EB8100022180F84D1005989DF8131005
:1092B000C1EB011100EB8100C07E01280BD1FFE75B
:1092C00005989DF81310C1EB011100EB81000221FC
:1092D00080F84C10FFE7F4E005989DF81310C1EBFF
:1092E000011100EB810090F84D00042834D1FFE714
:1092F00005989DF81310C1EB011100EB81000221CC
:1093000080F84D1005989DF81320C2EB021200EB77
:10931000820080F84C1005989DF81310C1EB0111E4
:1093200000EB8100C07E012815D1FFE705989DF86C
:109330001310C1EB011100EB81000021C1760298EE
:109340009DF8131000EB4110D0F8041521F4803182
:10935000C0F80415FFE7B3E005989DF81310C1EBC2
:10936000011100EB810090F84D00052814D1FFE7B2
:1093700005989DF81310C1EB011100EB810002214B
:1093800080F84D1005989DF81320C2EB021200EBF7
:10939000820080F84C1092E005989DF81310C1EB04
:1093A000011100EB810090F84D00062815D1FFE770
:1093B00005989DF81310C1EB011100EB810002210B
:1093C00080F84D1005989DF81310C1EB011100EBCA
:1093D0008100052180F84C1070E005989DF813106D
:1093E000C1EB011100EB810090F84D0007280CD073
:1093F000FFE705989DF81310C1EB011100EB810008
:1094000090F84D00092857D1FFE705989DF81310F3
:10941000C1EB011100EB8100022180F84D1005988D
:109420009DF81310C1EB011100EB8100416C01317B
:10943000416405989DF81310C1EB011100EB810008
:10944000406C032814D3FFE705989DF81310C1EB77
:10945000011100EB81000021416405989DF8131073
:10946000C1EB011100EB8100042180F84C1022E0D7
:1094700005989DF81310C1EB011100EB810002214A
:1094800080F84C1002989DF8131000EB4110D0F8B2
:1094900000050190019820F080400190019840F073
:1094A00000400190019802999DF8132001EB4211B0
:1094B000C1F80005FFE700E01AE0FFE7FFE7FFE77C
:1094C000FFE7FFE705989DF81310C1EB011200EBD1
:1094D000820292F84C20FAF7DFFA00E008E0FFE79A
:1094E000FFE7FFE7FFE7FFE7FFE7FFE7FFE7FFE74C
:1094F00006B080BD80B586B00590059800680490E0
:10950000049803900398D0F8400402900398D0F890
:1095100040040190019820F02E00019002988007ED
:1095200000280DD5FFE70298C00720B1FFE7059896
:10953000FAF742F9FFE7019840F002000190FFE7D7
:1095400002980007002837D5FFE7019840F008008F
:10955000019002984007002829D5FFE70598407A36
:10956000022814D1FFE7029800F4C020B0F5802F44
:1095700006D1FFE705980068022106F035FE05E0F8
:1095800005980068012106F02FFEFFE70BE0059823
:10959000C079012806D1FFE703984EF66021C0F894
:1095A0000414FFE7FFE70598FAF7F8FD03E00598D4
:1095B000FAF7EAFDFFE7FFE702988006002805D5E5
:1095C000FFE7019840F020000190FFE70198039920
:1095D000C1F8400406B080BD80B58AB009900998F2
:1095E000006808900898079009980068006A04903D
:1095F000049800F00F0001900498C0F343400690D7
:109600000498C0F30A10059006980238052800F265
:109610008980DFE800F00386878587860598002823
:109620007DD0FFE709980199C1EB011100EB8100A2
:10963000C06A002873D0FFE709980199C1EB0111B6
:1096400000EB8100416B806B059A104488425BD827
:10965000FFE709990868019AC2EB021201EB820147
:10966000C96ABDF8142006F021FE05980999019AEF
:10967000C2EB021201EB8201CA6A1044C86205986B
:109680000999019AC2EB021201EB82018A6B104424
:1096900088630798019900EB4110D0F81005C0F3DA
:1096A000C940039009980199C1EB011100EB8100B9
:1096B000008D0599884226D1FFE7039818B3FFE78C
:1096C0000798019900EB4110D0F80005029002982C
:1096D00020F080400290029840F0004002900298F2
:1096E0000799019A01EB4211C1F800050998019907
:1096F000C1EB011100EB810090F83C1081F00101F9
:1097000080F83C10FFE709E009980199C1EB0111CD
:1097100000EB8100042180F84C10FFE7FFE702E036
:1097200001E0FFE7FFE70AB080BD0000FFE7FEE7CA
:1097300082B0009000980068406900F480600121C8
:10974000B1EB902F1ED1FFE7009800686FF48061A5
:1097500041610098002101630098202280F83D209B
:10976000009880F83E100098016C41F004010164FB
:10977000FFE70098002180F83C10FFE701208DF8FA
:10978000070003E000208DF80700FFE79DF80700C1
:1097900002B0704780B586B0DDF824C0DDF820C087
:1097A0000490ADF80E10ADF80C20ADF80A30049816
:1097B0000068016841F480610160049800680168F4
:1097C00041F4807101600498089B099900914FF061
:1097D0000111002200F0B8F980B1FFE70498006899
:1097E0000068C005002805D5FFE704984FF4007114
:1097F0000164FFE703208DF81700B0E0BDF80E000C
:1098000000F0FE0004990968086104980899099A13
:1098100000F018FA20B1FFE701208DF817009EE054
:10982000FFE70020019004980068406901900498C7
:109830000068806901900198FFE704980899099AE7
:1098400000F016FB80B1FFE70498006C042807D1F4
:10985000FFE704980068016841F400710160FFE7C8
:1098600001208DF817007AE0BDF80A00012806D122
:10987000FFE79DF80C0004990968086121E09DF854
:109880000D0004990968086104980899099A00F084
:10989000EFFA80B1FFE70498006C042807D1FFE7D6
:1098A00004980068016841F400710160FFE701203D
:1098B0008DF8170053E09DF80C00049909680861C1
:1098C000FFE704980899099A00F0D2FA80B1FFE7FF
:1098D0000498006C042807D1FFE704980068016829
:1098E00041F400710160FFE701208DF8170036E0B8
:1098F00004980068016841F4807101600498089B35
:10990000099900914FF00111002200F01DF980B17A
:10991000FFE7049800680068C005002805D5FFE748
:1099200004984FF400710164FFE703208DF81700DD
:1099300015E09DF80E0040F00100049909680861E7
:1099400004980899099A00F07DF920B1FFE70120F9
:109950008DF8170003E000208DF81700FFE79DF851
:10996000170006B080BD000080B586B0DDF824C0C9
:10997000DDF820C00490ADF80E10ADF80C20ADF865
:109980000A3004980068016841F48071016004980D
:10999000089B099900914FF00111002200F0D4F8C2
:1099A00080B1FFE7049800680068C005002805D56D
:1099B000FFE704984FF400710164FFE703208DF87E
:1099C000170066E0BDF80E0000F0FE00049909687B
:1099D000086104980899099A00F034F920B1FFE76A
:1099E00001208DF8170054E0FFE700200190049853
:1099F00000684069019004980068806901900198AE
:109A0000FFE704980899099A00F032FA80B1FFE75D
:109A10000498006C042807D1FFE7049800680168E7
:109A200041F400710160FFE701208DF8170030E07C
:109A3000BDF80A00012806D1FFE79DF80C00049943
:109A40000968086121E09DF80D0004990968086122
:109A500004980899099A00F00BFA80B1FFE704987E
:109A6000006C042807D1FFE704980068016841F4FE
:109A700000710160FFE701208DF8170009E09DF8F3
:109A80000C00049909680861FFE700208DF81700B1
:109A9000FFE79DF8170006B080BD000080B584B0D8
:109AA000029001910092FFE702980068406900F07F
:109AB00004000021B1EB900F3ED1FFE70298FFF7C1
:109AC00037FE20B1FFE701208DF80F0038E0019844
:109AD000013080B3FFE7F9F769FE0099401A019958
:109AE000884203D8FFE7019820BBFFE7029800688F
:109AF000406900F004000021B1EB900F19D1FFE79D
:109B00000298002101630298202280F83D200298EB
:109B100080F83E100298016C41F020010164FFE7DB
:109B20000298002180F83C10FFE701208DF80F001B
:109B300006E0FFE7FFE7B7E700208DF80F00FFE73B
:109B40009DF80F0004B080BD80B586B0DDF820C060
:109B5000049003918DF80B200193FFE79DF80E0010
:109B600001280BD1FFE7049800684069BDF80C108C
:109B70000840401AB0FA80F040090AE004980068F2
:109B80008069BDF80C100840401AB0FA80F0400916
:109B9000FFE79DF80B1088424CD1FFE70198013098
:109BA000002846D0FFE7F9F701FE0899401A01990D
:109BB000884203D8FFE70198D0BBFFE79DF80E006D
:109BC00001280BD1FFE7049800684069BDF80C102C
:109BD0000840401AB0FA80F040090AE00498006892
:109BE0008069BDF80C100840401AB0FA80F04009B6
:109BF000FFE79DF80B10884219D1FFE70498002178
:109C000001630498202280F83D20049880F83E10DB
:109C10000498016C41F020010164FFE704980021E1
:109C200080F83C10FFE701208DF8170006E0FFE701
:109C3000FFE793E700208DF81700FFE79DF8170076
:109C400006B080BD80B586B004900220C0F201004D
:109C5000039002910192FFE79DF80E0001280BD1BD
:109C6000FFE7049800684069BDF80C100840401AEE
:109C7000B0FA80F040090AE0049800688069BDF8F5
:109C80000C100840401AB0FA80F04009FFE70028A5
:109C900077D1FFE704980068406900F480600121F3
:109CA000B1EB902F24D1FFE704980068016841F4DC
:109CB00000710160049800686FF48061416104984C
:109CC000002101630498202280F83D20049880F848
:109CD0003E100498016C41F004010164FFE7049810
:109CE000002180F83C10FFE701208DF817004CE0C0
:109CF00002980130002843D0FFE7F9F757FD01999A
:109D0000401A0299884203D8FFE70298B8BBFFE7E0
:109D10009DF80E0001280BD1FFE704980068406908
:109D2000BDF80C100840401AB0FA80F040090AE073
:109D3000049800688069BDF80C100840401AB0FA19
:109D400080F04009FFE7C8B9FFE7049800210163EC
:109D50000498202280F83D20049880F83E10049852
:109D6000016C41F020010164FFE70498002180F8B4
:109D70003C10FFE701208DF8170006E0FFE7FFE742
:109D80006AE700208DF81700FFE79DF8170006B07E
:109D900080BD000080B584B0029001910092FFE781
:109DA00002980068406900F040000021B1EB901F6C
:109DB00056D1FFE702980068406900F010000121C9
:109DC000B1EB101F1CD1FFE7029800686FF0100183
:109DD00041610298002101630298202280F83D2011
:109DE000029880F83E100298016C0164FFE7029827
:109DF000002180F83C10FFE701208DF80F0033E0D0
:109E0000F9F7D4FC0099401A0199884203D8FFE77A
:109E1000019820BBFFE702980068406900F040000D
:109E20000021B1EB901F19D1FFE7029800210163D7
:109E30000298202280F83D20029880F83E10029877
:109E4000016C41F020010164FFE70298002180F8D5
:109E50003C10FFE701208DF80F0005E0FFE79FE7CA
:109E600000208DF80F00FFE79DF80F0004B080BDC3
:109E700080B584B0029001910092FFE702980068DB
:109E80004069C0B20021B1EBD01F3DD1FFE702987D
:109E9000FFF74EFC20B1FFE701208DF80F0037E0FF
:109EA0000198013078B3FFE7F9F780FC0099401A78
:109EB0000199884203D8FFE7019818BBFFE7029891
:109EC00000684069C0B20021B1EBD01F19D1FFE793
:109ED0000298002101630298202280F83D20029818
:109EE00080F83E100298016C41F020010164FFE708
:109EF0000298002180F83C10FFE701208DF80F0048
:109F000006E0FFE7FFE7B9E700208DF80F00FFE765
:109F10009DF80F0004B080BD80B584B00020039090
:109F200002900190009040F27C41C2F2000142F2A6
:109F30000002C4F201020A604FF440324A608860B5
:109F400001220A61087681F82000C8620122C0F669
:109F500000728A62C8600222CA6181F830004861DA
:109F6000F8F78AFC10B1FFE7F8F764FB11200090C6
:109F700001200190072002906846F8F75FFB10B1BE
:109F8000FFE7F8F757FB0820009002200190684691
:109F9000F8F754FB10B1FFE7F8F74CFB04B080BDB5
:109FA00080B540F22450C2F2000043F20001C4F236
:109FB00002010160F8F750FE10B1FFE7F8F73AFB35
:109FC00080BD000082B0FFE70020019043F6300022
:109FD000C4F20200016841F400110160006800F45D
:109FE000001001900198FFE7FFE70020009043F682
:109FF0003000C4F20200016841F480010160006891
:10A0000000F4800000900098FFE702B07047000065
:10A0100080B54CF26830C0F6010009F0F7FD40F25F
:10A020001441C2F2000108604CF27830C0F6010021
:10A0300009F0ECFD40F21841C2F2000108604CF258
:10A040008830C0F6010009F0E1FD40F21C41C2F287
:10A05000000108604CF29830C0F6010009F0D6FD0E
:10A0600040F22041C2F2000108604CF2A830C0F674
:10A07000010009F0CBFD40F22441C2F2000108606A
:10A080004CF2B830C0F6010009F0C0FD40F22841A2
:10A09000C2F2000108604CF2C830C0F6010009F0BD
:10A0A000B5FD40F22C41C2F20001086041F255506A
:10A0B000C0F601004CF21831C0F6010109F02EFF84
:10A0C00040F23041C2F20001086042F2FD40C0F6A9
:10A0D00001004CF22831C0F6010109F01FFF40F2E7
:10A0E0003441C2F20001086042F25560C0F601003E
:10A0F0004CF23831C0F6010109F010FF40F238414E
:10A10000C2F20001086041F63900C0F601004CF2CD
:10A110004831C0F6010109F001FF40F23C41C2F2B2
:10A120000001086040F6F560C0F601004CF25831BD
:10A13000C0F6010109F0F2FE40F24041C2F2000116
:10A1400008604CF2B822C0F601024020042109F058
:10A1500005FB40F24441C2F2000108604CF2D022FB
:10A16000C0F601021020202109F0F8FA40F248411F
:10A17000C2F2000108604CF2E822C0F60102202081
:10A18000012109F0EBFA40F24C41C2F200010860F3
:10A190004CF20032C0F601020820082109F0DEFA74
:10A1A00040F25041C2F2000108604BF26D00C0F66F
:10A1B00000004CF29812C0F60102002109F004FEE2
:10A1C00040F25441C2F20001086042F26D20C0F634
:10A1D00001004CF2BC12C0F60102002109F0F4FDAE
:10A1E00040F25841C2F20001086044F65140C0F606
:10A1F00001004CF2E012C0F60102002109F0E4FD7A
:10A2000040F25C41C2F20001086044F23970C0F6CD
:10A2100001004CF20422C0F60102002109F0D4FD35
:10A2200040F26041C2F20001086046F6E140C0F62B
:10A2300001004CF22822C0F60102002109F0C4FD01
:10A2400040F26441C2F20001086042F25D20C0F6B3
:10A2500001004CF24C22C0F60102002109F0B4FDCD
:10A2600040F26841C2F20001086040F64D50C0F66D
:10A2700001004CF27022C0F60102002109F0A4FD99
:10A2800040F26C41C2F20001086041F20920C0F6C0
:10A2900001004CF29422C0F60102002109F094FD65
:10A2A00040F27041C2F20001086047F6F940C0F682
:10A2B00001004CF27412C0F60102002109F084FD85
:10A2C00040F27441C2F20001086009F055F940F211
:10A2D0007841C2F20001086080BD00002DE9F04F16
:10A2E0008BB000200A900990089007900690FFE735
:10A2F0000020059043F63000C4F20200016841F0EE
:10A3000010010160006800F0100005900598FFE75B
:10A31000FFE70020049043F63000C4F20200016819
:10A3200041F004010160006800F00400049004980A
:10A33000FFE7FFE70020039043F63000C4F202007D
:10A34000016841F080010160006800F08000039026
:10A350000398FFE7FFE70020029043F63000C4F2C5
:10A360000200016841F001010160006800F0010095
:10A3700002900298FFE7FFE70020019043F63000CB
:10A38000C4F20200016841F002010160006800F0BF
:10A39000020001900198FFE7FFE70020009043F6DC
:10A3A0003000C4F20200016841F008010160006859
:10A3B00000F0080000900098FFE741F20009C4F2A5
:10A3C0000209012548464FF4C0710122F9F7D6F978
:10A3D000002748464FF480610022F9F7CFF940F694
:10A3E0000044C4F2020420464FF4B0410122F9F7C0
:10A3F000C5F920464FF400510022F9F7BFF940F6A5
:10A40000000BC4F2020B58464FF480710122F9F799
:10A41000B5F958464FF400710022F9F7AFF940F250
:10A42000000AC4F2020A50464FF4C8510022F9F75C
:10A43000A5F949F21C0006904FF00308CDF81C80E6
:10A44000089706AE48463146F8F7B4FF4EF6374057
:10A450000690CDF81C80089758463146F8F7AAFFB9
:10A46000FC200690CDF81C80089750463146F8F73E
:10A47000A1FF06200690CDF81C80089740F200440A
:10A48000C4F2020420463146F8F794FF4FF4C0703E
:10A49000069007950897CDF8248048463146F8F78E
:10A4A00089FF4FF480600690079508970995484604
:10A4B0003146F8F77FFF4FF4805006904FF4881034
:10A4C00007904FF00209CDF8209020463146F8F76A
:10A4D00071FF48F293400690CDF81C80089740F633
:10A4E0000044C4F2020420463146F8F763FF4FF4FB
:10A4F000F040069007950897CDF824802046314615
:10A50000F8F758FF4FF48074069407950897099759
:10A5100058463146F8F74EFF4FF400700690079505
:10A520000897CDF8249058463146F8F743FF069433
:10A5300007950897CDF8248050463146F8F73AFF42
:10A540004FF4C050069007950897CDF824905046D8
:10A550003146F8F72FFF082006900797089740F636
:10A560000040C4F202003146F8F724FFCDF818800D
:10A570000797089741F20000C4F202003146F8F74D
:10A5800019FF0BB0BDE8F08F80B540F22C50C2F23D
:10A59000000045F60001C4F20001016041F680218F
:10A5A000C0F2060141604FF4804181600022C26028
:10A5B000016142618261C2610262F9F75DFE10B120
:10A5C000FFE7F8F737F880BD80B50B200521FAF7D3
:10A5D00021FC0B20FAF714FC0C200521FAF71AFCD9
:10A5E0000C20FAF70DFC0D200521FAF713FC0D20C5
:10A5F000FAF706FC0E200521FAF70CFC0E20FAF7FC
:10A60000FFFB0F200521FAF705FC0F20FAF7F8FBF6
:10A6100010200521FAF7FEFB1020FAF7F1FB1120BC
:10A620000521FAF7F7FB1120FAF7EAFB1C200521B8
:10A63000FAF7F0FB1C20FAF7E3FB1D200521FAF7DF
:10A64000E9FB1D20FAF7DCFB1E200521FAF7E2FBEF
:10A650001E20FAF7D5FB26200521FAF7DBFB262082
:10A66000FAF7CEFB27200521FAF7D4FB2720FAF7CB
:10A67000C7FB28200521FAF7CDFB2820FAF7C0FBFD
:10A680002B200521FAF7C6FB2B20FAF7B9FB2C206B
:10A690000521FAF7BFFB2C20FAF7B2FB2F2005218A
:10A6A000FAF7B8FB2F20FAF7ABFB32200521FAF7B7
:10A6B000B1FB3220FAF7A4FB35200521FAF7AAFBFB
:10A6C0003520FAF79DFB37200521FAF7A3FB372049
:10A6D000FAF796FB47200521FAF79CFB4720FAF78B
:10A6E0008FFB4D200521FAF795FB4D20FAF788FBEB
:10A6F00080BD000080B540F24060C2F2000043F629
:10A700000001C4F2000101604FF482714160002138
:10A710008160C160016141614FF400728261C16179
:10A720000162416281620A21C162FBF70DF910B139
:10A73000FFE7F7F77FFF80BD80B588B00021079164
:10A7400006910591049103910291019140F60C400C
:10A75000C2F2000044F20042C4F20102026040F280
:10A7600047324260816040F2E732C260016180217D
:10A770008161FBF74FFB10B1FFE7F7F75BFF40F696
:10A780000C40C2F20000FCF73BFB10B1FFE7F7F70B
:10A7900051FF60200190002002900390042005905A
:10A7A00040F60C40C2F2000001A90022FCF788FA32
:10A7B00010B1FFE7F7F73EFF40F60C40C2F2000091
:10A7C000FCF70EF908B080BD80B588B00021079174
:10A7D00006910591049103910291019140F6C040C8
:10A7E000C2F2000044F60002C4F20102026040F22C
:10A7F00047324260816040F2E732C26001618021ED
:10A800008161FBF707FB10B1FFE7F7F713FF40F695
:10A81000C040C2F20000FCF7F3FA10B1FFE7F7F70F
:10A8200009FF602001900020029003900420059011
:10A8300040F6C040C2F2000001A90022FCF740FA35
:10A8400010B1FFE7F7F7F6FE40F6C040C2F2000095
:10A85000FCF7C6F808B080BD80B58CB000210B9124
:10A860000A9109910891079106910591049103912C
:10A870000291019140F67450C2F2000041F60002CC
:10A88000C4F20002026040F24732426081606322FB
:10A89000C260016180218161FBF7BCFA10B1FFE762
:10A8A000F7F7C8FE4FF48050089040F67450C2F29B
:10A8B000000008A9FBF750FC10B1FFE7F7F7BAFE5C
:10A8C00040F67450C2F20000FCF79AF910B1FFE7AD
:10A8D000F7F7B0FE0020019032210291039005901D
:10A8E00040F67450C2F2000001A9FCF735F910B12E
:10A8F000FFE7F7F79FFE40F67450C2F200000068D1
:10A90000816941F0080181610CB080BD80B588B0DB
:10A910000021079106910591049103910291019103
:10A9200040F62860C2F2000041F60042C4F2000284
:10A93000026053224260816041F28732C26001614D
:10A9400080218161FBF766FA10B1FFE7F7F772FE2D
:10A9500040F62860C2F20000FCF752F910B1FFE7A0
:10A96000F7F768FE0020019002900390059040F6F2
:10A970002860C2F2000001A9FCF7EEF810B1FFE771
:10A98000F7F758FE40F62860C2F2000000688169BF
:10A9900041F00801816108B080BD000080B596B02B
:10A9A00000211591149113911291119110910F9111
:10A9B0000E910D910C910B910A91099108910791BB
:10A9C00006910591049103910291019140F220704A
:10A9D000C2F200000022C4F20102026040F24732DB
:10A9E0004260816040F2E732C260016141618021D2
:10A9F0008161FBF70FFA10B1FFE7F7F71BFE4FF489
:10AA00008050129040F22070C2F2000012A9FBF7B1
:10AA1000A3FB10B1FFE7F7F70DFE40F22070C2F282
:10AA20000000FCF7EDF910B1FFE7F7F703FE002097
:10AA30001090119040F22070C2F2000010A9FBF7B4
:10AA400057F910B1FFE7F7F7F5FD602009900020F6
:10AA50000A900B900C9004210D910E900F9040F2F3
:10AA60002070C2F2000009A90022FCF729F910B1F8
:10AA7000FFE7F7F7DFFD40F22070C2F2000009A9FE
:10AA80000422FCF71DF910B1FFE7F7F7D3FD40F200
:10AA90002070C2F2000009A90822FCF711F910B1D8
:10AAA000FFE7F7F7C7FD40F22070C2F2000009A9E6
:10AAB0000C22FCF705F910B1FFE7F7F7BBFD00200A
:10AAC000019002900390049005904FF4005106917C
:10AAD000089001A8FBF7AEF810B1FFE7F7F7AAFD61
:10AAE00040F22070C2F20000FBF77AFF16B080BD82
:10AAF00010B58CB003AC20462421F6F7CCFD002124
:10AB00000291019140F2D470C2F200004FF08042F5
:10AB10000260416081604EF66022C2600161802265
:10AB2000826103220392049101220592069107910A
:10AB3000089109920A910B912146FBF7C5FB10B1D0
:10AB4000FFE7F7F777FD00200190029040F2D47004
:10AB5000C2F2000001A9FBF7CBF810B1FFE7F7F74D
:10AB600069FD0CB010BD000010B58CB003AC2046E0
:10AB70002421F6F790FD00210291019140F6880012
:10AB8000C2F2000040F20042C4F2000202604160E2
:10AB900081604EF66022C2600161802282610322E0
:10ABA000039204910122059206910791089109925E
:10ABB0000A910B912146FBF787FB10B1FFE7F7F7EE
:10ABC00039FD00200190029040F68800C2F200009A
:10ABD00001A9FBF78DF810B1FFE7F7F72BFD0CB0DB
:10ABE00010BD000010B58CB003AC20462421F6F750
:10ABF00052FD00210291019140F63C10C2F200008A
:10AC000040F60002C4F200020260416081604EF62C
:10AC10006022C2600161802282610322039204915A
:10AC20000122059206910791089109920A910B91D0
:10AC30002146FBF749FB10B1FFE7F7F7FBFC0020CB
:10AC40000190029040F63C10C2F2000001A9FBF70F
:10AC50004FF810B1FFE7F7F7EDFC0CB010BD0000A6
:10AC600010B58CB003AC20462421F6F714FD00216A
:10AC70000291019140F6F010C2F2000040F600424D
:10AC8000C4F200020260416081604EF66022C26040
:10AC900001618022826103220392049101220592C4
:10ACA00006910791089109920A910B912146FBF7B1
:10ACB0000BFB10B1FFE7F7F7BDFC002001900290FD
:10ACC00040F6F010C2F2000001A9FBF711F810B134
:10ACD000FFE7F7F7AFFC0CB010BD000080B582B005
:10ACE00000210191009140F6A420C2F2000041F23F
:10ACF0000042C4F20002026053224260816042F2CC
:10AD00000F71C16080218161FBF784F810B1FFE70A
:10AD1000F7F790FC00200090019040F6A420C2F2CA
:10AD200000006946FAF7E4FF10B1FFE7F7F782FC8D
:10AD300002B080BD80B58CB000210B910A910991C1
:10AD40000891079106910591049103910291019157
:10AD500040F65830C2F2000044F20002C4F2010290
:10AD6000026040F247324260816040F2E732C260E6
:10AD7000016180218161FBF74DF810B1FFE7F7F722
:10AD800059FC4FF48050089040F65830C2F2000051
:10AD900008A9FBF7E1F910B1FFE7F7F74BFC40F624
:10ADA0005830C2F20000FCF72BF810B1FFE7F7F7BC
:10ADB00041FC602001900020029003900420059047
:10ADC00040F65830C2F2000001A90022FBF778FFDC
:10ADD00010B1FFE7F7F72EFC40F65830C2F2000042
:10ADE00001A90422FBF76CFF10B1FFE7F7F722FC83
:10ADF00040F65830C2F20000FBF7F2FD0CB080BD07
:10AE000080B540F6DC60C2F2000045F20001C4F2F9
:10AE10000001016048F2A061C0F2010141604FF4FD
:10AE2000805181604FF40051C1604FF48061016135
:10AE30000421416100218161C161FCF7C7FC10B1AF
:10AE4000FFE7F7F7F7FB80BD80B540F65470C2F21C
:10AE5000000041F20001C4F2010101604FF4E13150
:10AE6000416000218160C16001610C224261816109
:10AE7000C161FCF7ABFC10B1FFE7F7F7DBFB80BD6E
:10AE800080B540F6CC70C2F2000044F20041C4F23A
:10AE9000000101604FF41651416000218160C160E2
:10AEA00001610C2242618161C161FCF78FFC10B12C
:10AEB000FFE7F7F7BFFB80BD80B541F24400C2F267
:10AEC000000044F60001C4F20001016044F2402198
:10AED000C0F20F01416000218160C16001610C225C
:10AEE00042618161C161FCF771FC10B1FFE7F7F7C6
:10AEF000A1FB80BD80B541F2BC00C2F2000041F26E
:10AF00000041C4F2010101604FF4E13141600021D0
:10AF10008160C16001610C2242618161C161FCF705
:10AF200055FC10B1FFE7F7F785FB80BD80B503F056
:10AF300021F910B1FFE7F7F77DFB04F09FF910B19D
:10AF4000FFE7F7F777FB4DF23410C2F2000004F090
:10AF500057FAFFE780BD0000FFE7FEE7FAF778F950
:10AF6000FFE7FEE786B0059004910392059800F094
:10AF7000070002900298C0F10700052802D3FFE7FE
:10AF8000042003E00298C0F10700FFE70190029857
:10AF90000430062802D8FFE7002002E002980338B8
:10AFA000FFE7009004980199012202FA01F10139AA
:10AFB000084000998840039B02FA01F101391940C9
:10AFC000084306B07047000080B5F8F719FF80BD50
:10AFD000EFF30980BFF36F8F154B1A681EF0100F47
:10AFE00008BF20ED108A20E9F04F10602DE909001C
:10AFF0004FF0500080F31188BFF34F8FBFF36F8F76
:10B000000DF0E2FA4FF0000080F31188BDE809006E
:10B0100019680868B0E8F04F1EF0100F08BFB0ECD8
:10B02000108A80F30988BFF36F8F704700BF00BF9D
:10B030001014002080B505F0EDFA80BD000000007E
:10B04000074B19680868B0E8F04F80F30988BFF330
:10B050006F8F4FF0000080F31188704700BF00BF72
:10B060001014002080B505F061FB80BD82B0019016
:10B07000FFF75CFFFFE7012008F064FAFBE7000040
:10B0800080B54EF21000CEF2000000680EF02EFCEB
:10B09000012803D0FFE70DF015FCFFE780BD00009D
:10B0A00080B594B008A83021F6F7F5FA0020079093
:10B0B0000690059004900390FFE70020029043F66D
:10B0C0004000C4F20200016841F080510160006854
:10B0D00000F0805002900298FFE7FFE70020019007
:10B0E00047F20000C4F20000016841F480410160B1
:10B0F000006800F4804001900198FFE7012008906B
:10B100004FF48030099002200E904FF480010F918F
:10B1100008211091A821119112900720139008A8DE
:10B12000FAF7AAF810B1FFE7F7F784FA0F200390B7
:10B1300002200490002005904FF4A05006904FF498
:10B140008050079003A8F9F787FE10B1FFE7F7F7E3
:10B1500071FAF9F7B3FF14B080BD00004EF68850C5
:10B16000CEF20000016841F4700101604EF6085013
:10B17000CEF200004FF000610160704740F2D470E1
:10B18000C2F2000000680069C00748B3FFE740F260
:10B19000D470C2F2000001686FF001020A61006819
:10B1A0000068C00600280DD5FFE74DF64C30C2F20E
:10B1B000000040688168C268013962F10002816064
:10B1C000C2600CE04DF64C30C2F20000406881686D
:10B1D000C268013142F100028160C260FFE7FFE70F
:10B1E0007047000040F68800C2F200000068006965
:10B1F000C00748B3FFE740F68800C2F200000168CC
:10B200006FF001020A6100680068C00600280DD5D1
:10B21000FFE74DF64C30C2F20000C0688168C2689A
:10B22000013962F100028160C2600CE04DF64C30E1
:10B23000C2F20000C0688168C268013142F10002B8
:10B240008160C260FFE7FFE77047000040F63C10F6
:10B25000C2F2000000680069C00748B3FFE740F68B
:10B260003C10C2F2000001686FF001020A61006840
:10B270000068C00600280DD5FFE74DF64C30C2F23D
:10B28000000080688168C268013962F10002816053
:10B29000C2600CE04DF64C30C2F20000806881685C
:10B2A000C268013142F100028160C260FFE7FFE73E
:10B2B0007047000040F6F010C2F20000006800691C
:10B2C000C00748B3FFE740F6F010C2F20000016883
:10B2D0006FF001020A6100680068C00600280DD501
:10B2E000FFE74DF64C30C2F2000000688168C2688A
:10B2F000013962F100028160C2600CE04DF64C3011
:10B30000C2F2000000688168C268013142F10002A7
:10B310008160C260FFE7FFE770470000B0B582B010
:10B3200040F6A420C2F2000000680069C0070028AF
:10B330004AD0FFE740F6A420C2F2000000686FF098
:10B34000010101614DF64C35C2F20005286840F656
:10B35000F011C2F2000109684A6A0024002306F0D5
:10B3600097FE686840F2D471C2F2000109684A6A27
:10B37000002306F08DFEA86840F63C11C2F20001E1
:10B3800009684A6A002306F083FEE86840F68801EF
:10B39000C2F2000109684A6A002306F079FE0194AE
:10B3A000FFE7019803280EDCFFE701984DF64C31CA
:10B3B000C2F2000151F8200006F09CFDFFE7019861
:10B3C00001300190EDE7FFE702B0B0BD80B540F677
:10B3D0007450C2F2000000680069C00788B1FFE73E
:10B3E00040F67450C2F2000000686FF00101016184
:10B3F0000020C4F202004FF480710122F8F7BEF978
:10B40000FFE740F67450C2F200000068006900F0E7
:10B4100002000021B1EB500F11D0FFE740F674504D
:10B42000C2F2000000686FF0020101610020C4F266
:10B4300002004FF480710022F8F7A0F9FFE780BD09
:10B4400080B541F21830C2F20000FBF7ABF980BDC5
:10B4500070B540F62860C2F200000068006900F094
:10B4600002000021B1EB500F29D0FFE740F6286021
:10B47000C2F2000000686FF00201016141F2143471
:10B48000C2F2000420684DF6BC61C2F2000151F81E
:10B490002000416A002088472068032802D1FFE786
:10B4A000002006E041F21430C2F2000000680130D2
:10B4B000FFE741F21431C2F200010860FFE740F6F5
:10B4C0002860C2F2000000680069C00710B3FFE7FF
:10B4D00040F62864C2F2000420686FF001010161A7
:10B4E00041F21435C2F2000528684DF6BC66C2F27E
:10B4F000000656F82000416A01208847286856F85F
:10B5000020000AF085FF286856F8200000692168AD
:10B510004863FFE770BD000083B00290019102987C
:10B520000068009002980021C4F20101884225D0F1
:10B53000FFE70298B0F1804F20D0FFE7029840F279
:10B540000041C4F20001884218D0FFE7029840F69B
:10B550000001C4F20001884210D0FFE7029840F6D3
:10B560000041C4F20001884208D0FFE7029840F28F
:10B570000041C4F2010188420AD1FFE7009820F09F
:10B580007000009001984068009908430090FFE720
:10B5900002980021C4F20101884255D0FFE70298C9
:10B5A000B0F1804F50D0FFE7029840F20041C4F262
:10B5B0000001884248D0FFE7029840F60001C4F23B
:10B5C0000001884240D0FFE7029840F60041C4F2F3
:10B5D0000001884238D0FFE7029840F20041C4F2EF
:10B5E0000101884230D0FFE7029844F20001C4F222
:10B5F0000101884228D0FFE7029844F20041C4F2DA
:10B600000101884220D0FFE7029844F60001C4F20D
:10B610000101884218D0FFE7029841F60001C4F208
:10B620000001884210D0FFE7029841F60041C4F2C1
:10B630000001884208D0FFE7029842F20001C4F2FC
:10B64000000188420AD1FFE7009820F44070009082
:10B650000198C068009908430090FFE7009820F027
:10B660008000019949690843009000980299086098
:10B67000019880680299C8620198006802998862FE
:10B6800002980021C4F20101884208D0FFE7029825
:10B6900040F20041C4F20101884205D1FFE7019860
:10B6A000006902990863FFE702980121416102984D
:10B6B0000069C00730B1FFE70298016921F001017C
:10B6C0000161FFE703B0704784B0039002910192DB
:10B6D000029800F01F00012101FA00F0009000988C
:10B6E00003990A6A22EA000008620198029901F0AF
:10B6F0001F01884003990A6A1043086204B070472A
:10B7000085B00490039102920193049880680090A0
:10B71000009820F47F40009003980299019A41EA32
:10B72000022108430099084300900098049988601A
:10B7300005B0704783B00290019102988068009034
:10B74000009820F07000009001980099084340F0A4
:10B750000700009000980299886003B070470000CD
:10B7600085B0049003910498006A01900498016ADE
:10B7700021F00101016204984068009004988069FA
:10B780000290029820F070000290029820F00300CE
:10B79000029003980068029908430290019820F0F3
:10B7A0000200019003988068019908430190049871
:10B7B0000021C4F20101884208D0FFE7049840F25A
:10B7C0000041C4F2010188420ED1FFE7019820F048
:10B7D000080001900398C0680199084301900198FE
:10B7E00020F004000190FFE704980021C4F2010159
:10B7F000884208D0FFE7049840F20041C4F20101FA
:10B80000884213D1FFE7009820F4807000900098E0
:10B8100020F400700090039840690099084300905C
:10B8200003988069009908430090FFE70098049905
:10B8300048600298049988610398406804994863B5
:10B8400001980499086205B07047000085B0049023
:10B8500003910498006A01900498016A21F0100194
:10B8600001620498406800900498806902900298F0
:10B8700020F4E0400290029820F440700290039877
:10B880000068029941EA00200290019820F020000F
:10B89000019003988068019941EA00100190049892
:10B8A0000021C4F20101884208D0FFE7049840F269
:10B8B0000041C4F2010188420FD1FFE7019820F056
:10B8C000800001900398C068019941EA001001903E
:10B8D000019820F040000190FFE704980021C4F295
:10B8E0000101884208D0FFE7049840F20041C4F209
:10B8F0000101884215D1FFE7009820F48060009094
:10B90000009820F40060009003984069009941EA93
:10B910008000009003988069009941EA80000090BF
:10B92000FFE7009804994860029804998861039899
:10B9300040680499886301980499086205B07047CB
:10B9400085B0049003910498006A01900498016AFC
:10B9500021F4807101620498406800900498C069E5
:10B960000290029820F070000290029820F00300EC
:10B97000029003980068029908430290019820F40D
:10B980000070019003988068019941EA00200190BD
:10B9900004980021C4F20101884208D0FFE704980E
:10B9A00040F20041C4F2010188420FD1FFE7019843
:10B9B00020F4006001900398C068019941EA0020DA
:10B9C0000190019820F480600190FFE70498002125
:10B9D000C4F20101884208D0FFE7049840F2004118
:10B9E000C4F20101884215D1FFE7009820F480508D
:10B9F0000090009820F4005000900398406900994E
:10BA000041EA0010009003988069009941EA001013
:10BA10000090FFE700980499486002980499C86173
:10BA2000039840680499C86301980499086205B0B6
:10BA30007047000085B0049003910498006A01905B
:10BA40000498016A21F480510162049840680090D2
:10BA50000498C0690290029820F4E0400290029895
:10BA600020F44070029003980068029941EA002097
:10BA70000290019820F40050019003988068019989
:10BA800041EA0030019004980021C4F2010188428B
:10BA900008D0FFE7049840F20041C4F20101884257
:10BAA0000BD1FFE7009820F4804000900398406994
:10BAB000009941EA80100090FFE7009804994860DF
:10BAC00002980499C8610398406804990864019831
:10BAD0000499086205B0704781B00090009847F261
:10BAE0006511C0F60001C0F88010009847F2891176
:10BAF000C0F60001C0F88410009847F29111C0F61A
:10BB00000001C0F88810009847F29911C0F60001B2
:10BB1000C0F88C10009846F29571C0F60001C0F88C
:10BB20009010009846F29D71C0F60001C0F8941084
:10BB3000009846F6F931C0F60001C0F89810009858
:10BB400046F6C161C0F60001C0F89C10009846F6A8
:10BB5000C961C0F60001C0F8A010009846F28D71CE
:10BB6000C0F60001C0F8A410009845F62541C0F6C3
:10BB70000001C0F8A810009845F62D41C0F600015C
:10BB8000C0F8AC10009845F61D41C0F60001C0F8A1
:10BB9000B01001B07047000085B00490039102928C
:10BBA0000498006A00900498016A21F00101016282
:10BBB000049880690190019820F0F00001900298AB
:10BBC000019941EA00100190009820F00A000090CD
:10BBD000039800990843009001980499886100989F
:10BBE0000499086205B0704785B0049003910292F1
:10BBF0000498006A00900498016A21F01001016223
:10BC0000049880690190019820F470400190029896
:10BC1000019941EA00300190009820F0A0000090C6
:10BC20000398009941EA00100090019804998861F6
:10BC300000980499086205B07047000080B582B092
:10BC4000019001980AF08AFB0090009828B1FFE764
:10BC50000098016840688847FFE702B080BD000097
:10BC600080B540F6DC60C2F20000FBF799FB80BDB6
:10BC700080B582B001900198806B009000980021FF
:10BC8000C1850098C1840098816D884702B080BD4D
:10BC900080B584B00390002002900398806B0190DF
:10BCA000019800684069C0B2C0090290019890F8FC
:10BCB000410021280AD1FFE7029838B1FFE7019837
:10BCC0000021C184019800F05BF9FFE7019800684A
:10BCD0004069C0F380100290019890F84200222839
:10BCE0000AD1FFE7029838B1FFE701980021C1852A
:10BCF000019800F0E9F8FFE70198416C41F010016C
:10BD000041640198816D884704B080BD80B586B0DC
:10BD100005900598806B0490059800680068C00540
:10BD200000285AD4FFE704980021C185FFE7FFE708
:10BD30000498006850E8030F20F480700390FFE738
:10BD400003980499096841E80302002AF0D1FFE74B
:10BD5000FFE7FFE7FFE70498006850E8050F20F0D1
:10BD600001000290FFE702980499096841E8050282
:10BD7000002AF0D1FFE7FFE7FFE7FFE7049800683C
:10BD800050E8050F20F040000190FFE7019804996A
:10BD9000096841E80502002AF0D1FFE7FFE70498AF
:10BDA000202180F842100498006B012814D1FFE78D
:10BDB000FFE7FFE70498006850E8030F20F0100049
:10BDC0000090FFE700980499096841E80302002AFF
:10BDD000F0D1FFE7FFE7FFE7FFE7049800214163A9
:10BDE0000498006B012805D1FFE70498C26E818D8D
:10BDF000904703E00498416D8847FFE706B080BD97
:10BE000080B582B001900198806B0090009801216C
:10BE100041630098006B012806D1FFE70098C26ECD
:10BE2000818D4908904703E00098016D8847FFE73E
:10BE300002B080BD80B584B003900398806B0290FF
:10BE4000039800680068C00500282AD4FFE702981C
:10BE50000021C184FFE7FFE70298006850E8050F62
:10BE600020F080000190FFE701980299096841E8FD
:10BE70000502002AF0D1FFE7FFE7FFE7FFE702989E
:10BE8000006850E8030F40F040000090FFE7009882
:10BE90000299096841E80302002AF0D1FFE7FFE7B1
:10BEA00003E00298C16C8847FFE704B080BD000042
:10BEB00080B582B001900198806B00900098816CF1
:10BEC000884702B080BD000084B00390FFE7FFE721
:10BED0000398006850E8030F20F490700290FFE789
:10BEE00002980399096841E80302002AF0D1FFE7AC
:10BEF000FFE7FFE7FFE70398006850E8050F20F031
:10BF000001000190FFE701980399096841E80502E3
:10BF1000002AF0D1FFE7FFE70398006B012814D156
:10BF2000FFE7FFE7FFE70398006850E8030F20F002
:10BF300010000090FFE700980399096841E80302A8
:10BF4000002AF0D1FFE7FFE7FFE70398202180F800
:10BF5000421003980021016304B0704780B582B09D
:10BF6000019001980068C16821F04001C16001980A
:10BF7000202180F841100198C16C884702B080BD33
:10BF800082B00190FFE7FFE70198006850E8030FD7
:10BF900020F0C0000090FFE700980199096841E88F
:10BFA0000302002AF0D1FFE7FFE70198202180F883
:10BFB000411002B07047000081B00090009848F234
:10BFC000B901C0F600018164009848F2B101C0F6E1
:10BFD0000001C164009847F69D61C0F6000101654B
:10BFE000009847F69561C0F600014165009847F258
:10BFF0009931C0F600018165009847F26D21C0F6C5
:10C000000001C165009847F29131C0F60001016658
:10C01000009847F28931C0F600014166009847F266
:10C020006121C0F60001C16601B0704780B586B0DD
:10C030000490049890F84200222840F0A480FFE782
:10C0400004988068B0F5805F15D1FFE70498006917
:10C0500088B9FFE7002003900498806A0290049852
:10C06000006840686FF35F20029908800498816A35
:10C070000231816225E00498806A039000200290DA
:10C0800004988068B0F5805F08D0FFE70498806866
:10C0900050B9FFE70498006930B9FFE704980068D9
:10C0A00040680399087007E004980068406800F051
:10C0B0007F0003990870FFE70498816A013181626B
:10C0C000FFE70498C18D0139C1850804002856D1C5
:10C0D000FFE704980068C16821F02001C16004985E
:10C0E0000068C16821F48071C160049800684169EA
:10C0F00021F0010141610498202180F84210049848
:10C10000002141630498006B012830D1FFE70498B7
:10C1100000210163FFE7FFE70498006850E8030F80
:10C1200020F010000190FFE701980499096841E8A8
:10C130000302002AF0D1FFE7FFE7049800680068D7
:10C14000C00600280ED5FFE7FFE700200090049806
:10C1500000680068009004980068406800900098AB
:10C16000FFE7FFE70498C26E818D904703E00498D3
:10C17000416D8847FFE700208DF8170007E0002099
:10C180008DF8170003E002208DF81700FFE706B0D6
:10C1900080BD0000B0B584B00390039800680069CA
:10C1A00020F4405003990A68C96808431061039855
:10C1B000816802694369C0691143194308430290C9
:10C1C00003980068C06849F20C61884302990843EB
:10C1D00003990968C86003980068406920F44070BA
:10C1E00003990A688969084350610398006841F21D
:10C1F0000001C4F20101884209D0FFE703980068FA
:10C2000041F20041C4F20101884204D1FFE7F8F78E
:10C210009DFF019003E0F8F787FF0190FFE7039887
:10C22000C069B0F5004F25D1FFE701981921A0FBA7
:10C230000101039A156853685A00DB0FF5F7AEFE4B
:10C2400048F21F51C5F2EB11A0FB01235A0913015B
:10C25000642402FB1400322202EBC000A0FB0101A7
:10C26000F82000EA511003EB4000C1F342110844EA
:10C27000A86023E001981921A0FB0101039A14682A
:10C2800053689A009B0FF5F789FE48F21F51C5F2DB
:10C29000EB11A0FB01235A09642302FB1300322394
:10C2A00003EB0010A0FB0101F02000EA511000EBAD
:10C2B0000210C1F343110844A060FFE704B0B0BD11
:10C2C00080B588B007900691ADF8162006980799BA
:10C2D0008862BDF816000799888507980021416497
:10C2E0000798222280F842200798C06B4BF60D5227
:10C2F000C0F60002C2630798C06B4BF60162C0F63D
:10C30000000202640798C06B4BF69142C0F600022F
:10C31000C2640798C06B016506A80490079801687D
:10C32000C06B0431049A1268BDF81630F6F7C6FFE8
:10C33000FFE70020039007980068006803900798C3
:10C340000068406803900398FFE707980069A0B170
:10C35000FFE7FFE7FFE70798006850E8030F40F4A6
:10C3600080700290FFE702980799096841E803028C
:10C37000002AF0D1FFE7FFE7FFE7FFE7FFE70798B5
:10C38000006850E8050F40F001000190FFE70198B8
:10C390000799096841E80502002AF0D1FFE7FFE7A5
:10C3A000FFE7FFE70798006850E8050F40F04000FE
:10C3B0000090FFE700980799096841E80502002A04
:10C3C000F0D1FFE7FFE708B080BD000083B0019027
:10C3D000019890F8410021283AD1FFE70198806840
:10C3E000B0F5805F13D1FFE70198006978B9FFE7E6
:10C3F0000198006A0090009800886FF35F2001990F
:10C40000096848600198016A0231016208E00198F8
:10C41000016A4A1C02620878019909684860FFE7CE
:10C420000198C18C0139C184080468B9FFE70198FB
:10C430000068C16821F08001C16001980068C1688E
:10C4400041F04001C160FFE700208DF80B0003E0E0
:10C4500002208DF80B00FFE703B0704780B588B06D
:10C460000690059100208DF8130003920293FFE7D8
:10C4700006980068006805990840401AB0FA80F0F4
:10C4800040099DF8131088424DD1FFE70298013012
:10C49000002847D0FFE7F7F789F90399401A029976
:10C4A000884203D8FFE7029820B9FFE703208DF800
:10C4B0001F003CE006980068C0684007002830D59F
:10C4C000FFE7059880282CD0FFE70598402828D062
:10C4D000FFE706980068006800F008000121B1EB52
:10C4E000D00F1DD1FFE7FFE70020019006980068FC
:10C4F0000068019006980068406801900198FFE785
:10C500000698FFF7E1FC069808214164FFE70698CA
:10C51000002180F84010FFE701208DF81F0006E0A1
:10C52000FFE7FFE7A4E700208DF81F00FFE79DF875
:10C530001F0008B080BD000080B540F6CC70C2F28C
:10C540000000FAF72DFF80BD80B541F24400C2F231
:10C550000000FAF725FF80BD10B541F2BC00C2F221
:10C56000000000680068C0B20021B1EBD01F2DD0E0
:10C57000FFE741F2BC00C2F2000000686FF08001EA
:10C58000016047F2DC70C2F20100416AC07D0330F5
:10C59000814210D2FFE747F2DC70C2F20100416A2B
:10C5A0004A1C42620844007D41F2BC01C2F2000113
:10C5B0000968486009E041F2BC00C2F2000000686E
:10C5C000C16821F08001C160FFE7FFE741F2BC00D4
:10C5D000C2F200000068006800F040000021B1EBEA
:10C5E000901F32D0FFE741F2BC00C2F200000068A9
:10C5F0006FF04001016041F20004C4F202042046E1
:10C600004FF480710022F7F7B9F82046802101220B
:10C61000F7F7B4F847F2DC70C2F2010090F8280096
:10C62000C00740B1FFE740F22C40C2F200000068B2
:10C6300007F088FBFFE741F2BC00C2F2000000688F
:10C64000C16821F04001C160FFE741F2BC00C2F2C5
:10C6500000000068006800F020000021B1EB501FCE
:10C6600018D0FFE741F2BC00C2F2000001686FF091
:10C6700020020A6000684068C0B20AF019FE40B9A2
:10C68000FFE740F22C40C2F20000006807F05AFBBE
:10C69000FFE7FFE710BD000080B582B001908DF884
:10C6A0000310019800F0BEF9ADF80000BDF80000DD
:10C6B0004FF6FF7188420ED0FFE79DF8030000F5AA
:10C6C00000400199BDF8002002F00F0201EB820149
:10C6D000C1F88404FFE79DF8000002B080BD0000AF
:10C6E00080B582B001908DF8031001989DF8031079
:10C6F00001F0C4FD002002B080BD000080B582B012
:10C7000001908DF8031001988078012810D1FFE77F
:10C7100001980221017401980121417401980021BE
:10C7200041829DF80300019A90820198C182FFE73F
:10C7300001980021002200F01FF802B080BD000027
:10C7400080B588B007900691ADF816208DF81530A9
:10C7500007989DF81510DDF818C0BDF816300022B6
:10C7600003920293CDF804C001220092012200231B
:10C7700001F068FF08B080BD80B584B003900291DD
:10C78000ADF8062001208DF8050003988078012877
:10C7900003D0FFE702281CD048E002980399886084
:10C7A000BDF806000399888103980121017603985A
:10C7B000022282708DF8051003980321C0F8E0145E
:10C7C0000399D1F8D80401F59C61002207F044F8E0
:10C7D0002DE0039801F066F88DF805009DF805003E
:10C7E00028B1FFE79DF80500032807D1FFE703986C
:10C7F000012181700398002101760AE09DF805006F
:10C80000022804D1FFE703980121817000E0FFE7CF
:10C81000FFE703980321C0F8E0140399D1F8D80486
:10C8200001F59C61002207F017F800E0FFE79DF892
:10C83000050004B080BD000080B588B00790069167
:10C84000ADF816208DF8153001208DF814000798EA
:10C8500090F81D0420B1FFE700208DF81400FFE7D9
:10C8600007989DF81510DDF818C0BDF816309DF832
:10C87000142003920293CDF804C0012200920022FA
:10C88000002301F0DFFE08B080BD000080B588B055
:10C89000079006918DF8172007989DF81710069AB3
:10C8A0004FF0000CCDF80CC0082302930192CDF894
:10C8B00000C00022002301F0C5FE08B080BD0000CA
:10C8C00080B582B001900198F6F758FD02B080BDA6
:10C8D00086B004908DF80F108DF80E208DF80D3075
:10C8E00000208DF803000290049800F58760019005
:10C8F000FFE79DF80300012837D8FFE701989DF86E
:10C9000003101A2211FB02000A30029002984079AB
:10C910009DF80F10884205D0FFE79DF80F00FF2813
:10C920001DD1FFE7029880799DF80E10884205D04E
:10C93000FFE79DF80E00FF2811D1FFE70298C079AC
:10C940009DF80D10884205D0FFE79DF80D00FF28E7
:10C9500005D1FFE79DF803008DF8170009E09DF869
:10C96000030001308DF80300C3E7FF208DF81700A6
:10C97000FFE79DF8170006B07047000082B00190F5
:10C980008DF803109DF803000F280CD8FFE70198DD
:10C990009DF8031000EB8100D0F884146FF3DF31B1
:10C9A000C0F88414FFE7002002B0704780B584B05F
:10C9B000DDF818C003908DF80B10ADF80820019336
:10C9C000ADF802C003988078012823D1FFE79DF8D5
:10C9D0000B0040F08000039908740398062141740D
:10C9E000BDF80800039948829DF809004FF4407192
:10C9F000B1EB002F05D1FFE7039840F20941818296
:10CA000003E0039800218182FFE7BDF8020003994B
:10CA1000C882FFE703980199BDF80220FFF7ACFE3A
:10CA200004B080BD83B0019000208DF80300FFE7C3
:10CA30009DF803000F2817D8FFE701989DF8031011
:10CA400000EB810090F885040006002805D4FFE77C
:10CA50009DF80300ADF80A000BE0FFE79DF8030026
:10CA600001308DF80300E3E74FF6FF70ADF80A00E0
:10CA7000FFE7BDF80A0003B07047000083B00290E2
:10CA800001910298007801990A8810440880029860
:10CA9000017808440090009803B0704780B586B0D4
:10CAA0000490ADF80E1004981C300290BDF80E00F2
:10CAB000B0F5007F06D9FFE7FFE7FFE703208DF819
:10CAC00017001DE00498029BBDF80E100091002194
:10CAD0004FF40072FFF76AFF8DF80D009DF80D000E
:10CAE00048B9FFE704980299BDF80E2001F014FE42
:10CAF0008DF80D00FFE79DF80D008DF81700FFE79A
:10CB00009DF8170006B080BD80B584B00290ADF8E6
:10CB10000610BDF80600B0F5007F06D9FFE7FFE775
:10CB2000FFE703208DF80F001FE0029800F5077360
:10CB3000BDF80610009100214FF48072FFF736FF18
:10CB40008DF805009DF8050050B9FFE7029800F543
:10CB50000771BDF8062001F001FF8DF80500FFE721
:10CB60009DF805008DF80F00FFE79DF80F0004B059
:10CB700080BD000080B586B004908DF80F10029241
:10CB8000FF20ADF80600BDF80600B0F5007F03D821
:10CB9000FFE7029830B9FFE7FFE7FFE703208DF8D2
:10CBA000170020E004989DF80F1001F5407200F581
:10CBB0000773BDF8061000910021FFF7F7FE8DF80E
:10CBC00005009DF8050048B9FFE7049800F50770D7
:10CBD0000299BDF8062002F09BF8FFE79DF80500DA
:10CBE0008DF81700FFE79DF8170006B080BD000024
:10CBF00081B08DF8030000208DF802009DF803003D
:10CC0000032813D8DFE800F002060A0E00208DF892
:10CC100002000FE002208DF802000BE001208DF8E9
:10CC2000020007E002208DF8020003E002208DF8E8
:10CC30000200FFE79DF8020001B0704780B584B0A4
:10CC4000039001208DF80B008DF80A000398D0F8AE
:10CC50007C04C069019001984079052867D8DFE815
:10CC600000F003650D032A420198263003991C3118
:10CC700000F072FC01980221417159E0039801997A
:10CC8000C98D00F02FFA8DF80A009DF80A0020B92E
:10CC9000FFE70198042141710CE09DF80A00032888
:10CCA00006D1FFE7FFE7FFE702208DF80B0000E069
:10CCB000FFE7FFE73CE0039800F0AEFD8DF80A00C7
:10CCC0009DF80A0020B9FFE701980521417109E0AC
:10CCD0009DF80A00032804D1FFE70198052141715E
:10CCE000FFE7FFE724E0039800F0B8FD8DF80A00A5
:10CCF0009DF80A0060B9FFE701980121417103988E
:10CD0000D0F8D4240221904700208DF80B000CE0CD
:10CD10009DF80A00032806D1FFE7FFE7FFE702209E
:10CD20008DF80B0000E0FFE7FFE701E0FFE7FFE71A
:10CD30009DF80B0004B080BD80B584B003900398CB
:10CD400000F090F9FF2826D1FFE7039800F0B6F92C
:10CD50000290029808B9FFE71EE002980088ADF83B
:10CD60000000029880788DF802000298C0788DF853
:10CD70000300029800798DF80400029840798DF83C
:10CD80000500029880798DF8060069460820072280
:10CD900007F03CFF00E0FFE704B080BD83B00290E5
:10CDA0000191ADF802200298002181800298C18093
:10CDB00002988172BDF802000299088101980299D7
:10CDC000086003B07047000085B003904DF6F8206E
:10CDD000C2F200000290ADF806100298009003988D
:10CDE000807AD8BBFFE70398012181720020ADF85B
:10CDF0000400FFE7BDF80400BDF8061088422CDAF5
:10CE0000FFE70398C1888088814217D0FFE7039825
:10CE10000168C088085C00994A1C00920870039859
:10CE2000C1880131C1800398C1880089814204D141
:10CE3000FFE703980021C180FFE707E00398002186
:10CE40008172BDF80400ADF812000FE0FFE7BDF8F5
:10CE500004000130ADF80400CCE7FFE7039800219F
:10CE60008172BDF80600ADF81200FFE7BDF81200B0
:10CE700005B0704785B003900291ADF80620029886
:10CE800000900398807A002847D1FFE7039801219A
:10CE900081720020ADF80400FFE7BDF80400BDF882
:10CEA0000610884238DAFFE7039881880131C0888C
:10CEB00081420BD0FFE703988188013100898142CC
:10CEC0000CD1FFE70398C08840B9FFE70398002121
:10CED0008172BDF80400ADF8120026E00098411CF4
:10CEE0000091007803990A688988505403988188D2
:10CEF00001318180039881880089814204D1FFE754
:10CF0000039800218180FFE7FFE7FFE7BDF80400F9
:10CF10000130ADF80400C0E7FFE7039800218172FB
:10CF2000BDF80600ADF81200FFE705B0704700003D
:10CF300080B584B002900298D0F87C04C06901905A
:10CF40000198008B20B9FFE702208DF80F003EE02A
:10CF5000019901F10800098BFFF736FF0199098B50
:10CF6000884230D1FFE74DF6F820C2F20000007D84
:10CF7000022804D1FFE702208DF80F0027E04DF6CC
:10CF8000F820C2F200008179C27942EA01214DF60F
:10CF9000F022C2F20002118041790F2323EA01013D
:10CFA000917041788039D1708178C1F17F01117120
:10CFB000C178803951710079C0F17F0090710020F3
:10CFC0008DF80F0003E002208DF80F00FFE79DF8B9
:10CFD0000F0004B080BD000080B584B003900398BA
:10CFE000D0F87C04C06901904DF6F020C2F2000038
:10CFF00000210180C1700171417181710291FFE7CF
:10D0000002981F2812D8FFE702984DF6F821C2F2C5
:10D01000000100220A5402984DF61831C2F20001B4
:10D020000A54FFE7029801300290E9E70198008B6B
:10D03000212804D3FFE7019820210183FFE701980D
:10D040004DF61831C2F20001416101980830039990
:10D0500001F507714FF4A072FFF7A0FE002004B0A5
:10D0600080BD000082B00190FF208DF80300019880
:10D0700000780B281ED1FFE7019890F824141A229B
:10D0800011FB020090F849048DF802009DF802009F
:10D09000012804D1FFE702208DF8030009E09DF884
:10D0A0000200022804D1FFE701208DF80300FFE70A
:10D0B000FFE7FFE79DF8030002B0704780B582B03C
:10D0C00000900098FFF734FF30B9FFE74DF6F020ED
:10D0D000C2F20000019002E000200190FFE70198F9
:10D0E00002B080BD80B584B00290ADF80610BDF8E6
:10D0F0000600B0F5007F06D9FFE7FFE7FFE7032052
:10D100008DF80F0011E0029800F50773BDF80610C6
:10D11000009101214FF40852FFF748FC8DF80500FB
:10D120009DF805008DF80F00FFE79DF80F0004B093
:10D1300080BD000080B584B0039001208DF80B0005
:10D1400000238DF80A3001918DF803200399A12264
:10D150000A74039948749DF80B009DF80A1041EA7F
:10D16000002003994882039883829DF80300039965
:10D17000C882039801999DF80320FFF7FDFA04B0D7
:10D1800080BD000080B582B001900198D0F87C0489
:10D19000C06900900098407870B1FFE7019800994D
:10D1A0004978FFF79DFA019800994978FFF7E6FB67
:10D1B000009800214170FFE70098007870B1FFE708
:10D1C000019800990978FFF78BFA0198009909787E
:10D1D000FFF7D4FB009800210170FFE70198D0F819
:10D1E0007C04C06960B1FFE70198D0F87C04C06995
:10D1F000F3F7C8F80198D0F87C040021C161FFE77B
:10D20000002002B080BD000080B588B006900020EC
:10D210008DF80E000698D0F87C1409790022FF23BF
:10D22000FFF756FB8DF80D009DF80D00FF2805D087
:10D23000FFE79DF80D00022806D3FFE7FFE7FFE7B1
:10D2400002208DF81F0017E106989DF80D1002F0DE
:10D250004BF88DF817009DF8170020B1FFE702206A
:10D260008DF81F0008E13420F3F75DF80699D1F836
:10D270007C14C8610698D0F87C04C06904900498B6
:10D2800030B9FFE7FFE7FFE702208DF81F00F3E06A
:10D2900004983421F4F7FFF9049807218170069867
:10D2A0009DF80D101A2211FB020090F84904012884
:10D2B00009D1FFE7FFE7FFE704984DF28141C0F68F
:10D2C000000101633CE006989DF80D101A2211FB45
:10D2D000020090F84904022809D1FFE7FFE7FFE7C1
:10D2E00004984DF2ED41C0F60001016327E0069875
:10D2F000B0F8300440F22651884208D0FFE7069883
:10D30000B0F8300440F27551884211D1FFE7069819
:10D31000B0F82E0442F26351884209D1FFE7FFE7DB
:10D32000FFE704984CF6D971C0F60001016305E0EF
:10D33000FFE7FFE702208DF81F009DE0FFE7FFE712
:10D340000498002181700498417106989DF80D1091
:10D350001A2211FB020090F84E0404998876069870
:10D360009DF80D1011FB0200B0F8500404990883D9
:10D3700006989DF80D1011FB020090F852040499D4
:10D3800088830498808B312804DCFFE704983221DD
:10D390008183FFE706989DF80D101A2211FB020009
:10D3A00090F84604022809D8FFE706989DF80D106A
:10D3B0001A2211FB020090F8460401E00220FFE768
:10D3C0008DF80F0000208DF80E00FFE79DF80E008D
:10D3D0009DF80F1088424BDAFFE706989DF80D1074
:10D3E0001A2211FB02009DF80E1000EBC10090F80C
:10D3F0004E040006002833D5FFE706989DF80D106F
:10D400001A2211FB02009DF80E1000EBC10090F8EB
:10D410004E0404990871069804990979FFF73CF9BC
:10D42000049948700698DDF810C09CF801109CF82B
:10D43000042090F81C3490F81DE4BCF818C0CDF816
:10D4400008C04FF0030CCDF804C0CDF800E001F0A7
:10D4500037F9069804994978002201F093F800E022
:10D46000FFE7FFE79DF80E0001308DF80E00ADE7F5
:10D4700000208DF81F00FFE79DF81F0008B080BD59
:10D4800080B584B003900398D0F87C04C069019003
:10D4900000200290FFE7029807280CD8FFE70298C7
:10D4A0004CF64451C2F2000100220A54FFE70298F0
:10D4B00001300290EFE70198008B092804D3FFE7C1
:10D4C000019808210183FFE701984CF64451C2F20C
:10D4D0000001416101980830039901F5077150225C
:10D4E000FFF75CFC002004B080BD000080B584B074
:10D4F00003900398D0F87C04C0690190002002904A
:10D50000FFE7029807280CD8FFE702984CF64C5129
:10D51000C2F2000100220A54FFE702980130029093
:10D52000EFE70198008B092804D3FFE70198082151
:10D530000183FFE701984CF64C51C2F200014161B2
:10D5400001980830039901F507715022FFF726FC76
:10D55000002004B080BD000080B584B0039002912B
:10D560000298019002988178C07841EA0020ADF8D5
:10D570000200BDF802000A283BD3FFE70920ADF8FE
:10D580000000FFE7BDF80000BDF8021088422EDA67
:10D59000FFE701986946FFF771FA0190019840781A
:10D5A000212823D1FFE7019800780399087001989A
:10D5B00040780399487001988178C07841EA00204A
:10D5C000039948800198007903990871019840797E
:10D5D0000399487101988079039988710198C179FC
:10D5E000007A41EA00200399088101E0CAE7FFE7D9
:10D5F000FFE704B080BD000080B586B00590002034
:10D600008DF813000598D0F87C04C0690390039846
:10D610008078062800F2CF80DFE800F00418CDCD36
:10D620006D5681000398016B059888470398012186
:10D63000817005980221C0F8E0140599D1F8D8044A
:10D6400001F59C61002206F007F9B5E00598039A00
:10D650005169127EFFF76EFD8DF813009DF81300DF
:10D6600020B9FFE703980521817020E09DF81300A1
:10D67000012807D1FFE703980121817000208DF870
:10D68000130013E09DF81300032807D1FFE7039868
:10D690000521817000208DF8130006E00398072112
:10D6A000817002208DF81300FFE7FFE7FFE7059880
:10D6B0000221C0F8E0140599D1F8D80401F59C6165
:10D6C000002206F0C9F877E00598D0F8C404C00736
:10D6D00020B1FFE7039804218170FFE7059802213C
:10D6E000C0F8E0140599D1F8D80401F59C61002236
:10D6F00006F0B2F860E00598039B59691A7E5B78E2
:10D7000000F09EFD0398062181700598D0F8C404AE
:10D71000039908620398002180F824104CE00598D2
:10D720000399497800F056FE8DF807009DF8070030
:10D7300001282AD1FFE705980399497800F014FEE3
:10D740000290039890F82400F0B9FFE70298D8B14E
:10D75000FFE7039A02F108005169128BFFF78AFB79
:10D760000398012180F824100598FFF7E5FA059841
:10D770000221C0F8E0140599D1F8D80401F59C61A4
:10D78000002206F069F8FFE714E00598039949784C
:10D7900000F020FE05280CD1FFE705980399897E4B
:10D7A000FEF7ACFF20B9FFE7039804218170FFE783
:10D7B000FFE7FFE700E0FFE79DF8130006B080BD3C
:10D7C00080B582B001900198D0F87C04C0690090C7
:10D7D0000098807806281BD1FFE70198D0F8C40490
:10D7E00000990A6A801A898B884210D3FFE7009853
:10D7F0000421817001980221C0F8E0140199D1F848
:10D80000D80401F59C61002206F026F8FFE7FFE747
:10D81000002002B080BD000080B582B001903220AF
:10D820008DF8030000208DF80200019921220A746E
:10D8300001990A224A749DF803109DF8022042EAD9
:10D840000121019A5182019988820199C882019827
:10D8500000210022FEF790FF02B080BD80B582B0AB
:10D86000019000208DF80300019821210174019896
:10D870000B2141749DF8030020B1FFE701980021BE
:10D88000418203E0019801214182FFE701980021D4
:10D8900081820198C182019800210022FEF76CFF6D
:10D8A00002B080BD80B582B0019001208DF80200E9
:10D8B00000208DF801000198007E01380A2800F24E
:10D8C0001382DFE810F00B0015006F007E00C4002B
:10D8D000D300360145018F019E01E901019800F155
:10D8E00010014279FEF7D2FF019802210176FCE196
:10D8F0000198417900F06EFD8DF801009DF801005E
:10D90000012833D1FFE70198007C00F080008DF8FA
:10D9100003000198C08A70B1FFE79DF803008028DA
:10D9200004D1FFE701980321017603E00198052166
:10D930000176FFE70DE09DF80300802804D1FFE7A2
:10D9400001980921017603E0019807210176FFE79C
:10D95000FFE701980321C0F8E0140199D1F8D80439
:10D9600001F59C61002205F077FF1AE09DF80100A7
:10D97000042805D0FFE79DF80100022810D1FFE739
:10D9800001980B21017601980321C0F8E014019958
:10D99000D1F8D80401F59C61002205F05DFFFFE796
:10D9A000FFE7A2E10198D0F8C4040199C881019869
:10D9B000816882890379FEF7C3FE0198042101760C
:10D9C00093E10198017900F005FD8DF801009DF8C3
:10D9D0000100012810D1FFE7019809210176019883
:10D9E0000321C0F8E0140199D1F8D80401F59C6135
:10D9F000002205F031FFFFE79DF8010005280FD157
:10DA0000FFE703208DF802000199C1F8E0040199B5
:10DA1000D1F8D80401F59C61002205F01DFF15E046
:10DA20009DF80100042810D1FFE701980B21017631
:10DA300001980321C0F8E0140199D1F8D80401F548
:10DA40009C61002205F008FFFFE7FFE74DE1019828
:10DA5000816882894379FEF7EFFE0198D0F8C4040B
:10DA60000199C8810198062101763EE1019841792A
:10DA700000F0B0FC8DF801009DF80100012810D1E4
:10DA8000FFE701980721017601980321C0F8E0140F
:10DA90000199D1F8D80401F59C61002205F0DCFE63
:10DAA00046E09DF80100052812D1FFE701980C21FE
:10DAB000017603208DF802000199C1F8E004019974
:10DAC000D1F8D80401F59C61002205F0C5FE2EE0D6
:10DAD0009DF80100022810D1FFE701980521017689
:10DAE00001980321C0F8E0140199D1F8D80401F598
:10DAF0009C61002205F0B0FE18E09DF801000428AA
:10DB000013D1FFE701980B21017602208DF8020066
:10DB100001980321C0F8E0140199D1F8D80401F567
:10DB20009C61002205F098FEFFE7FFE7FFE7FFE7B3
:10DB3000DBE00198037900210022FEF701FE019845
:10DB4000D0F8C4040199C881019808210176CCE07D
:10DB50000198017900F03EFC8DF801009DF801006C
:10DB6000012813D1FFE701980D21017600208DF8DF
:10DB7000020001980321C0F8E0140199D1F8D804FB
:10DB800001F59C61002205F067FE2AE09DF8010086
:10DB9000042810D1FFE701980B2101760198032199
:10DBA000C0F8E0140199D1F8D80401F59C61002275
:10DBB00005F052FE14E09DF8010005280FD1FFE7A3
:10DBC00003208DF802000199C1F8E0040199D1F811
:10DBD000D80401F59C61002205F03EFEFFE7FFE757
:10DBE000FFE782E00198437900210022FEF724FE3E
:10DBF0000198D0F8C4040199C88101980A210176DE
:10DC000073E00198417900F0E5FB8DF801009DF883
:10DC10000100012813D1FFE700208DF802000198D0
:10DC20000D21017601980321C0F8E0140199D1F883
:10DC3000D80401F59C61002205F00EFE2BE09DF852
:10DC40000100022810D1FFE701980921017601980F
:10DC50000321C0F8E0140199D1F8D80401F59C61C2
:10DC6000002205F0F9FD15E09DF80100042810D10F
:10DC7000FFE701980B21017601980321C0F8E01419
:10DC80000199D1F8D80401F59C61002205F0E4FD6A
:10DC9000FFE7FFE7FFE728E00198417E0131CAB2C4
:10DCA0004176022A06D8FFE7019801210176019802
:10DCB000817018E00198D0F8D4240621904701988B
:10DCC00000214176FFE7FFE701984179FEF756FE14
:10DCD00001980179FEF752FE01980021017002209F
:10DCE0008DF80200FFE700E0FFE79DF8020002B0B8
:10DCF00080BD0000B0B586B0059001208DF81300FE
:10DD00008DF8120005984078072800F21882DFE8A5
:10DD100010F008005F009C00E00019015301A4010D
:10DD2000E90105980821FEF7EFFE8DF812009DF835
:10DD3000120020BBFFE7059890F82D14817105981B
:10DD400001214170059890F81C3490F81DC40179A8
:10DD50008279029200250195CDF800C0802200F062
:10DD6000AFFC059890F81C3490F81D244179847913
:10DD7000029401950092002200F0A2FC27E09DF899
:10DD80001200032821D1FFE7FFE7FFE7059890F88D
:10DD90001E14013180F81E14059890F81E04042802
:10DDA00006D3FFE7FFE7FFE705980D2101700BE0C1
:10DDB00005984179FEF7E2FD05980179FEF7DEFD51
:10DDC000059800210170FFE700E0FFE7FFE7B7E1FA
:10DDD00005981221FEF798FE8DF812009DF81200AA
:10DDE00040B9FFE7FFE7FFE7FFE7FFE705980221FC
:10DDF000417029E09DF81200032823D1FFE7FFE7D7
:10DE0000FFE7059890F81E14013180F81E1405985C
:10DE100090F81E04042806D3FFE7FFE7FFE7059804
:10DE20000D2101700DE005984179FEF7A7FD0598D9
:10DE30000179FEF7A3FD0598002141700598017056
:10DE4000FFE700E0FFE7FFE77AE1059801F074FAE9
:10DE50008DF812009DF8120040BBFFE70220FEF78C
:10DE60002FFD0598012180F81C14FFE7FFE70598B6
:10DE700003214170059890F81C3490F81D24017915
:10DE800085790295002401940092802200F018FC0C
:10DE9000059890F81C3490F81D24417985790295F5
:10DEA00001940092002200F00BFC11E09DF812009A
:10DEB00003280BD1FFE7FFE7FFE7FFE7FFE7059840
:10DEC0000D21017005980021417000E0FFE7FFE798
:10DED00036E105980921FEF7E1FD8DF812009DF865
:10DEE000120020B9FFE705980421417029E09DF850
:10DEF0001200032823D1FFE7FFE7FFE7059890F81A
:10DF00001E14013180F81E14059890F81E04042890
:10DF100006D3FFE7FFE7FFE705980D2101700DE04D
:10DF200005984179FEF72AFD05980179FEF726FD4F
:10DF300005980021417005980170FFE700E0FFE7B8
:10DF4000FFE7FDE00598B0F83A14FEF7A7FD8DF85D
:10DF500012009DF8120020B9FFE7059805214170D5
:10DF600029E09DF81200032823D1FFE7FFE7FFE730
:10DF7000059890F81E14013180F81E14059890F849
:10DF80001E04042806D3FFE7FFE7FFE705980D21ED
:10DF900001700DE005984179FEF7F0FC05980179D4
:10DFA000FEF7ECFC05980021417005980170FFE731
:10DFB00000E0FFE7FFE7C3E0059890F83404C8B33A
:10DFC000FFE7059890F8341400F50772FEF7D2FDCC
:10DFD0008DF812009DF8120090B9FFE7FFE7FFE708
:10DFE00005980621417005980521C0F8E0140599AF
:10DFF000D1F8D80401F59C61002205F02DFC18E051
:10E000009DF81200032812D1FFE7FFE7FFE705980C
:10E010000621417005980521C0F8E0140599D1F852
:10E02000D80401F59C61002205F016FC00E0FFE732
:10E03000FFE711E0FFE7FFE705980621417005982B
:10E040000521C0F8E0140599D1F8D80401F59C61C8
:10E05000002205F001FCFFE772E0059890F8350416
:10E0600068B3FFE7059890F8351400F50772FEF7DE
:10E0700081FD8DF812009DF8120030B9FFE7FFE72F
:10E08000FFE705980721417018E09DF8120003286A
:10E0900012D1FFE7FFE7FFE70598072141700598D8
:10E0A0000521C0F8E0140599D1F8D80401F59C6168
:10E0B000002205F0D1FB00E0FFE7FFE711E0FFE7FA
:10E0C000FFE705980721417005980521C0F8E01485
:10E0D0000599D1F8D80401F59C61002205F0BCFB3C
:10E0E000FFE72DE0059890F8360408B3FFE70598A0
:10E0F00090F8361400F50772FEF73CFD8DF812001B
:10E100009DF8120030B9FFE7FFE7FFE700208DF828
:10E1100013000CE09DF81200032806D1FFE7FFE78B
:10E12000FFE700208DF8130000E0FFE7FFE705E0C0
:10E13000FFE7FFE700208DF81300FFE700E0FFE7AF
:10E140009DF8130006B0B0BD80B582B00190019873
:10E1500000780B280BD1FFE70198D0F87C0430B190
:10E16000FFE70198D0F87C1489698847FFE702B07F
:10E1700080BD000010B584B04DF23410C2F2000032
:10E1800002904FF21940C0F60000019000208DF877
:10E190000300029830B9FFE7FFE7FFE702208DF8A0
:10E1A0000F0049E09DF80300029981F8CC04029821
:10E1B0000024C0F87C440298C0F880440298F4F728
:10E1C000B5F9029880F82344029880F82044029818
:10E1D00080F82144029880F82244019828B1FFE792
:10E1E00001980299C1F8D404FFE70024102004210B
:10E1F000002205F0B3FA0299C1F8D8044CF6205277
:10E20000C2F200024CF21A60C0F6010010604FF436
:10E21000006050611820906102994FF25120C0F6C1
:10E22000000005F0D1FD0299C1F8DC04029800F06D
:10E23000EDF88DF80F40FFE79DF80F0004B010BD1A
:10E2400080B588B0079006918DF817208DF81630AC
:10E2500007989DF81610DDF818C09DF817300022B9
:10E2600003920293CDF804C00122009201220323FD
:10E2700000F0E8F9002008B080BD000080B582B051
:10E2800001908DF8031000208DF802008DF8010038
:10E290000198D0F8D0049DF80310F5F701FB8DF834
:10E2A00002009DF80200FEF7A3FC8DF8010002B009
:10E2B00080BD000080B582B001900198012180F8F6
:10E2C00020140198002280F82124019880F822244B
:10E2D0000198C0F8E0140199D1F8D80401F59C61C7
:10E2E000002205F0B9FA02B080BD000010B582B07E
:10E2F00001900198012480F821440198002180F8C0
:10E300002014019880F82314019800F083F90198F3
:10E310000179FEF733FB01984179FEF72FFB019855
:10E32000C0F8E0440199D1F8D80401F59C610022BD
:10E3300005F092FA02B010BD80B582B001900120C4
:10E340008DF80300019890F8CC0438B9FFE79DF8E8
:10E35000030008B9FFE700E0FFE7FFE7C820F5F793
:10E360000DF802B080BD000080B582B001908DF83C
:10E3700003100198D0F8D0049DF80310F5F782FA45
:10E3800002B080BD80B582B0019001208DF80300FD
:10E390000198D0F8D004F5F731FA30B1FFE7012841
:10E3A00007D0FFE7022808D00BE000208DF803001B
:10E3B0000BE001208DF8030007E002208DF8030038
:10E3C00003E001208DF80300FFE79DF8030002B091
:10E3D00080BD000080B582B001908DF803100198D7
:10E3E000D0F8D0049DF80310F5F73CFA02B080BDD8
:10E3F00080B582B001900198D0F8C4140131C0F802
:10E40000C4140198FFF7A0FE02B080BD10B582B021
:10E410000190019890F8CC0440BBFFE701984CF6BE
:10E420005451C2F20001C1F8DC030198C0F8D014C5
:10E430000020C4F2040008600C2048710120C8715B
:10E440000020887102224A728872C8728873087428
:10E45000F5F7CCFD10B1FFE7F4F7ECF8019CF5F708
:10E46000BFF90146204600F083F8FFE702B010BD77
:10E4700080B582B0019001980121C0F8E0140199A3
:10E48000D1F8D80401F59C61002205F0E5F902B04D
:10E4900080BD000010B588B0DDF830C0DDF82CE09C
:10E4A0000A9C07908DF81B108DF81A208DF81930F2
:10E4B0008DF818408DF817E0ADF814C000208DF8E5
:10E4C00013008DF812000798D0F8D0049DF81B10A7
:10E4D0009DF81A209DF819309DF818C09DF817E096
:10E4E000BDF814400294CDF804E0CDF800C0F5F773
:10E4F00005FA8DF813009DF81300FEF779FB8DF8EF
:10E50000120008B010BD000081B0009000980021FA
:10E5100080F8231401B0704780B582B00190019853
:10E52000012180F823140198C0F8E0140199D1F872
:10E53000D80401F59C61002205F08EF902B080BD7F
:10E5400010B582B0019000248DF803408DF8024090
:10E550000198D0F8D004F5F72BFE8DF803409DF814
:10E560000300FEF745FB8DF8020002B010BD00006D
:10E5700082B00190009100980199C1F8C40402B0E2
:10E580007047000083B002908DF807108DF80620C8
:10E590000298D0F8D004009000989DF80710C1EBC5
:10E5A000011100EB8100C07D60B1FFE79DF806001E
:10E5B00000999DF80720C2EB021201EB820181F85D
:10E5C0003C000BE09DF8060000999DF80720C2EB87
:10E5D000021201EB820181F83D00FFE7002003B049
:10E5E0007047000080B582B0019000208DF80300D4
:10E5F0008DF802000198D0F8D004F5F7EDFD8DF804
:10E6000003009DF80300FEF7F3FA8DF8020002B054
:10E6100080BD000080B582B0019000208DF803001D
:10E620008DF802000198D0F8D004F5F7FFFD8DF8C1
:10E6300003009DF80300FEF7DBFA8DF8020002B03C
:10E6400080BD0000B0B588B0DDF83CC0DDF838E032
:10E650000D9C0C9C07908DF81B108DF81A208DF8DE
:10E6600019308DF81840ADF816E08DF815C000206F
:10E670008DF814008DF813000798D0F8D0049DF899
:10E680001B109DF81A209DF819309DF818C0DDF870
:10E6900034E0BDF816409DF8155003950294CDF86E
:10E6A00004E0CDF800C0F5F705FA8DF814009DF8E8
:10E6B0001400FEF79DFA8DF8130008B0B0BD0000FD
:10E6C00010B586B0DDF828C0DDF824E0089C059080
:10E6D0008DF813108DF812208DF811308DF8104040
:10E6E0008DF80FE0ADF80CC005989DF813109DF85B
:10E6F00012209DF811309DF810C09DF80FE0BDF874
:10E700000C400294CDF804E0CDF800C0FFF7C2FE43
:10E71000002006B010BD000080B58AB008900791B7
:10E72000ADF81A20089800F58760059000208DF854
:10E7300013008DF801008DF80000079820B9FFE75D
:10E7400002208DF8270004E10798019007980078CF
:10E75000059908700798407805994870079840888F
:10E76000B0F5007F07DAFFE707988178C0780002EC
:10E7700080B2084402E04FF40070FFE7059948803A
:10E7800007980079059908710798407905994871AB
:10E7900007988079059988710798C0790599C8719B
:10E7A0000798007A0599087205980078092804D01E
:10E7B000FFE7059809210170FFE7BDF81A000A2854
:10E7C000C0F0C280FFE70920ADF8020000200390EE
:10E7D000FFE79DF801100020012909D8FFE7BDF8E7
:10E7E00002100598428800209142B8BF0120FFE73F
:10E7F000C007002800F09480FFE701980DF10201A6
:10E80000FEF73CF9019001984078042840F0878099
:10E81000FFE701980078092804D0FFE70198092153
:10E820000170FFE705989DF801101A2211FB020004
:10E830000A3003900398019900F038FA00208DF80F
:10E8400000000290FFE79DF8001003980279002075
:10E85000914209DAFFE7BDF80210059842880020CE
:10E860009142B8BF0120FFE7C007002846D0FFE76C
:10E8700001980DF10201FEF701F90190019840782D
:10E8800005283AD1FFE703984079012818D1FFE71E
:10E8900003988079022805D0FFE703988079032840
:10E8A0000ED1FFE70398C07948B9FFE701980078D7
:10E8B000092804D0FFE7019809210170FFE703E070
:10E8C000019807210170FFE705989DF801101A22B1
:10E8D00011FB02009DF8001000EBC1001430029003
:10E8E00008980299019A00F0D3F88DF813009DF86A
:10E8F000000001308DF80000FFE7A4E79DF800005C
:10E9000003990979884204DAFFE703208DF827008C
:10E910001FE09DF8010001308DF80100FFE758E786
:10E920009DF8010005990979012903DCFFE70599A4
:10E93000097901E00221FFE7884204DAFFE70320BA
:10E940008DF8270005E0FFE79DF813008DF82700FC
:10E95000FFE79DF827000AB080BD000086B0049054
:10E960000391ADF80A20049800F22640019000209F
:10E970008DF80300039820B9FFE702208DF81700F7
:10E9800082E0039800780199087003984078019913
:10E99000487003988178C07841EA00200199488046
:10E9A0000398007901990871039840790199487199
:10E9B00003988079019988710398C0790199C87189
:10E9C000049890F81D0430B1FFE7049890F81D04F6
:10E9D000012814D1FFE70198C079082809D0FFE782
:10E9E000102806D0FFE7202803D0FFE7402801D1F8
:10E9F000FFE703E001980821C171FFE714E00498E4
:10EA000090F81D0402280AD1FFE70198C079082870
:10EA100004D0FFE701980821C171FFE703E003205C
:10EA20008DF80300FFE7FFE7BDF80A00092826D3A9
:10EA3000FFE70398017A407A41EA002001990881B2
:10EA40000398817AC07A41EA0020019948810398AD
:10EA5000017B407B41EA0020019988810398807BFB
:10EA6000019988730398C07B0199C8730398007C4F
:10EA7000019908740398407C01994874FFE79DF858
:10EA800003008DF81700FFE79DF8170006B07047E8
:10EA900084B003900291019200208DF80300019848
:10EAA000007802990870019840780299487001989E
:10EAB0008078029988700198C0780299C87001988E
:10EAC0000179407941EA0020029988800198807993
:10EAD000029988710298808860B1FFE70298808867
:10EAE000B0F5806F06D8FFE702988088B0F5007F08
:10EAF00004D9FFE703208DF80300FFE7039890F89F
:10EB00001D04002844D1FFE70298C07800F00300FC
:10EB100002280BD1FFE702988088B0F5007F04D966
:10EB2000FFE703208DF80300FFE730E00298C0788C
:10EB3000800750B9FFE702988088412804D3FFE797
:10EB400003208DF80300FFE720E00298C07800F072
:10EB50000300012807D0FFE70298C07800F0030007
:10EB600003280ED1FFE70298807928B1FFE70298C9
:10EB70008079112804D3FFE703208DF80300FFE715
:10EB800003E003208DF80300FFE7FFE7FFE788E0DD
:10EB9000039890F81D0401284DD1FFE70298C07832
:10EBA00000F00300022805D0FFE70298C078800734
:10EBB00050B9FFE702988088412804D3FFE703207B
:10EBC0008DF80300FFE735E00298C07800F00300FD
:10EBD000012813D1FFE70298807950B1FFE702982E
:10EBE0008079102805D8FFE702988088412804D34F
:10EBF000FFE703208DF80300FFE71AE00298C078D2
:10EC000000F0030003280FD1FFE70298807930B1AC
:10EC1000FFE702988088B0F5806F04D3FFE70320F8
:10EC20008DF80300FFE703E003208DF80300FFE702
:10EC3000FFE7FFE734E0039890F81D0402282AD18B
:10EC4000FFE70298C078800750B9FFE702988088F4
:10EC5000082804D0FFE703208DF80300FFE719E040
:10EC60000298C07800F0030003280ED1FFE7029855
:10EC7000807928B1FFE702988088092804D3FFE74C
:10EC800003208DF80300FFE703E003208DF8030065
:10EC9000FFE7FFE703E003208DF80300FFE7FFE74E
:10ECA000FFE79DF8030004B07047000082B00190B8
:10ECB00000910098007801990870009840780199B7
:10ECC000487000988078019988700098C078019900
:10ECD000C87000980079012803D8FFE700980079F0
:10ECE00001E00220FFE7019908710098407901993D
:10ECF000487100988079019988710098C0790199CC
:10ED0000C8710098007A0199087202B0704700003B
:10ED100084B003900291ADF8062003984078032850
:10ED200033D1FFE7039800780238BDF80610884217
:10ED300004D8FFE703980078023802E0BDF8060027
:10ED4000FFE7ADF804000398023003900020ADF80F
:10ED50000200FFE7BDF80200BDF80410884210DA97
:10ED6000FFE70398BDF80210405C02990870029812
:10ED700001300290FFE7BDF802000230ADF802005A
:10ED8000E8E7029800210170FFE704B07047000037
:10ED9000B0B586B0059002208DF8130000208DF8E4
:10EDA0001200059890F82104012804D1FFE7059886
:10EDB00003210170FFE7059800780D2800F24482D6
:10EDC000DFE810F00E0032007800FF014202C300BD
:10EDD000BE01F0000B0125015A01F301420241027C
:10EDE000059890F82004F0B1FFE7FFE7FFE70598EA
:10EDF00001240470C820FDF763FD0598FFF7A0FB10
:10EE00000598002180F81C140598C0F8C8140598CE
:10EE1000C0F8E0440599D1F8D80401F59C610022BE
:10EE200004F01AFDFFE710E2059890F8230401288A
:10EE30000AD1FFE7FFE7FFE70598002180F81F14DC
:10EE400005980221017028E00598D0F8C804B0F5B3
:10EE50007A7F17D9FFE7059890F81F14013180F8E1
:10EE60001F14059890F81F04042806D3FFE7FFE756
:10EE7000FFE705980D21017003E00598002101705E
:10EE8000FFE709E00598D0F8C8140A31C0F8C814A3
:10EE90000A20FDF715FDFFE7FFE705980121C0F8FF
:10EEA000E0140599D1F8D80401F59C61002204F022
:10EEB000D3FCCAE10598D0F8D40430B1FFE7059837
:10EEC000D0F8D42404219047FFE76420FDF7F8FC34
:10EED0000598FFF757FA059981F81D040598052153
:10EEE0000170059800250021FDF7D6FB05994871B2
:10EEF00005988021FDF7D0FB05990871059890F8D9
:10EF00001C3490F81D2401798479029401950092B3
:10EF10008022FFF7D5FB059890F81C3490F81D244B
:10EF2000417984790294019500920022FFF7C8FB91
:10EF300005980121C0F8E0140599D1F8D80401F52D
:10EF40009C61002204F088FC7FE10598FEF7D2FE68
:10EF50008DF813009DF8130018BBFFE7FFE7FFE7EC
:10EF60000598002180F82414059890F837040128AA
:10EF700006D1FFE7FFE7FFE705980821017003E0EE
:10EF8000059807210170FFE705980521C0F8E014F6
:10EF90000599D1F8D80401F59C61002204F05CFCCD
:10EFA000FFE752E10598D0F8D404A8B1FFE705982F
:10EFB000D0F8D424012190470598082101700598C4
:10EFC0000521C0F8E0140599D1F8D80401F59C6139
:10EFD000002204F041FCFFE737E1059890F83D146A
:10EFE00000F0CCF930B9FFE7059809210170FFE77F
:10EFF000FFE7FFE705980121C0F8E0140599D1F873
:10F00000D80401F59C61002204F026FC1DE105985E
:10F0100090F83F04800600281DD5FFE7059800F012
:10F02000CDF98DF813009DF8130030B9FFE7FFE725
:10F03000FFE705980A2101700CE09DF813000328F2
:10F0400006D1FFE7FFE7FFE705980A21017000E01E
:10F05000FFE7FFE703E005980A210170FFE7059845
:10F060000121C0F8E0140599D1F8D80401F59C619C
:10F07000002204F0F1FBE8E00598D0F8800418B90C
:10F08000FFE7FFE7FFE74EE005980021C0F87C149A
:10F090008DF81210FFE79DF81200F0B9FFE7059810
:10F0A0009DF8121000EB8101D1F87814097990F8DD
:10F0B000470481420AD1FFE705989DF8121000EB42
:10F0C0008101D1F87814C0F87C1407E0FFE79DF8BF
:10F0D000120001308DF81200DDE7FFE70598D0F847
:10F0E0007C04C8B1FFE70598D0F87C14896888478C
:10F0F00058B9FFE7059806210170FFE7FFE705987B
:10F10000D0F8D4240321904705E005980D21017023
:10F11000FFE7FFE7FFE705E005980D210170FFE736
:10F12000FFE7FFE7FFE705980521C0F8E014059920
:10F13000D1F8D80401F59C61002204F08DFB84E035
:10F140000598D0F87C04E8B1FFE70598D0F87C1466
:10F15000096988478DF813009DF8130020B9FFE76F
:10F1600005980B2101700CE09DF81300022806D1D0
:10F17000FFE705980D210170FFE7FFE700E0FFE7DB
:10F18000FFE705E005980D210170FFE7FFE7FFE7C6
:10F1900005980521C0F8E0140599D1F8D80401F5C7
:10F1A0009C61002204F058FB4FE00598D0F87C04E5
:10F1B00030B1FFE70598D0F87C1449698847FFE72C
:10F1C00043E00598002180F821140598F3F7AEF983
:10F1D0000598D0F87C0450B1FFE70598D0F87C146E
:10F1E000C968884705980021C0F87C14FFE7059896
:10F1F000D0F8D40430B1FFE70598D0F8D424052125
:10F200009047FFE7FFE7FFE7059890F82204012801
:10F2100008D1FFE70598002180F82214059800F036
:10F22000EFF803E00598FFF7DDF9FFE70598012106
:10F23000C0F8E0140599D1F8D80401F59C610022CA
:10F2400004F00AFB01E0FFE7FFE706B0B0BD0000F5
:10F2500082B00190FFE70199D1F8D80401F59C61D3
:10F260004FF0FF3204F01AFA0090009820B9FFE73F
:10F270000198FFF78DFDFFE7EDE7000083B04DF249
:10F280003410C2F20000029040F21800C2F20000F6
:10F29000019000208DF803000198D8B1FFE7029893
:10F2A000D0F8800478B9FFE701980299D1F880245A
:10F2B00001EB82030132C1F88024C3F878040020F6
:10F2C0008DF8030005E0FFE7FFE702208DF803005B
:10F2D000FFE705E0FFE7FFE702208DF80300FFE707
:10F2E0009DF8030003B0704782B001908DF80310C1
:10F2F00000208DF802009DF80300019991F83C145C
:10F3000088420EDAFFE79DF80300019981F8240492
:10F31000FFE7FFE7FFE7FFE7FFE7FFE7FFE7FFE7BD
:10F3200005E0FFE7FFE702208DF80200FFE79DF808
:10F33000020002B07047000080B582B00190012049
:10F340008DF803000198807801280FD1FFE701981C
:10F35000002101740198052242749DF80300019A6E
:10F360005082019881820198C182FFE701980021B3
:10F370000022FDF701FA02B080BD000080B582B026
:10F380000190ADF802100198807801280FD1FFE7B5
:10F39000019800210174019809224274BDF802000D
:10F3A000019A5082019881820198C182FFE70198F9
:10F3B00000210022FDF7E0F902B080BD80B582B0E7
:10F3C000019001208DF803000198807801280FD169
:10F3D000FFE70198002101740198032242749DF80F
:10F3E0000300019A5082019881820198C182FFE74F
:10F3F000019800210022FDF7BFF902B080BD000096
:10F4000080B582B001900198FFF7ECF80198FEF703
:10F4100093FF02B080BD000082B001908DF8031010
:10F420009DF803000138042808D8DFE800F0030540
:10F430000706040003E002E001E000E0FFE702B09D
:10F440007047000080B58AB0DDF830C0CDF814C038
:10F450000493039202919DF814108DF824100299E0
:10F46000039A049B08930792069101909DF81D0052
:10F47000012823D1FFE70198816B21F4803181635A
:10F480000198C1684FF6BF72CFF6BD721140C160DE
:10F490000198C16821F44011C1609DF82400012841
:10F4A00006D1FFE70198C16841F48011C160FFE710
:10F4B000019800F033F88DF803001AE00198C16854
:10F4C00041F04001C160019800F028F88DF8030078
:10F4D0009DF8210030B9FFE70198816B41F480313C
:10F4E000816305E00198816B21F480318163FFE73E
:10F4F000FFE79DF81A0001280BD1FFE7019881680A
:10F5000041F0060181600198816841F0200181602D
:10F51000FFE79DF803000AB080BD000083B00190B2
:10F5200000200090FFE70098013000900098B0F1B3
:10F53000706F04D9FFE703208DF80B0025E0FFE78B
:10F5400001980069C00F0028EDD0FFE7002000906F
:10F550000198016941F001010161FFE70098013064
:10F5600000900098B0F1706F04D9FFE703208DF888
:10F570000B000AE0FFE701980069C0070028EDD101
:10F58000FFE700208DF80B00FFE79DF80B0003B0AC
:10F590007047000081B000900098816821F001015F
:10F5A000816001B07047000086B005908DF813109F
:10F5B000059803909DF81300029001200190019896
:10F5C0004FF0004160F3DC410398029A00EB4210D7
:10F5D000C0F810150398029900EB4110D0F800050F
:10F5E0000090009820F080400090009840F000408B
:10F5F000009000980399029A01EB4211C1F80005AE
:10F6000006B0704784B0039001208DF80B0003987A
:10F610000190002000900198D0F8400400900098DC
:10F6200020F02E0000900098C00400280CD4FFE7C2
:10F630009DF80B00012807D1FFE7009840F48050A7
:10F640000199C1F84004FFE70098C00400280BD5D9
:10F65000FFE79DF80B0038B9FFE7009820F48050D1
:10F660000199C1F84004FFE704B0704781B00090F1
:10F670000098816841F00101816001B0704700008D
:10F6800083B0019000200090FFE7009801300090C7
:10F690000098B0F1706F04D9FFE703208DF80B00DC
:10F6A00024E0FFE701980069C00F0028EDD0FFE7D4
:10F6B00000200090019810210161FFE700980130BF
:10F6C00000900098B0F1706F04D9FFE703208DF827
:10F6D0000B000BE0FFE70198006900F01000102814
:10F6E000ECD0FFE700208DF80B00FFE79DF80B0042
:10F6F00003B0704784B00290102001900020009069
:10F70000FFE70098013000900098B0F1706F04D9C5
:10F71000FFE703208DF80F0026E0FFE7029800695D
:10F72000C00F0028EDD0FFE7002000900198800175
:10F73000203002990861FFE700980130009000989E
:10F74000B0F1706F04D9FFE703208DF80F000BE0D4
:10F75000FFE70298006900F020002028ECD0FFE7C6
:10F7600000208DF80F00FFE79DF80F0004B07047F0
:10F7700082B00190019800900098D0F8080480B2FF
:10F7800002B0704783B00290029801900020009070
:10F790000198D0F8400400900098C0F3414003B0B5
:10F7A0007047000081B000900098406900F00100AF
:10F7B00001B0704789B007908DF81B10079805902D
:10F7C0009DF81B000490002003900598049900EB1D
:10F7D0004110D0F80005C0F38140029005980499CB
:10F7E00000EB4110D0F80005C00F01900598049976
:10F7F00000EB4110D0F80405C00F00900798806816
:10F800008006002812D5FFE7009878B9FFE7019835
:10F8100040B1FFE70298012804D0FFE702980328CF
:10F8200004D1FFE700208DF82300AFE0029820B15B
:10F83000FFE7029802285BD1FFE70598049900EBE7
:10F840004110D0F8001541F08041C0F8001507982C
:10F850008068800600283FD4FFE70798C06A10F44C
:10F860007F0F2DD1FFE70598049900EB4110D0F8E8
:10F87000001521F00041C0F800150598049900EB2F
:10F880004110D0F8001541F00041C0F80015FFE725
:10F890000398013003900398B0F57A7F01D9FFE710
:10F8A0000DE0FFE70598049900EB4110D0F8000542
:10F8B00000F00040B0F1004FEAD0FFE7FFE70AE0B8
:10F8C0000598049900EB4110D0F8001541F0004173
:10F8D000C0F80015FFE70AE00598049900EB411015
:10F8E000D0F8001541F00041C0F80015FFE749E0ED
:10F8F0000598049900EB4110D0F8001541F08041C3
:10F90000C0F800150598D0F8100410F47F0F2DD121
:10F91000FFE70598049900EB4110D0F8001521F09D
:10F920000041C0F800150598049900EB4110D0F88B
:10F93000001541F00041C0F80015FFE703980130C1
:10F9400003900398B0F57A7F01D9FFE70DE0FFE758
:10F950000598049900EB4110D0F8000500F0004034
:10F96000B0F1004FEAD0FFE7FFE70AE005980499FD
:10F9700000EB4110D0F8001541F00041C0F800152F
:10F98000FFE7FFE700208DF82300FFE709B070478D
:10F9900010B588B0DDF830C0DDF82CE00A9C079087
:10F9A0008DF81B108DF81A208DF819308DF818403D
:10F9B0008DF817E0ADF814C000208DF813000798FB
:10F9C000039003989DF81B1000EB41104FF0FF319E
:10F9D000C0F808159DF8170003286BD8DFE800F081
:10F9E000024E023203989DF81B1000EB411040F2CA
:10F9F0009D41C0F80C159DF81A00000600280CD592
:10FA0000FFE703989DF81B1000EB4110D0F80C1590
:10FA100041F48071C0F80C1513E007980021C4F27E
:10FA2000040188420CD1FFE703989DF81B1000EBFE
:10FA30004110D0F80C1541F06001C0F80C15FFE73B
:10FA4000FFE73BE003989DF81B1000EB411040F2EC
:10FA50009D61C0F80C159DF81A00000600280CD511
:10FA6000FFE703989DF81B1000EB4110D0F80C1530
:10FA700041F48071C0F80C15FFE71FE003989DF872
:10FA80001B1000EB411040F22521C0F80C159DF829
:10FA90001A00000600280CD5FFE703989DF81B10FC
:10FAA00000EB4110D0F80C1541F4C071C0F80C15F2
:10FAB000FFE703E001208DF81300FFE703989DF8AE
:10FAC0001B1000EB41100021C0F8041503989DF8AD
:10FAD0001B1000EB4110D0F80C1541F00201C0F8EA
:10FAE0000C159DF81B0000F00F00012101FA00F039
:10FAF0000399D1F818241043C1F8180407988169B4
:10FB000041F0007181619DF81A000006002804D5BB
:10FB1000FFE74FF40040029002E000200290FFE770
:10FB20000798FFF72FFE00909DF81800022808D1D3
:10FB3000FFE70098022804D0FFE74FF4003001905F
:10FB400002E000200190FFE79DF819009DF81A10CF
:10FB50004FF4F04202EAC12160F39C519DF8170076
:10FB600000F0030041EA8040BDF814106FF3DF217C
:10FB70000844029908430199084340F4801003990E
:10FB80009DF81B2001EB4211C1F800059DF81700FC
:10FB9000032805D0FFE79DF8170001280CD1FFE7E7
:10FBA00003989DF81B1000EB4110D0F8001541F0B0
:10FBB0000051C0F80015FFE79DF8130008B010BD14
:10FBC00082B00190019800900098D0F8140480B29F
:10FBD00002B0704780B58AB0089007918DF81B205D
:10FBE000089805900798407804904FF48070ADF81D
:10FBF000040008980021C4F20401884232D1FFE7D2
:10FC00009DF81B00012819D1FFE70798807C28B1D7
:10FC1000FFE70798807C02280FD1FFE707988079DB
:10FC200058B9FFE70598049900EB4110D0F80C157E
:10FC300021F07001C0F80C15FFE712E00798007979
:10FC400070B9FFE707984079012809D1FFE70898C4
:10FC500007994978FFF7A8FC00208DF82700FCE100
:10FC6000FFE7FFE707988079012861D1FFE70120CE
:10FC7000ADF806000798C07838B1FFE7BDF8060078
:10FC800007998A8A5043C86151E00798807C01280F
:10FC900035D1FFE70798006ABD2819D3FFE7079819
:10FCA000818AC1610798C16901620798C06801280B
:10FCB00005D0FFE70798C068022804D1FFE707983E
:10FCC0000221C16003E007980121C160FFE715E050
:10FCD0000798016AC1610798C068012809D0FFE749
:10FCE0000798C068022804D0FFE707980421C16084
:10FCF00003E007980321C160FFE7FFE716E09DF8E6
:10FD00001B0001280DD1FFE70798016A808A814214
:10FD100007D9FFE7BDF8060007998A8A5043C861F2
:10FD200003E00798016AC161FFE7FFE7FFE733E0FF
:10FD30000798006AE0B1FFE70798016A808A0144EA
:10FD40000139B1FBF0F0ADF80600BDF80600BDF8D2
:10FD5000041088420BDDFFE7BDF80400ADF8060093
:10FD6000BDF8060007998A8A5043C861FFE703E09F
:10FD70000120ADF80600FFE70798C07838B1FFE72B
:10FD8000BDF8060007998A8A5043C86103E00798C6
:10FD9000016AC161FFE7FFE70798C1696FF3DF41BF
:10FDA000BDF806200023C1F6F87303EAC2421144ED
:10FDB000807D00F0030041EA40700599049A01EB50
:10FDC0004211C1F810059DF81B0048B1FFE70798E4
:10FDD00080690599049A01EB4211C1F81405FFE707
:10FDE0000598D0F80804012121EA00008DF80B00E5
:10FDF0000598049900EB4110D0F8001521F000514E
:10FE0000C0F800159DF80B000599049A01EB42110A
:10FE1000D1F8002542EA4070C1F8000507988079C2
:10FE2000012840F09780FFE70798017C407C41EA79
:10FE3000C01000F100400599049A01EB4211C1F88D
:10FE400004050598049900EB4110D0F80C1541F019
:10FE50006001C0F80C150798C079012819D1FFE797
:10FE60000798C078A8B9FFE70598049900EB4110FE
:10FE7000D0F8041541F48031C0F8041505980499B0
:10FE800000EB4110D0F80C1541F04001C0F80C1502
:10FE9000FFE70798807C012805D0FFE70798807C62
:10FEA000032815D1FFE70798C079012810D1FFE793
:10FEB0000798C07801280BD1FFE70598049900EB5B
:10FEC0004110D0F8041541F48031C0F80415FFE763
:10FED0000798807C01283CD1FFE70798C07800286C
:10FEE00037D1FFE70798C068013803282FD8DFE82B
:10FEF00000F0020D18230598049900EB4110D0F88A
:10FF0000041541F40041C0F8041521E00598049956
:10FF100000EB4110D0F8041541F00E01C0F80415B3
:10FF200016E00598049900EB4110D0F8041541F44F
:10FF30008041C0F804150BE00598049900EB4110CE
:10FF4000D0F8041541F44041C0F8041500E0FFE783
:10FF5000FFE707E00598049900EB41100021C0F885
:10FF60000415FFE70598049900EB4110D0F800054F
:10FF70000390039820F0804003900798C07828B140
:10FF8000FFE7039840F40040039004E0039820F456
:10FF900000400390FFE7039840F00040039003986F
:10FFA0000599049A01EB4211C1F800059DF81B0068
:10FFB00020B1FFE700208DF827004EE00798C078B9
:10FFC000002846D1FFE70798006A002841D0FFE7E4
:10FFD0000798C07900283CD1FFE70798807C032868
:10FFE0002ED8DFE800F0021702170798006A0330E6
:10FFF0008008ADF80800BDF808000899C96A89B200
:020000040801F1
:10000000884206D9FFE70898816941F020018161A3
:10001000FFE716E00798006A03308008ADF8080093
:10002000BDF808000599D1F8101489B2884206D9A4
:10003000FFE70898816941F080618161FFE700E096
:10004000FFE70898079B99695A781B8C00F0A2FA81
:10005000FFE700208DF82700FFE79DF827000AB092
:1000600080BD000080B58CB0DDF838C0CDF81CC074
:100070000693059204919DF81C108DF82C1004999C
:10008000059A069B0A9309920891039000208DF827
:100090000B00039901910199C1F8000E0398816B3F
:1000A00041F4001181630398816B21F40021816385
:1000B0000398816B21F4802181630398C068400616
:1000C000002816D4FFE79DF82300012808D1FFE798
:1000D0000198D0F8001441F00401C0F8001407E0C2
:1000E0000198D0F8001421F00401C0F80014FFE7D3
:1000F00007E00198D0F8001421F00401C0F80014C2
:10010000FFE70398FFF7F6FA20B1FFE701208DF82B
:100110000B00FFE70398FFF7B3FA20B1FFE70120D8
:100120008DF80B00FFE700200090FFE700989DF896
:100130002110884214D2FFE70198009900EB41108A
:100140004FF0FF31C0F808150198009900EB4110FD
:100150000021C0F80C15FFE7009801300090E5E79A
:1001600003980021816103984FF0FF3141610398AA
:100170000021C4F20401884212D1FFE703984FF432
:1001800000714162039840F20021C0F200118162C7
:10019000039840F20031C0F2E001C0F800110EE017
:1001A00003988021416203988021C0F2600181623E
:1001B0000398E021C0F24001C0F80011FFE79DF86C
:1001C000220030B9FFE70398816941F01001816195
:1001D000FFE7039881690822CAF220321143816146
:1001E0009DF80B000CB080BD84B002908DF8071014
:1001F000029800900098D0F8001421F00301C0F894
:1002000000149DF8070000F003000099D1F80024C5
:100210001043C1F800049DF80700012806D1FFE74C
:1002200000984BF68031C0F804140FE09DF80700E9
:10023000022806D1FFE7009841F27071C0F804145B
:1002400003E001208DF80F0004E0FFE700208DF8A7
:100250000F00FFE704B0704784B003908DF80B10D7
:100260000398019001989DF80B1000EB4110D0F815
:100270000805009001989DF80B1000EB4110D0F894
:100280000C05009908400090009804B070470000E9
:1002900082B00190019840690090019880690099AE
:1002A00008400090009802B07047000089B00890A4
:1002B0000791ADF81A200898059007980490BDF8AA
:1002C0001A0080080190BDF81A0000F00300ADF894
:1002D000020000200290FFE702980199884217D29D
:1002E000FFE705984FF4805140580499086004983E
:1002F0000130049004980130049004980130049077
:10030000049801300490FFE7029801300290E3E77F
:10031000BDF8020008B3FFE70020029005984FF4F3
:10032000805140580390FFE703989DF80810C900DA
:10033000C840049908700298013002900498013076
:100340000490BDF802000138ADF80200FFE7BDF8E7
:1003500002000028E8D1FFE7FFE709B0704700007E
:1003600080B584B003900398029000200190029819
:10037000D0F840040190019820F02E0001900198DF
:1003800040F480700299C1F840046420F2F7F6FF4F
:10039000019820F480700299C1F840040A20F2F715
:1003A000EDFF04B080BD000080B584B00290012054
:1003B0008DF80700002000900298C16821F0C0412C
:1003C000C1609DF8070001281FD1FFE70298C168AE
:1003D00041F00051C160FFE70A20F2F7CFFF00981B
:1003E0000A300090FFE70298FFF7DCF900210128AE
:1003F00006D0FFE700980021C82838BF0121FFE799
:10040000C8070028E8D1FFE726E09DF80700F0B90B
:10041000FFE70298C16841F08041C160FFE70A2010
:10042000F2F7ACFF00980A300090FFE70298FFF760
:10043000B9F9002130B1FFE700980021C82838BF82
:100440000121FFE7C8070028E9D1FFE703E0012009
:100450008DF80F000CE0FFE70098C82804D1FFE7F3
:1004600001208DF80F0003E000208DF80F00FFE75A
:100470009DF80F0004B080BD80B586B005900020C7
:100480008DF813000599039102900598FFF782F803
:100490000598FFF72FF920B1FFE701208DF8130031
:1004A000FFE70598FFF7ECF820B1FFE701208DF892
:1004B0001300FFE700200090FFE700980F281FD8E7
:1004C000FFE70398009900EB4110D0F80005019078
:1004D000019840F080400190019820F00040019088
:1004E000019820F40040019001980399009A01EBD3
:1004F0004211C1F80005FFE7009801300090DCE7E9
:1005000000200090FFE700980F2837D8FFE70398F6
:10051000009900EB4110D0F800050190019840F0DF
:1005200080400190019840F000400190019820F433
:100530000040019001980399009A01EB4211C1F823
:100540000005FFE70298013002900298B0F57A7F2B
:1005500001D9FFE70DE0FFE70398009900EB411098
:10056000D0F8000500F00040B0F1004FEAD0FFE7FE
:10057000FFE7FFE7009801300090C4E703984FF0D1
:10058000FF31C0F81414059841610598FFF76EF823
:1005900006B080BD88B0079006918DF81720ADF8A1
:1005A000143000208DF813000798039006980290ED
:1005B0009DF8130048BBFFE7BDF814000330800826
:1005C000019000200090FFE70098019988421BD21B
:1005D000FFE70298006803999DF8172001EB0231AC
:1005E0004FF48052885002980130029002980130F6
:1005F0000290029801300290029801300290FFE7C9
:10060000009801300090DFE7FFE708B07047000076
:10061000FFE7FEE780B582B04DF21860C2F200003D
:1006200001900198032101610198416101984CF208
:10063000FF61C0F60101816101984DF2C062C2F212
:100640000002C26101984FF48062026201980022A8
:100650008262019842620198C26201980166019823
:100660004DF6C021C2F20001416601981021816659
:10067000019802670198C2660198426701980730A5
:100680004CF29451C0F60101EFF7C6FE01984CF20E
:100690008D51C0F60101EFF7BFFE01982021817155
:1006A00002B080BD81B08DF803009DF903000028E1
:1006B0000FD4FFE79DF9030000F01F01012202FAA9
:1006C00001F140094EF20012CEF2000242F8201071
:1006D000FFE701B0704700004EF60C50CEF200006C
:1006E0000068C0F30220704782B08DF807000091C7
:1006F0009DF9070000280AD4FFE7009800019DF942
:1007000007104EF20042CEF2000288540BE000982F
:1007100000019DF8071001F00F014EF61452CEF2C1
:1007200000028854FFE702B07047000082B0FB204F
:100730008DF80700002000909DF9070000280AD4DA
:10074000FFE7009800019DF907104EF20042CEF23B
:10075000000288540BE0009800019DF8071001F09A
:100760000F014EF61452CEF200028854FFE702B099
:100770007047000083B00290029800F007000090DC
:100780004EF60C50CEF200000168019101994FF62F
:10079000FF02114001910199009A41EA02210022D1
:1007A000C0F2FA52114301910199016003B0704700
:1007B00082B00090009848F2010188420AD0FFE719
:1007C00048F20201884208D0FFE748F2030188425C
:1007D00006D008E00020019009E00020019006E02A
:1007E0000020019003E04FF0FF300190FFE70198F7
:1007F00002B0704781B00090FFE7FEE782B0009042
:10080000009848F2010188420AD0FFE748F202014D
:10081000884208D0FFE748F20301884206D008E08A
:100820000020019008E00020019005E000200190E8
:1008300002E000200190FFE7019802B0704700003D
:1008400082B00090009848F2010188420AD0FFE788
:1008500048F20201884208D0FFE748F203018842CB
:1008600006D008E00120019008E00120019005E099
:100870000120019002E000200190FFE7019802B002
:100880007047000080B584B002900191029820B9B1
:10089000FFE74FF0FF30039033E0029800783A28EA
:1008A0002BD1FFE702984CF22C51C0F60101EFF773
:1008B000F7FD20B9FFE748F20100039021E002981C
:1008C0004CF23351C0F60101EFF7EAFD20B9FFE722
:1008D00048F20200039014E002984CF23B51C0F63B
:1008E0000101EFF7DDFD20B9FFE748F203000390B7
:1008F00007E04FF0FF30039003E04FF0FF3003902C
:10090000FFE7039804B080BD83B001900091019887
:1009100048F2010188420AD0FFE748F2020188420A
:1009200009D0FFE748F20301884208D00BE04FF0FE
:10093000FF3002900BE04FF0FF30029007E04FF0E5
:10094000FF30029003E04FF0FF300290FFE7029883
:1009500003B0704780B586B0049003910292019372
:10096000049848F2010188420AD0FFE748F20201E8
:10097000884209D0FFE748F20301884218D02BE0F3
:100980004FF0FF3005902BE0FFE7029868B1FFE7DA
:100990000398411C039100780090009807F030F90B
:1009A000FFE7029801380290EFE70020059017E07A
:1009B000FFE7029868B1FFE70398411C03910078B4
:1009C0000090009807F014F9FFE7029801380290B0
:1009D000EFE70020059003E04FF0FF300590FFE7C0
:1009E000059806B080BD000080B582B001900198E6
:1009F00007F07EF902B080BD80B52DED028B88B086
:100A000007908DED060ACDED050A4FF4FA700490BB
:100A100001208DF80B0007989DED060A01F0F2FD0C
:100A20008DED000A9DED050AB5EE400AF1EE10FAD3
:100A300003D1FFE70020019023E0079840690BF005
:100A4000CDF941EC180B05980BF0C8F941EC100BEF
:100A50009FED631B51EC110BC80F52EC101B60F3A0
:100A6000DF7242EC101B53EC102B51EC180B0AF008
:100A700055FD41EC100B51EC100B0AF069FC019094
:100A8000FFE79DED050AB5EE400AF1EE10FA04DD30
:100A9000FFE701208DF80B000CE09DED050AB5EE97
:100AA000400AF1EE10FA04DAFFE700208DF80B009F
:100AB000FFE7FFE701980BF091F941EC180B9FED70
:100AC0004A0B09F041FF9FED4A0B53EC102B51EC00
:100AD000180B0BF0CAF950B9FFE79FED430B09F073
:100AE00033FF4CF63A50C3F613700190FFE79DF8C0
:100AF0000B00C00708B1FFE706E09DED010AB1EE6B
:100B0000400A8DED010AFFE79DED000AB5EE400AAF
:100B1000F1EE10FA41D0FFE79DED010AB5EE400A73
:100B2000F1EE10FA23D0FFE79DED010A9FED321A96
:100B300020EE010A9FED311A30EE010ABDEEC00A27
:100B40008DED040A049840F27221884204DBFFE72D
:100B500040F27120049009E00498B0F5BB7F04DCFA
:100B6000FFE740F277100490FFE7FFE70CE09DED10
:100B7000010AB5EE400AF1EE10FA04D1FFE74FF496
:100B8000FA700490FFE7FFE7079804999DED000ACB
:100B900000F050F88DED030A02E000980390FFE7A3
:100BA0009DF80B00C00758B1FFE70798026A9DED5A
:100BB000030AB1EE400ADDED000A049990470AE00D
:100BC0000798026A9DED000A9DED031AF1EE410AB5
:100BD00004999047FFE708B0BDEC028B80BD00BFD1
:100BE00000000000000000000000004052C1E03F93
:100BF000EC43FE4FA779E23F00803B430000FA43FD
:100C000081B047F2B870C2F201000090009847F638
:100C10005141C0F60101C160009847F6B121C0F60C
:100C200001014160009847F6A531C0F601018160DD
:100C300001B0704710B52DED048B8AB00890079174
:100C40008DED060A002005900798B0F5FA7F09DDC2
:100C5000FFE70798A0F5FA70C11700EB91708010BC
:100C6000059013E00798B0F5FA7F05D1FFE70698E5
:100C70000490049809905EE00798C0F5FA70C117D7
:100C800000EB917080100590FFE7FFE79DED050AEE
:100C9000B8EEC00A9FED2B1A20EE010A9FED2A1A2A
:100CA00080EE010A10EE100A0BF098F841EC100BE0
:100CB00009F04AFE8DED020B089C60690BF08EF87E
:100CC00041EC100B9DED021B53EC112B51EC100B62
:100CD0000AF024FC41EC180B94ED060AB0EE009AE1
:100CE00080EE090A10EE100A0BF078F841EC100BB8
:100CF00053EC102B51EC180B0AF05CFB41EC100B81
:100D000051EC100B0AF024FB01909DED060A9DEDBD
:100D1000011A089890ED062A82EE092A31EE023A6D
:100D200031EE421A83EE011A20EE010A8DED000A1F
:100D300000980990FFE79DED090A0AB0BDEC048B0D
:100D400010BD00BFDB0F49400000344382B001906A
:100D500002F0D8FA05F030FC06F0E0F801F0DCFB18
:100D600000F078FD00F006FC4DF64035C2F20005BB
:100D7000286841F2BD24C0F60104214600F010FBB2
:100D80006868214600F00CFB40F23440C2F20000DB
:100D900000681E2103F042F940F23C40C2F200001C
:100DA00000681E2103F03AF940F23040C2F2000020
:100DB00000681E2103F032F940F24040C2F2000008
:100DC0000068322103F02AF903F0E0F900F0A6FDF3
:100DD00006F05CFDFFE742F2107002F0B3FBFAE7A9
:100DE00089B0089007910020069008980068039049
:100DF0000898406804900798006800900798406839
:100E000001900698042813DBFFE7069807280FDCFB
:100E1000FFE7089890ED020AB1EE400A80ED020A61
:100E2000079890ED020AB1EE400A80ED020AFFE752
:100E3000069800EBD07121F00101401A68B1FFE77C
:100E400004980899086003980899486001980799E0
:100E500008600098079948600CE0039808990860BA
:100E600004980899486000980799086001980799C4
:100E70004860FFE7069801280CD0FFE70698022893
:100E800008D0FFE70698042804D0FFE70698072853
:100E90000FD1FFE7089890ED000AB1EE400A80ED0F
:100EA000000A079890ED000AB1EE400A80ED000AB2
:100EB000FFE7069802280CD0FFE70698032808D021
:100EC000FFE70698062804D0FFE7069807280FD109
:100ED000FFE7089890ED010AB1EE400A80ED010AA3
:100EE000079890ED010AB1EE400A80ED010AFFE794
:100EF00009B0704770B52DED028B86B0059047F6AE
:100F00001400C2F20100008800285FD0FFE747F616
:100F10001400C2F20100008840F6FF71884255D0EB
:100F2000FFE747F61400C2F20100018800EE101A34
:100F3000B8EE400A9FED711A81EE000A408801EE7A
:100F4000100AB8EE411A20EE010AB2EE061A20EE9F
:100F5000010A8DED040A9DED040A9FED691AB4EEB5
:100F6000410AF1EE10FA03DDFFE79FED660A02E0A9
:100F70009DED040AFFE78DED040A47F61000C2F26A
:100F8000010090ED000AB5EE400AF1EE10FA03D12F
:100F9000FFE79DED040A12E047F61000C2F20100DF
:100FA00090ED000A9FED581A20EE010A9DED041AFB
:100FB0009FED562A21EE021A30EE010AFFE747F6AE
:100FC0001000C2F2010080ED000AFFE7F1F71AFD00
:100FD00047F61800C2F201000168013101600068A3
:100FE00015283EDBFFE747F61800C2F2010000219A
:100FF000016004208DF80C0047F61006C2F20106CD
:1010000096ED000AB6EE008A30EE080ABDEEC00A80
:1010100010EE100AADF80D0003A90020032203F022
:10102000F5FD01AC651C96ED000A30EE080ABDEE38
:10103000C00A10EE102A4CF29851C0F60101284661
:10104000EFF7D4F92846EFF70BFA8DF8040040F2D9
:101050005040C2F2000000682146002202F0FCFB72
:10106000FFE747F61000C2F2010090ED000A9FED85
:10107000281AB4EE410AF1EE10FA16DAFFE747F645
:101080001000C2F2010090ED000A9FED221AB4EEAA
:10109000410AF1EE10FA08DDFFE747F61C00C2F244
:1010A000010001680131016006E047F61C00C2F250
:1010B000010000210160FFE747F61C00C2F20100B9
:1010C0000068C92815DBFFE747F62800C2F20100D7
:1010D00000680521009140F634014FF44872C8239E
:1010E00000F0FCFA47F61C00C2F20100002101608A
:1010F000FFE706B0BDEC028B70BD00BF0040974417
:1011000000409C46000000003333733FCDCC4C3D83
:10111000000016460020994580B582B001F042F8E3
:1011200005280FD1FFE700F0FDFD47F62C00C2F2C5
:101130000100007800F0C6FEAFF3008001208DF8BA
:10114000070003E000208DF80700FFE79DF8070087
:1011500002B080BD80B584B00390ADF80A104DF6A2
:101160000470C2F2000000680190BDF80A000F2868
:1011700007DCFFE740F6CC70C2F20000F6F77AF821
:10118000FFE74DF60470C2F20000016881F0010132
:10119000016000684DF60871C2F2000101EB001118
:1011A00040F6CC70C2F200001022F5F7F9FF0020E3
:1011B0000090FFE70098BDF80A10884216DAFFE7B2
:1011C00040F24C40C2F20000006801994DF60872EE
:1011D000C2F2000202EB0111009A1144002202F057
:1011E0003BFBFFE7009801300090E3E704B080BDCF
:1011F00080B582B0019040F22840C2F20000006841
:1012000002F0A0FD02B080BD84B0039040F6CC7423
:10121000C2F2000441F25511C0F601012046F6F772
:10122000F5FD4DF60470C2F2000000684DF608713D
:10123000C2F2000101EB001120461022F5F7B0FFC9
:10124000FFE740F22840C2F2000000684FF0FF3193
:1012500002F088FC40F25040C2F20000006801A990
:101260004FF0FF3202F01AFA00900098F8B9FFE749
:1012700040F6CC70C2F2000041F2F112C0F6010259
:101280000121F6F739FD01A8411C9DF8040008284A
:1012900002DBFFE7072002E09DF80400FFE782B2CF
:1012A00040F6CC70C2F20000F6F792FEFFE7C8E706
:1012B00082B001908DF8031002B0704780B584B001
:1012C00003908DF80B10039800688DF808009DF8C6
:1012D0000B008DF8090002A90620022203F096FCFB
:1012E0009DF80B0020280ED1FFE747F62800C2F238
:1012F00001000068012100914FF4FA61322232238B
:1013000000F0ECF9FFE704B080BD000081B0009070
:10131000009800210171009881600098C1600098D8
:1013200001610098416100984FF4C8718161009893
:101330004FF4FA61C16100984FF4FA7101620098AC
:1013400041F2B121C0F60101416201B070470000D5
:1013500080B582B0009000980068012803D0FFE7B4
:1013600002280BD015E041F20000C4F20200022175
:10137000F2F7ECF980F0010001900DE041F200007D
:10138000C4F202000121F2F7E1F980F001000190BE
:1013900002E000200190FFE7019802B080BD00004C
:1013A00082B001900091009808B9FFE703E000982F
:1013B00001994862FFE702B07047000010B584B0A1
:1013C00003901E200290029803994A6910444861D4
:1013D0000398816A88470190019803998968884237
:1013E00004D0FFE7019803998860B1E00398816811
:1013F000C06888420BD1FFE703980079012806D026
:10140000FFE703980079022801D0FFE7A0E00398E6
:101410008168C1600398007930B1FFE7012847D0A7
:10142000FFE7022872D093E00398C06870B3FFE72B
:101430000398426A0121904703984169806981427B
:101440001DD2FFE703980069C8B1FFE7039801695F
:101450000131016103980069022805D1FFE7039873
:10146000426A40219047FFE703980069032805D1AD
:10147000FFE70398426A80219047FFE7FFE7039860
:101480000021416103980121017110E00398416935
:10149000806981420AD9FFE70398006930B1FFE70C
:1014A00003980021016103984161FFE7FFE74FE0E6
:1014B0000398C06890B1FFE703984169C069814211
:1014C0000BD9FFE70398426A022402219047039850
:1014D0000021416103980471FFE716E00398426A16
:1014E000102190470398426A202190470398006991
:1014F00010B9FFE7012002E003980069FFE70399B4
:101500000861039800210171FFE721E00398C0689A
:1015100078B1FFE703984169006A814208D9FFE783
:101520000398426A04219047039800214161FFE734
:101530000DE00398426A0821904703980021016159
:10154000039882690132426103980171FFE7FFE766
:1015500004B010BD10B582B001904DF64034C2F217
:1015600000042068FFF72AFF6068FFF727FF02B03A
:1015700010BD000010B582B000200190FFE7019877
:10158000012837DCFFE740F23800C2F200002C21CE
:1015900001F050F901994DF64034C2F2000444F8CC
:1015A0002100019854F82000FFF7B0FE0198411C7B
:1015B00054F820000160019854F8200041F25131A4
:1015C000C0F601018162019854F820004FF4967131
:1015D0008161019854F8200040F2DC51C16101980A
:1015E00054F820004FF4C8710162FFE70198013000
:1015F0000190C4E702B010BD80B586B0059004919B
:10160000049844F62161884203D3FFE744F6206042
:1016100001E00498FFE704900498092833D8FFE715
:10162000FFE740F67450C2F200000068006A41F221
:101630001111084216D1FFE740F67450C2F20000C3
:101640000068006A40F2444108420AD1FFE740F6D0
:101650007450C2F200000068016821F001010160CD
:10166000FFE7FFE7FFE740F67450C2F200000068B2
:10167000002141620020C4F202004FF48071002278
:10168000F2F77CF827E0049848F2A061C0F201016B
:10169000B1FBF0F0039003984008ADF80A000398FE
:1016A00001380190FFE7019840F67451C2F2000141
:1016B0000A68D0620198C860FFE7BDF80A0040F6EA
:1016C0007451C2F200010A6850630868016841F071
:1016D00001010160FFE706B080BD000080B588B061
:1016E000DDF828C007900691059204930698ADF89E
:1016F000000005980190049802900A98ADF80C003B
:101700000798026A6946904708B080BD81B0009092
:1017100000980321017101B07047000080B582B0CC
:10172000019000910198C26900F10C01904720B925
:10173000FFE7019800210171FFE701980079032874
:1017400000F27680DFE800F002283C73019800691F
:10175000C8B1FFE701988089012814DBFFE70198F1
:10176000426A818990470198406938B1FFE7019842
:101770000021816001980121017103E0019803219A
:101780000171FFE707E00198426A00219047019844
:1017900003210171FFE74CE0009801998A68104429
:1017A0008860019881680069814208D3FFE7019849
:1017B000426A00219047019802210171FFE738E059
:1017C000009801998A6810448860019881680269CC
:1017D00040691044814229D3FFE70198816802697A
:1017E00043691A44891A81600198008B012808D145
:1017F000FFE70198426A0021904701980321017197
:1018000013E00198426A818990470198008B10B9D2
:10181000FFE7002003E00198008B0138FFE7019902
:101820000883019801210171FFE7FFE701E000E073
:10183000FFE702B080BD000080B582B0019047F69E
:101840002800C2F2010000681E21FFF767FF02B006
:1018500080BD000070B586B00020C4F202000026F2
:101860004FF480710022F1F789FF4CF21450C0F65A
:101870000100016842688368C46805694069059091
:10188000049503940293019200916A460520102169
:1018900001F064FF4DF64831C2F20001086040F2E9
:1018A0003800C2F20000282100F0C4FF47F62804E7
:1018B000C2F2010420602068FFF728FF20680121A0
:1018C0000160206841F2F951C0F6010141622068CF
:1018D00042F25511C0F60101C161206846F21911AA
:1018E000C0F60101016240F67450C2F200000168C6
:1018F0004E6201686FF001020A6101686FF0020236
:101900000A610168CA6842F00102CA600068C168E1
:1019100041F00201C16006B070BD00002DE9F04148
:1019200047F24C74C2F20104204600F0B5FA4FF0C1
:10193000010884F800804FF07E55E5610027C4F26D
:101940005827A7614CF6CD46C4F24B36666142F289
:101950000930C0F60100206247F27074C2F201043F
:10196000204600F099FA84F80080E561A76166617D
:1019700047F67140C0F60100206247F29474C2F24B
:101980000104204600F088FA03202070E561002061
:10199000C4F23420A0610020C4F20130606147F637
:1019A000A540C0F60100206201F002FB47F228705A
:1019B000C2F2010000210170C5610021C4F2C12101
:1019C00081610021C4F25A3141610021C4F24331E6
:1019D000016142F23D31C0F601010162FFF710F9E9
:1019E00047F2B870C2F2010002210170C561002106
:1019F000C4F2C821816145F27B41C4F25531416195
:101A00004EF68531C4F26031016142F2CD21C0F65B
:101A100001010162BDE8F08182B00190ADF80210D1
:101A200000208DF80100FFE7BDF80200411EADF86F
:101A3000021078B1FFE79DF8010001994A1C01925C
:101A4000097848404CF2FA31C0F60101085C8DF883
:101A50000100E9E79DF8010002B0704780B582B04F
:101A600001900091009803300199C870019805F029
:101A70000DFA0199009A114448710198009908449F
:101A80000021817102B080BD83B00290019100926B
:101A9000029855210170029841700198029988704E
:101AA00000980299087103B07047000080B582B0B9
:101AB0008DF807008DF8061000208DF805008DF8D0
:101AC00004009DF8070048B1FFE710280ED0FFE79B
:101AD000202813D0FFE7302818D01FE047F6200059
:101AE000C2F201004FF48041018022E047F620005D
:101AF000C2F201004FF4005101801AE047F62000C5
:101B0000C2F201004FF48051018012E047F620003C
:101B1000C2F201004FF4006101800AE020208DF83C
:101B2000070047F62000C2F201004FF48051018007
:101B3000FFE79DF8040001280AD1FFE79DF80700A0
:101B40009DF80610084340F080008DF8030007E080
:101B50009DF807009DF8061008438DF80300FFE785
:101B60009DF80310032006F0A5FD062004F0F6FD05
:101B70008DF803009DF8030000F0F0008DF80300DD
:101B80009DF8050001280DD1FFE79DF8030040F006
:101B900006008DF803009DF8030040F001008DF869
:101BA000030006E09DF8030000F0FE008DF803003E
:101BB000FFE79DF80310062006F07CFD02B080BD13
:101BC00080B582B08DF807008DF8061000208DF8E2
:101BD00005008DF804009DF80700A8B1FFE7102864
:101BE0001AD0FFE720281FD0FFE7302824D0FFE7D6
:101BF000402829D0FFE750282DD0FFE7602831D0BA
:101C0000FFE7702835D03BE047F62400C2F2010020
:101C10004FF4006101803DE047F62400C2F201006C
:101C20004FF48061018035E047F62400C2F20100E4
:101C30004FF4007101802DE047F62400C2F201004C
:101C40004FF48071018025E047F62400C2F20100C4
:101C5000802101801EE047F62400C2F201004021ED
:101C6000018017E047F62400C2F201002021018024
:101C700010E047F62400C2F201001021018009E0C3
:101C800050208DF8070047F62400C2F201004021E1
:101C90000180FFE79DF8040001280AD1FFE79DF8C5
:101CA00007009DF80610084340F080008DF80300FF
:101CB00007E09DF807009DF8061008438DF8030023
:101CC000FFE79DF80310042006F0F4FC062004F062
:101CD00045FD8DF803009DF8030000F00F008DF81E
:101CE00003009DF8050001280DD1FFE79DF80300D2
:101CF00040F060008DF803009DF8030040F01000F4
:101D00008DF8030006E09DF8030000F0EF008DF869
:101D10000300FFE79DF80310062006F0CBFC02B09D
:101D200080BD000080B582B000208DF80700002043
:101D300000F0C8F89DF80700E0B1FFE747F62C0077
:101D4000C2F201000121017047F63000C2F2010029
:101D5000017047F63200C2F201000D22027047F610
:101D60003400C2F20100017047F63800C2F20100EF
:101D700001701CE047F62C00C2F201000321017043
:101D800047F63000C2F201000121017047F632002F
:101D9000C2F201000522027047F63400C2F20100CF
:101DA000017047F63800C2F201000170FFE747F604
:101DB0002C00C2F201000078C00780B1FFE747F6AF
:101DC0003000C2F20100007847F63201C2F2010190
:101DD0000978002818BF2020FFF768FEFFE747F6C4
:101DE0002C00C2F2010000788007002813D5FFE71D
:101DF00047F63400C2F20100007847F63801C2F21B
:101E000001010978002818BF6020002918BF0521AA
:101E1000FFF7D6FEFFE702B080BD000080B588B0B6
:101E200007908DED060ACDED050A9DED060A9DEDA4
:101E3000051A079890ED052A21EE021AB0EE002A45
:101E400081EE021A30EE410A8DED040A9DED060A7C
:101E50009DED051A079890ED053A21EE031A81EEE3
:101E6000021A30EE010A8DED030A07989DED040A6F
:101E700000F098FB8DED020A07989DED030A00F033
:101E800091FB8DED010A0798016A9DED020ADDEDD7
:101E9000010A884708B080BD81B00090009847F6DD
:101EA0001141C0F60101C160009847F66521C0F6F6
:101EB00001014160009847F6D521C0F6010181601B
:101EC00001B0704780B582B08DF807009DF807100B
:101ED000082006F0EFFB9DF8070000F0030047F62E
:101EE0002C01C2F201010870012001F02BFB02B0AD
:101EF00080BD000080B584B003904DF20A70C3F637
:101F0000234002900020019040F60040C4F20200FD
:101F10000821F1F71BFCC8BBFFE7039901F1200082
:101F200091ED060ADDED020A02F0F4FE039890ED51
:101F3000070A90ED0E1AB8EEC00A30EE010A8DEDD8
:101F4000010A9DED010A9FED261AB4EE410AF1EE59
:101F500010FA03DDFFE79FED220A02E09DED010A82
:101F6000FFE78DED010A9DED010A9FED1E1AB4EE0B
:101F7000410AF1EE10FA03DAFFE79FED1A0A02E0D8
:101F80009DED010AFFE78DED010AFFE70398426C22
:101F90009DED010A9FED141AB4EE410AF1EE10FA1C
:101FA0000DDDFFE79DED010A9FED101AB4EE410A29
:101FB000F1EE10FA03DAFFE79FED0D0A02E09DED66
:101FC000010AFFE7BDEEC00A10EE101A90479DED22
:101FD000010A0398BDEEC00A80ED070A04B080BD77
:101FE00000007A4400007AC400007AC300007A43FB
:101FF0000000000080B582B001900198002141608E
:1020000001600198C160816001984161019881611E
:102010000198C16101980161019842F20F71C16399
:102020000198203002F05CFE02B080BD82B00190C9
:102030008DED000A9DED000A019890ED101AB4EEA6
:10204000410AF1EE10FA04DDFFE7019890ED100A65
:1020500016E09DED000A019890ED101AB1EE411ABC
:10206000B4EE410AF1EE10FA06DAFFE7019890EDBE
:10207000100AB1EE400A02E09DED000AFFE7FFE71B
:102080008DED000A00980199086202B070470000C7
:10209000B0B586B005904DF20A70C3F623400490A7
:1020A00003930292DDF808C0DDF80CE0059A93680E
:1020B000D0681269D117A3FB024503FB015100FB55
:1020C00002101CEB040140EB0E00029103900298F9
:1020D00005990968401A019002980399059A516080
:1020E00010609DED010AB8EEC00A9DED041A80EE65
:1020F000010A9FED0E1A20EE010A059890ED051ACF
:102100009FED0B2A21EE021A30EE010A80ED050A3E
:10211000059890ED050A90ED0F1AB8EEC11A80EE01
:10212000010A80ED060A06B0B0BD00BF6666663FD4
:10213000CDCCCC3D80B582B0019000914DF63C30C5
:10214000C2F2000000680099002201F0A7FA02B074
:1021500080BD000080B582B0019000914DF64830FE
:10216000C2F2000000680099002201F097FA02B064
:1021700080BD000080B584B0002004F0C3FA8DF863
:102180000F00012004F0BEFA8DF80E009DF80F003C
:1021900002909DF80E0001900198029901EB002039
:1021A00004B080BD10B584B000208DF80F008DF80C
:1021B0000E0046F66A31ADF80C1002908DF807005B
:1021C000FFE79DF80700012842DCFFE700200290AE
:1021D000FFE79DF80F100020052908D0FFE70299BE
:1021E000481C029000200529B8BF0120FFE7C00766
:1021F00030B1FFE7002004F0B1FA8DF80F00E8E7F6
:102200009DF80F0005281DD1FFE704F063FA47F69B
:102210003C04C2F20104012020700220782106F063
:1022200049FA012004F09AFA8DF80E0008200021E6
:1022300006F040FA2178002918BFC021092006F0D5
:1022400039FA06E09DF8070001308DF80700B8E77D
:10225000FFE79DF80F0004B010BD000082B00190B0
:10226000FFE7012001F06EF9FBE700008AB009905A
:10227000FEF752FF38B9FFE74CF20870C0F60100D4
:10228000EEF7A8F806E04CF25D70C0F60100EEF73C
:10229000A1F8FFE7642001F055F9FFE740F21C4088
:1022A000C2F2000000684FF0FF3101F05BFC6C46A9
:1022B00004F10C01204604F00BFB072021461822F4
:1022C00002F0A4FC322001F03DF9E7E710B584B03C
:1022D00003908DED020ACDED010A009100990920CD
:1022E000642205F027F94DF64C34C2F20004606810
:1022F0009DED020AFFF79AFE20689DED010AFFF7A7
:1023000095FE04B010BD000010B584B003908DEDB3
:10231000020ACDED010A4DF64C34C2F200042068E9
:102320009DED010AFFF782FEE0689DED020AB1EE25
:10233000400AFFF77BFE04B010BD000010B586B068
:1023400005908DED040ACDED030A8DED021ACDED59
:10235000011A4DF64C34C2F2000460689DED040A87
:10236000FFF764FE20689DED030AFFF75FFEA0689B
:102370009DED020AB1EE400AFFF758FEE0689DEDC0
:10238000010AB1EE400AFFF751FE06B010BD000091
:1023900080B588B007900691059204930698019045
:1023A000059802900498ADF80C000798C26901A93D
:1023B000904708B080BD000081B0009000980321D4
:1023C000017101B07047000080B582B001900091AA
:1023D0009DF8000080F0010241F20000C4F202000A
:1023E0004FF48061F1F7CAF902B080BD80B582B0C8
:1023F000019000910198826900F10C01904720B989
:10240000FFE7019800210171FFE701980079032897
:1024100070D8DFE800F00223376E0198C068A0B1E1
:10242000FFE70198026A012190470198006938B1DD
:10243000FFE701980021816001980121017103E00B
:10244000019803210171FFE707E00198026A00216A
:102450009047019803210171FFE74CE00098019932
:102460008A681044886001988168C068814208D3F6
:10247000FFE70198026A002190470198022101714B
:10248000FFE738E0009801998A6810448860019855
:102490008168C26800691044814229D3FFE701982E
:1024A0008168C26803691A44891A81600198808A28
:1024B000012808D1FFE70198026A0021904701989E
:1024C0000321017113E00198026A012190470198EC
:1024D000808A10B9FFE7002003E00198808A013864
:1024E000FFE701998882019801210171FFE7FFE769
:1024F00001E000E0FFE702B080BD000080B582B0DF
:1025000001904DF63830C2F2000000681E21FFF73E
:102510006DFF02B080BD000010B586B04CF2FC40EB
:10252000C0F60100D0F800C0D0F804E08368C168AC
:10253000026940690590049203910293CDF804E08A
:10254000CDF800C06A4605200C2101F007F94DF6D0
:102550003C31C2F20001086040F23800C2F20000D3
:10256000242100F067F94DF63834C2F200042060EF
:102570002068FFF721FF206801210160206842F2F6
:10258000C931C0F601010162206842F23511C0F67E
:1025900001018161206846F2F901C0F60101C161C3
:1025A00006B010BD82B001908DED000A9DED000ACD
:1025B000019890ED061A90ED072A9FED053A21EE5D
:1025C000031A80EE010A20EE020A02B0704700BF33
:1025D000DB0F494082B001908DED000A9DED000AAD
:1025E000019890ED061A90ED072A9FED053A21EE2D
:1025F000031A80EE010A20EE020A02B0704700BF03
:10260000DB0F494082B001908DED000A9DED000A7C
:10261000019890ED061A9FED042A21EE021A80EE31
:10262000010A02B0704700BFDB0F494081B00120B2
:1026300000904DF6E820C2F20000002101700098E1
:102640004DF6EC21C2F200010A681044086001B0A6
:102650007047000080B58AB0099005208DF804000D
:1026600040F24840C2F20000006801A90A2201F0CD
:10267000F3F80AB080BD000080B58AB00020089051
:1026800040F23801C2F2000107910490089810B19D
:10269000FFE7089804E04DF6D020C2F20000FFE703
:1026A0000890079820B1FFE70898806818B1FFE705
:1026B000002009909EE00020069005900190FFE721
:1026C0000798019900EBC100406878B9FFE70798C7
:1026D000019950F8310048B9FFE701980490049837
:1026E00018B9FFE70020099084E01CE006980599DE
:1026F00008440799019A51F83210884203D9FFE73C
:102700000020099076E00798019950F83100069072
:102710000798019900EBC10040680590FFE7019818
:1027200001300190CCE7079878B1FFE7049860B1D9
:10273000FFE70898143000F0B9F830B9FFE70898BF
:10274000143000F099F818B9FFE70020099051E023
:1027500000200090FFE700980499884246D2FFE7E6
:10276000079806A905AA03F0C1FB08B9FFE736E000
:102770000898806838B9FFE70698089908600898B3
:1027800000214160FFE7089880680290069805994B
:10279000084408380899886008988068002101601A
:1027A00008988068416006980390089880680399AB
:1027B00008600598083803994860029820B1FFE73F
:1027C000039802990860FFE7039840680899CA686F
:1027D0001044C8600898016901310161FFE7009861
:1027E00001300090079808300790B4E70898006916
:1027F0000990FFE70AB080BD80B582B00021019149
:102800000090019810B1FFE7019804E04DF6D02048
:10281000C2F20000FFE701900198143000F05AF86E
:102820000198009903F030FB0198143000F048F84B
:1028300002B080BD80B584B0002203920290019165
:10284000039810B1FFE7039804E04DF6D020C2F2E0
:102850000000FFE703900398143000F03BF8039862
:102860000299019A03F04EFA00900398143000F098
:1028700027F8009804B080BD80B586B005904CF272
:10288000E830C0F60100016842688368C0680490BF
:1028900003930292019101A801F092F80599086052
:1028A000002818BF012006B080BD000081B0009054
:1028B00000980068002818BF012001B07047000090
:1028C00080B582B001900198006801F00DF902B066
:1028D00080BD000080B582B001900198006801F0D1
:1028E0001DF802B080BD000085B003900398D0B100
:1028F000FFE7039800684BF6EF61CDF6AD618842C3
:1029000011D1FFE70398806944F21011C2F252110D
:10291000884208D1FFE70398406820B1FFE7039899
:10292000806818B9FFE70020049025E0039800694B
:1029300001900398C068009001980099884204D1E2
:10294000FFE703988068029012E00098019988429E
:1029500005D9FFE700980199401A029007E0039813
:1029600080680199009A511A08440290FFE7FFE736
:10297000029801380490FFE7049805B07047000002
:1029800085B003900398D0B1FFE7039800684BF639
:10299000EF61CDF6AD61884211D1FFE70398806900
:1029A00044F21011C2F25211884208D1FFE7039895
:1029B000406820B1FFE70398806818B9FFE700205E
:1029C000049023E00398006901900398C068009088
:1029D00001980099884203D1FFE70020029012E09D
:1029E00001980099884205D9FFE701980099401A9B
:1029F000029007E0039880680099019A511A0844F0
:102A00000290FFE7FFE702980490FFE7049805B003
:102A10007047000084B0029001910092029830B19A
:102A2000FFE7019818B1FFE7009820B9FFE7002001
:102A30008DF80F001EE00298002181614161016163
:102A4000C1608160416001600098029988600198CE
:102A50000299486002984BF6EF61CDF6AD610160D6
:102A6000029844F21011C2F25211816101208DF8D6
:102A70000F00FFE704B0704780B58AB008900020CF
:102A800007904DF6E460C2F2000006901920059010
:102A900006980190089800B3FFE7089800684BF685
:102AA000EF61CDF6AD61884217D1FFE708988069E4
:102AB00044F21011C2F2521188420ED1FFE7089879
:102AC000406850B1FFE70898806830B1FFE706988A
:102AD00018B1FFE7059818B9FFE7002009905FE0FB
:102AE0000898C06802900898FFF74AFF049007987A
:102AF0000499884203D3FFE70020099050E007982B
:102B000002990844029007980499081A04900298C0
:102B100008998968884206D3FFE708988068029977
:102B2000081A0290FFE704980599884202D2FFE74D
:102B3000049801E00598FFE70590059818B9FFE7AC
:102B4000002009902CE0089880680299401A0599A5
:102B5000884205D2FFE7089880680299401A01E090
:102B60000598FFE70390019808994968029A114473
:102B7000039AEFF7CEF903980599081A059005987E
:102B800048B1FFE701980399084408994968059AF4
:102B9000EFF7BFF9FFE70398059908440990FFE7AD
:102BA00009980AB080BD000080B588B006900591F4
:102BB000049205980090069800B3FFE70698006815
:102BC0004BF6EF61CDF6AD61884217D1FFE706986D
:102BD000806944F21011C2F2521188420ED1FFE70F
:102BE0000698406850B1FFE70698806830B1FFE76B
:102BF000059818B1FFE7049818B9FFE7002007907F
:102C000063E00698FFF7BCFE0290029804998842A0
:102C100002D2FFE7029801E00498FFE704900498CD
:102C200018B9FFE7002007904FE00698C0680190B0
:102C3000069880680199401A0499884205D2FFE7F6
:102C4000069880680199401A01E00498FFE7039014
:102C5000009806994968019A1144039AEFF759F9C7
:102C6000039801990844019003980499081A049064
:102C7000049858B1FFE700980399084406994968F9
:102C8000049AEFF746F904980190FFE70198069936
:102C90008968884203D3FFE700200190FFE701988D
:102CA0000699C860FFE70698406940B1FFE70698BB
:102CB00043690399049A0A4400219847FFE7FFE714
:102CC0000398049908440790FFE7079808B080BD6F
:102CD00080B586B0049003910498E8B1FFE70498AA
:102CE00000684BF6EF61CDF6AD61884214D1FFE785
:102CF0000498806944F21011C2F2521188420BD13B
:102D0000FFE70498406838B1FFE70498806818B17D
:102D1000FFE7039818B9FFE70020059030E004981A
:102D2000FFF72EFE029003980299884202D2FFE735
:102D3000039801E00298FFE703900498C0680399A4
:102D400008440190019804998968884206D3FFE7F6
:102D5000049880680199081A0190FFE70198049986
:102D6000C860FFE70498406930B1FFE70498436901
:102D7000039A00219847FFE7FFE703980590FFE7D4
:102D800006B080BD80B588B0069005910492059884
:102D90000090069800B3FFE7069800684BF6EF61D5
:102DA000CDF6AD61884217D1FFE70698806944F2FD
:102DB0001011C2F2521188420ED1FFE70698406806
:102DC00050B1FFE70698806830B1FFE7059818B169
:102DD000FFE7049818B9FFE70020079063E0069822
:102DE000FFF782FD029002980499884202D2FFE721
:102DF000029801E00498FFE70490049818B9FFE7EF
:102E0000002007904FE006980069019006988068BE
:102E10000199401A0499884205D2FFE70698806814
:102E20000199401A01E00498FFE703900698406872
:102E3000019908440099039AEFF76BF803980199F8
:102E40000844019003980499081A0490049858B112
:102E5000FFE7069840680099039A1144049AEFF737
:102E600058F804980190FFE701980699896888420C
:102E700003D3FFE700200190FFE70198069908615E
:102E8000FFE70698406940B1FFE706984369039958
:102E9000049A0A4401219847FFE7FFE70398049941
:102EA00008440790FFE708B080BD000084B0002010
:102EB0000390FFE7F8F7BEF8FFE7F8F7BBF8FFF776
:102EC000DBFBF1F7E5FEF8F7EBF8FFE700200290F7
:102ED00043F64000C4F20200016841F400110160B1
:102EE000006800F4001002900298FFE7FFE700205E
:102EF000019043F64000C4F20200016841F48011E1
:102F00000160006800F4801001900198FFE7FFE77E
:102F10000020009043F63000C4F20200016841F442
:102F200000110160006800F4001000900098FFE7B5
:102F3000F7F7D4F9F7F746F8F7F786FFF7F7DAFB74
:102F4000F7F72CFDF7F7D4FDF7F78AFEF7F7F2FE57
:102F5000F7F7F2FBF7F738FCF7F716FBF7F750FF38
:102F6000F7F78EFFF7F7A8FFF7F7C4FFF7F7B6FEFE
:102F7000F7F7FAFDF7F736FEF7F7C8FCF7F710F8A2
:102F8000F7F76AFCF6F7C8FFF7F71EFBFFE74CF20E
:102F90006350C0F60100EDF71DFAFFE701F01CF9E0
:102FA00000F032FBF7F734F800F050FBFFE7FEE7E4
:102FB00081B047F22870C2F201000090009847F6F5
:102FC0002D41C0F60101C160009847F68921C0F685
:102FD00001014160009847F63931C0F60101816076
:102FE00001B0704780B58AB009908DED080ACDED2B
:102FF000070A8DED061A9DED060A099890ED041A50
:1030000090ED052A31EE021A20EE010A8DED050A37
:103010009DED080A9DED071A30EE410A9DED051A57
:1030200030EE410A8DED040A9DED080A9DED071A68
:1030300030EE010A9DED051A30EE010A8DED030A0E
:103040009DED080A9DED071A30EE410A9DED051A27
:1030500030EE010A8DED020A9DED080A9DED071A7A
:1030600030EE010A9DED051A30EE410A8DED010AA0
:1030700009989DED040AFFF7ADFA8DED040A099851
:103080009DED010AFFF7A6FA8DED010A09989DED65
:10309000030AFFF79FFA8DED030A09989DED020AD6
:1030A000FFF798FA8DED020A0998016A9DED040A6E
:1030B000DDED010A9DED031ADDED021A88470AB025
:1030C00080BD000010B582B00190009100980128E9
:1030D0000BDBFFE740F22070C2F200000168002223
:1030E000CA630099006801641BE00098B0F1FF3FDB
:1030F0000CDCFFE740F22070C2F200000168002201
:103100000A64009949420068C16309E040F22070F6
:10311000C2F2000001680022CA6300680264FFE78F
:10312000FFE740F22074C2F2000420460821F3F7C2
:10313000CFFE20460C21F3F7CBFE02B010BD0000FD
:1031400010B582B001900091009801280BDBFFE7D9
:1031500040F22070C2F20000016800224A63009928
:10316000006881631BE00098B0F1FF3F0CDCFFE7D3
:1031700040F22070C2F20000016800228A630099C8
:1031800049420068416309E040F22070C2F2000049
:10319000016800224A6300688263FFE7FFE740F2AC
:1031A0002074C2F2000420460021F3F791FE20466D
:1031B0000421F3F78DFE02B010BD000010B582B0FF
:1031C0000190009140F65834C2F2000420460021DC
:1031D000F3F74EFF20460421F3F74AFF0098012839
:1031E0000BDBFFE740F65830C2F200000168002216
:1031F0008A630099006841631BE00098B0F1FF3FCB
:103200000CDCFFE740F65830C2F2000001680022F3
:103210004A63009949420068816309E040F65830EA
:10322000C2F20000016800224A6300688263FFE77F
:10323000FFE740F65834C2F2000420460021F3F7BD
:1032400047FE20460421F3F743FE02B010BD000004
:1032500080B582B00190009140F60C40C2F20000AF
:103260000021F3F705FF40F6C040C2F20000002144
:10327000F3F7FEFE009801280FDBFFE740F60C4055
:10328000C2F20000006800214163009840F6C0418E
:10329000C2F200010968486323E00098B0F1FF3FE3
:1032A00010DCFFE740F6C040C2F2000000680021D9
:1032B00041630098404240F60C41C2F200010968A7
:1032C00048630DE040F60C40C2F2000000680021A7
:1032D000416340F6C040C2F2000000684163FFE76E
:1032E000FFE740F60C40C2F200000021F3F7F0FDCA
:1032F00040F6C040C2F200000021F3F7E9FD02B041
:1033000080BD0000F0B581B000200090FFE700987C
:10331000032848DCFFE740F23800C2F200004821F1
:10332000FFF788FA00994DF64C34C2F2000444F8D5
:103330002100009854F82000FEF75CFE009854F835
:1033400020004EF660210161009854F8200040F6FC
:103350007871C163009854F820004CF6CD41C3F653
:10336000AC710164009854F82000002101620098BB
:1033700054F820000021C4F27C214162009854F8E6
:10338000200046F26661C4F226018162009854F87A
:10339000200049F69A11C4F21901C162FFE70098B2
:1033A00001300090B3E74DF64C36C2F200063068AB
:1033B00043F2C501C0F60101416440F22077C2F238
:1033C00000073868002444623868016841F0010150
:1033D00001603868416C41F40041416440F6F010EE
:1033E000C2F2000001684C6201686FF001050D61D6
:1033F0000168CA6842F00102CA6001680A6842F0C6
:1034000001020A60F3F71EF9706843F24111C0F639
:1034100001014164386844623868016841F0010183
:1034200001603868416C41F40041416440F2D4705D
:10343000C2F2000001684C6201680D610168CA684F
:1034400042F00102CA6001680A6842F001020A60A3
:10345000F3F7F8F8B06843F2BD11C0F6010141641A
:1034600040F65830C2F2000001684C6201680A68F8
:1034700042F001020A600068416C41F4004141647D
:1034800040F63C10C2F2000001684C6201680D6118
:103490000168CA6842F00102CA6001680A6842F025
:1034A00001020A60F3F7CEF8F06843F25121C0F64A
:1034B0000101416440F60C40C2F2000001684C6218
:1034C00040F6C041C2F200010A6854620268136803
:1034D00043F0010313600A68136843F001031360AB
:1034E0000068426C42F4004242640868416C41F456
:1034F0000041416440F68800C2F2000001684C625D
:1035000001680D610168CA6842F00102CA60016881
:103510000A6842F001020A60F3F794F840F6A4202A
:10352000C2F2000001684C6201680D610168CA685E
:1035300042F00102CA600068016841F001010160C7
:1035400001B0F0BD80B584B00290EFF30580039028
:10355000039820B1FFE76FF00500019009E000201B
:103560000190029820B1FFE7029804F083FEFFE784
:10357000FFE704B080BD000080B584B04CF2D830C5
:10358000C0F60100029000200190EFF30580039047
:103590000398A8BBFFE74FF0FF3000900298C8B136
:1035A000FFE70298806840B1FFE70298C0682028D2
:1035B00003D3FFE7012000900BE00298806838B940
:1035C000FFE70298C06818B9FFE700200090FFE706
:1035D000FFE702E000200090FFE70098012806D1F5
:1035E000FFE70298806805F08DF8019007E00098E9
:1035F00020B9FFE705F06EF80190FFE7FFE7FFE76E
:10360000019804B080BD000082B0EFF30580019006
:10361000019820B1FFE76FF00500009014E041F63B
:103620003C20C2F20000006848B9FFE741F63C20A8
:10363000C2F20000012101600020009003E04FF081
:10364000FF300090FFE7FFE702B0704780B582B01F
:10365000EFF305800190019820B1FFE76FF00500BE
:10366000009019E041F63C20C2F2000000680128F9
:103670000DD1FFE7F7F7F6FC41F63C20C2F200005F
:103680000221016004F02EFF0020009003E04FF0C3
:10369000FF300090FFE7FFE702B080BD80B588B043
:1036A00006900591002004900392069902910190E2
:1036B000EFF305800790079868B3FFE7029830B1F1
:1036C000FFE7059818B1FFE7039820B1FFE76FF017
:1036D000030001901EE000200090029805996A46C0
:1036E00005F01AFE012804D0FFE76FF002000190F8
:1036F0000FE0009860B1FFE74EF60450CEF20000F4
:103700004FF080510160BFF34F8FBFF36F8FFFE722
:10371000FFE7FFE71FE0029818B1FFE7059820B91F
:10372000FFE76FF00300019014E002980599039AF7
:1037300005F00AFD01280CD0FFE7039820B1FFE750
:103740006FF00100019003E06FF002000190FFE7CD
:10375000FFE7FFE7FFE7019808B080BD80B588B0BC
:1037600006900591049200200390EFF305800790E6
:10377000079800286DD1FFE70698002869D0FFE779
:103780000598002865D0FFE74FF0FF3002900498BD
:1037900068B3FFE704988068A0B1FFE70498C068A9
:1037A00050280FD3FFE70498006958B1FFE7049849
:1037B00040690699059A5143884203D3FFE70120E7
:1037C000029013E00498806878B9FFE70498C06815
:1037D00058B9FFE70498006938B9FFE704984069D1
:1037E00018B9FFE700200290FFE7FFE702E00020A2
:1037F0000290FFE7029801280DD1FFE7069805998E
:10380000049A936812694FF0000CCDF800C005F0DF
:103810004DF903900AE0029838B9FFE70698059938
:10382000002205F009F90390FFE7FFE7039878B15C
:10383000FFE7049820B1FFE704980068019002E0D8
:1038400000200190FFE70398019904F069FCFFE76D
:10385000FFE7039808B080BD80B588B00690059159
:1038600000208DF813000392069902910190EFF366
:1038700005800790079868B3FFE7029830B1FFE72B
:10388000059818B1FFE7039820B1FFE76FF0030038
:1038900001901EE000200090029805996A4605F00C
:1038A000EFFA012804D0FFE76FF0020001900FE06B
:1038B000009860B1FFE74EF60450CEF200004FF0E2
:1038C00080510160BFF34F8FBFF36F8FFFE7FFE7BA
:1038D000FFE71FE0029818B1FFE7059820B9FFE75E
:1038E0006FF00300019014E002980599039A05F027
:1038F000BBF901280CD0FFE7039820B1FFE76FF078
:103900000100019003E06FF002000190FFE7FFE784
:10391000FFE7FFE7019808B080BD000080B586B0E2
:1039200004904FF0FF300390049820F001000290C3
:10393000049800F00100009000200190EFF3058052
:103940000590059820B1FFE76FF00500019033E086
:10395000029820B9FFE76FF0030001902BE0009878
:10396000A0B1FFE70298039905F06AFE01280CD088
:10397000FFE7039820B1FFE76FF00100019003E03B
:103980006FF002000190FFE7FFE713E00298039950
:1039900005F044FD01280CD0FFE7039820B1FFE7B4
:1039A0006FF00100019003E06FF002000190FFE76B
:1039B000FFE7FFE7FFE7FFE7019806B080BD0000E3
:1039C00080B588B0069000200590EFF30580079041
:1039D0000798002840F08580FFE7069820B1FFE7B0
:1039E00006984068049002E000200490FFE79DF8EC
:1039F0001000C00718B1FFE70120039002E000208B
:103A00000390FFE7049800F00800082868D0FFE75B
:103A10004FF0FF3002900698C8B1FFE70698806823
:103A200040B1FFE70698C068502803D3FFE70120A4
:103A300002900BE00698806838B9FFE70698C068E6
:103A400018B9FFE700200290FFE7FFE702E000203F
:103A50000290FFE70298012812D1FFE7039838B1DE
:103A6000FFE706988168042004F0CCFF059006E08B
:103A700006988168012004F0C5FF0590FFE711E07A
:103A8000029870B9FFE7039828B1FFE7042004F01B
:103A9000A3FF059004E0012004F09EFF0590FFE7DE
:103AA000FFE7FFE7059878B1FFE7069820B1FFE749
:103AB00006980068019002E000200190FFE7059859
:103AC000019904F02DFBFFE7059840B1FFE703984B
:103AD00028B1FFE7059840F001000590FFE7FFE7F8
:103AE000FFE7059808B080BD80B586B004900498C3
:103AF00020F001000390049800F0010001900020E4
:103B00000290EFF305800590059820B1FFE76FF074
:103B10000500029023E0039820B9FFE76FF003004F
:103B200002901BE0019858B1FFE7039805F0DAFA1C
:103B3000012804D0FFE76FF002000290FFE70CE0DD
:103B400003980021002205F08FF8012804D0FFE738
:103B50006FF002000290FFE7FFE7FFE7FFE7029840
:103B600006B080BD80B586B00490039104980290A1
:103B700000200190029820B9FFE76FF00300019048
:103B800041E0EFF305800590059838B3FFE703980F
:103B900020B1FFE76FF0030001901EE000200090CD
:103BA00002986A46002105F0B7FB012804D0FFE720
:103BB0006FF0020001900FE0009860B1FFE74EF651
:103BC0000450CEF200004FF080510160BFF34F8FE0
:103BD000BFF36F8FFFE7FFE7FFE713E0029803995A
:103BE00005F01CFC01280CD0FFE7039820B1FFE78B
:103BF0006FF00100019003E06FF002000190FFE719
:103C0000FFE7FFE7FFE7019806B080BD80B588B009
:103C1000012106910021059104900391EFF30580A5
:103C200007900798002840F08980FFE70698002851
:103C300000F08480FFE70598069988427ED8FFE768
:103C40004FF0FF3002900498C8B1FFE704988068F5
:103C500040B1FFE70498C068502803D3FFE7012074
:103C600002900BE00498806838B9FFE70498C068B8
:103C700018B9FFE700200290FFE7FFE702E000200D
:103C80000290FFE702980130002856D0FFE706981F
:103C900001282CD1FFE7029801280BD1FFE70498F7
:103CA00083680320009001200021002204F0FEFE22
:103CB000039006E001200021032204F0BDFE0390E2
:103CC000FFE7039890B1FFE7059878B1FFE7039805
:103CD0000021002204F0C8FF012806D0FFE7039866
:103CE00004F048FA00200390FFE7FFE712E0029893
:103CF000012808D1FFE706980599049A926804F014
:103D000033FE039005E00698059904F0F9FD039051
:103D1000FFE7FFE7039878B1FFE7049820B1FFE7DA
:103D200004980068019002E000200190FFE70398EA
:103D3000019904F0F5F9FFE7FFE7FFE7039808B002
:103D400080BD000080B586B00490049803900020E8
:103D50000290039820B9FFE76FF00300029031E072
:103D6000EFF3058005900598F0B1FFE70020019082
:103D7000039801A905F026F9012804D0FFE76FF0A8
:103D8000020002900FE0019860B1FFE74EF6045088
:103D9000CEF200004FF080510160BFF34F8FBFF3B0
:103DA0006F8FFFE7FFE70CE003980021002204F08B
:103DB0005BFF012804D0FFE76FF002000290FFE7ED
:103DC000FFE7FFE706B080BD10B58EB00B900A91FB
:103DD000099200200690EFF305800D900D980028C1
:103DE00040F09580FFE70B98002800F09080FFE7F7
:103DF0008020079018200590002008904FF0FF3099
:103E00000490099800284DD0FFE70998006820B178
:103E1000FFE7099800680890FFE70998806920B1DA
:103E2000FFE7099880690590FFE7059848B1FFE72B
:103E30000598382805D8FFE709980079C00718B118
:103E4000FFE700200C9065E00998406928B1FFE782
:103E50000998406980080790FFE70998806880B159
:103E6000FFE70998C0685C280BD3FFE70998006951
:103E700038B1FFE70998406918B1FFE701200490C5
:103E80000FE00998806858B9FFE70998C06838B909
:103E9000FFE70998006918B9FFE700200490FFE7E1
:103EA000FFE702E000200490FFE70498012815D105
:103EB000FFE70B980899079A0A9BDDF814C0DDF814
:103EC00024E0DEF80840DEF810E00294CDF804E0CB
:103ED000CDF800C005F09AFC069017E00498A0B950
:103EE000FFE70B980899BDF81C200A9BDDF814C069
:103EF00006AC0194CDF800C005F03CFC012803D0CD
:103F0000FFE700200690FFE7FFE7FFE7FFE70698DF
:103F10000C90FFE70C980EB010BD000080B58AB081
:103F2000089001208DF81F00002006900591039055
:103F3000EFF305800990099800286CD1FFE70898F5
:103F4000002868D0FFE7082002F0F6F802900298F7
:103F500000285FD0FFE70898029908600698029948
:103F600048609DF81F0018B9FFE70020019002E0AB
:103F700001200190FFE74FF0FF30009000200490F7
:103F8000059808B3FFE70598006820B1FFE705989A
:103F900000680490FFE70598806840B1FFE7059846
:103FA000C0682C2803D3FFE7012000900BE00598A0
:103FB000806838B9FFE70598C06818B9FFE70020A6
:103FC0000090FFE7FFE702E000200090FFE7009885
:103FD000012809D1FFE704980199029A059B9B6883
:103FE00005F0EEFF03900AE0009838B9FFE7049867
:103FF0000199029A05F0BAFF0390FFE7FFE70398E3
:1040000038B9FFE7029820B1FFE7029803F0B0FF4C
:10401000FFE7FFE7FFE703980AB080BD80B586B0F1
:104020000490039104980290EFF3058005900598A1
:1040300020B1FFE76FF00500019017E0029820B96A
:10404000FFE76FF0030001900FE00298039A04214C
:1040500006F044F8012803D1FFE70020019003E0B7
:104060006FF002000190FFE7FFE7FFE706B080BDB9
:1040700080B584B0039003980430029047F628007E
:10408000C2F201000068DDF808C0BCF80010BCF8FE
:104090000220BCF80430BCF806C0CDF800C0FDF723
:1040A0001DFB04B080BD000070B584B00390ADF876
:1040B0000A104DF65C35C2F20005D5F84C010190AE
:1040C000D5F84C0180F00100C5F84C0141F24404E0
:1040D000C2F200042046F3F7CDF8D5F84C0105F5FF
:1040E000A07656F8201020464FF48072F3F758F867
:1040F000D5F85401019956F82110BDF80A20FEF7B1
:1041000041FE40F21840C2F200000068FFF71AFEBC
:1041100004B070BD10B582B001904DF65C30C2F2B3
:10412000000000F5AE74D0F85C01FEF765FB40F2CC
:104130004440C2F20000006821460022FFF7AEFAB8
:1041400000900098C0B9FFE741F24404C2F20004B5
:1041500044F21512C0F6010220460121F3F7CCFD0E
:104160004DF65C30C2F20000D0F85C11C878421DF8
:104170002046F3F72DFF07E040F21440C2F20000A2
:104180000068FFF7DFFDFFE702B010BD80B544F225
:104190005921C0F60101012000F0B4FA44F2710186
:1041A000C0F60101022000F0ADFA44F2A121C0F6F0
:1041B0000101032000F0A6FA44F27D71C0F601016E
:1041C000052000F09FFA44F2D531C0F60101042029
:1041D00000F098FA80BD0000B0B54DF65C34C2F234
:1041E000000420464FF4B071EDF755FA002020701E
:1041F000C4F83C014DF6BC41C2F20001C4F84011C4
:104200004DF6BC51C2F20001C4F844114FF4807164
:10421000C4F84811C4F84C0140F23805C2F2000558
:1042200028464FF40061FEF705FBC4F8500128460C
:104230001C21FEF7FFFAC4F85401D4F85011D4F849
:1042400054014FF40062FEF7E5FB46F62960C0F624
:104250000100C4F85801B0BD80B584B00390039844
:10426000043002900298007801388DF807009DF81C
:104270000700002812DCFFE79DF807004DF63831F3
:10428000C2F2000151F82000029BB3F80110B3F80C
:104290000320B3F80530FEF77BF8FFE704B080BDDC
:1042A00080B58EB00D900D9881784CF26E50C0F6AE
:1042B0000100ECF78FF80D980079042800F2878050
:1042C000DFE800F00312344263000D9804300C90D4
:1042D0000C98D0F8021040784DF64C32C2F2000231
:1042E00052F82000016273E000200B900D99043118
:1042F0000B910A90FFE70A980B994978884214DAE3
:10430000FFE70B980A9901EB81010844D0F80310EC
:1043100080784DF64C32C2F2000252F82000016261
:10432000FFE70A9801300A90E5E751E00D98043064
:104330000990099840784DF64C31C2F2000151F8CD
:1043400020000021016243E00D9804300890002015
:104350000790FFE70798032816DCFFE708984078E6
:104360000799C840C00750B1FFE707984DF64C3198
:10437000C2F2000151F8200000210162FFE7FFE7CF
:10438000079801300790E5E722E004208DF8080047
:1043900000200190FFE70198032812DCFFE7019855
:1043A0004DF64C31C2F2000151F8201002AA02EB86
:1043B00080008969C0F80110FFE701980130019081
:1043C000E9E702A90320112200F020FC00E0FFE74A
:1043D0000EB080BD80B58EB00D900D98007901387B
:1043E000082800F2B580DFE800F005B334B34DB320
:1043F00075B38D000D9804300C9000200B90FFE7F2
:104400000B980C99C978884222DAFFE70C980B992F
:1044100001EB410108440079042814DCFFE70C9803
:104420000B9901EB4101014408794DF6BC62C2F2DF
:10443000000202EB800050F8040CB1F805100A46A7
:1044400002F082F8FFE7FFE70B9801300B90D7E707
:104450007FE00D9804300A900A98C078042810DC98
:10446000FFE70A9AD0784DF6BC61C2F2000101EB79
:10447000800050F8040C9188B2F8012002F064F832
:10448000FFE766E00D980430099009984078042809
:104490001FDCFFE7099840784DF6BC61C2F20001CD
:1044A00001EB800050F8040CC068ADF822000998B8
:1044B00040788DF81800099800788DF81900BDF83B
:1044C0002200ADF81A0006A90420042200F09EFB89
:1044D000FFE73EE00D9804300590059840780428E9
:1044E0000FDCFFE7059948784DF6BC62C2F2000286
:1044F00002EB800050F8040C91F9021002F00AF867
:10450000FFE726E00D9804300490049840780428D2
:104510001DDCFFE7049840784DF6BC61C2F2000153
:1045200001EB800050F8040C406803900498407838
:104530008DF80000049800788DF8010003988DF83C
:10454000020069460420032200F060FBFFE700E060
:10455000FFE70EB080BD000080B596B04DF65C3030
:10456000C2F2000015901598D0F85401FEF708FA31
:104570000490002003908DF80B00FFE704980028BA
:1045800000F0BE80FFE70498412802D3FFE74020F7
:1045900001E00498FFE704901598D0F85401049ABC
:1045A00005A9FEF701FB039000200190FFE70198A9
:1045B0000399884280F09D80FFE7159800780528D0
:1045C00000F28E80DFE800F0030D182D3E580198B0
:1045D00005A9085CAA38B0FA80F04009159908705E
:1045E00082E0019805A9085C5538B0FA80F04009CE
:1045F00040001599087077E0019805A9085C002132
:104600000D28B8BF0321159801701598007803286C
:1046100006D1FFE7019805A9085C1599C870FFE766
:1046200062E0019805A9085C15990871159801794F
:104630000422002908BF0522027015980021C0F845
:104640003C1151E0019805A9085C1599D1F83C216D
:10465000114448711598D0F83C110131C0F83C1153
:104660001598D0F83C110079814204DBFFE71598DA
:1046700005210170FFE737E0019805A9085C15994D
:104680000A79114448711599C81C09790231FDF75E
:10469000C3F98DF80B009DF80B0015990A791144A8
:1046A0004979884212D1FFE71598C17800EB810063
:1046B000D0F8080148B1FFE71598C17800EB8101F7
:1046C0000130D1F808118847FFE7FFE7159801305E
:1046D00040F20511ECF77AFA15980021017003E019
:1046E000159800210170FFE7FFE701980130019064
:1046F0005DE71598D0F85401FEF742F904903DE7C4
:1047000016B080BD83B04DF65C32C2F20002029258
:104710008DF8070000919DF807000C2809DCFFE7E1
:10472000009802999DF8072001EB8201C1F8080169
:10473000FFE703B07047000082B0019040F21840DC
:10474000C2F2000000680021FFF70CFAFFE741F217
:104750004400C2F20000002180F84010FFE700F0A2
:104760002DFAFFE740F21840C2F2000000684FF057
:10477000FF31FFF7F7F9FFF7EFFEF3E770B5A2B0EF
:104780002190219800790138392800F2C681DFE8AC
:1047900010F03A00C4015800C4017000C4018F0039
:1047A000C401AE00C401CD00D600DF00C401C401C5
:1047B000FB00C4010401C401C401C401C401C4015B
:1047C000C401C401C401C401C401C401C401C401C1
:1047D0002001C4012901C4014801C401C401C4016C
:1047E000C401C401C401C401C401C401C401C401A1
:1047F0005001C4015A01C4017601C4018001C40101
:104800009C01C401A501219804301D9000201C903A
:10481000FFE71C981D99C978884211DAFFE71D9AB5
:104820001C9800EB400011180879B1F80510B2F897
:10483000012002F07FFEFFE71C9801301C90E8E7A2
:104840006CE1219804301B9000201A90FFE71A9821
:104850001B99497888420BDAFFE71B981A9908449C
:10486000807802F017FFFFE71A9801301A90EEE700
:1048700054E10020ADF86600219804301890189893
:10488000047845780DF16601284602F045FC0346A0
:104890001EAE30462946224600F042F9BDF86600B9
:1048A000ADF87B0005203146052200F0AFF935E177
:1048B0000020ADF85E002198043016901698047818
:1048C00045780DF15E01284602F09EFC03461EAEBF
:1048D00030462946224600F023F9BDF85E00ADF8C7
:1048E0007B0005203146052200F090F916E10020FA
:1048F0008DF8570021980430149014980478457866
:104900000DF15701284602F02FFC03461EAE30463B
:104910002946224600F004F99DF857008DF87B00E7
:1049200005203146042200F071F9F7E021980430A7
:10493000139013984078002102F02CFBEEE02198B0
:104940000430129012984078012102F023FBE5E038
:104950002198043010901098047845780DF14701A3
:10496000284602F0B1FB03461EAE304629462246D9
:1049700000F0D6F89DF847008DF87B000520314601
:10498000042200F043F9C9E0219804300F900F99F8
:104990004878897802F0B0FDC0E0219804300D908D
:1049A0000D98047845780DF13B01284602F064FB30
:1049B00003461EAE30462946224600F0B1F89DF867
:1049C0003B008DF87B0005203146042200F01EF9E3
:1049D000A4E0219804300C900C994878897802F072
:1049E0006DFD9BE000208DF82F00219804300A9087
:1049F0000A98047845780DF12F01284602F014FB3F
:104A000003461EAE30462946224600F089F89DF83E
:104A10002F008DF87B0005203146042200F0F6F8C7
:104A20007CE02198043009900998407802F0D8FC85
:104A300074E0219804300890089A50785188928840
:104A400002F0E8FC6AE0002007902198043006900C
:104A500006980478457807A9284602F0B9FA034673
:104A60001EAE30462946224600F05AF80798CDF887
:104A70007B0005203146072200F0C8F84EE021985F
:104A800004300590059A50785188928802F0ACFD68
:104A900044E00020049021980430039003980478A7
:104AA000457804A9284602F0D7FB03461EAE3046DF
:104AB0002946224600F034F80498CDF87B00052002
:104AC0003146072200F0A2F828E021980430029035
:104AD00002994878897802F061FD1FE000208DF886
:104AE00007002198043000900098047845780DF173
:104AF0000701284602F060FB03461EAE30462946F9
:104B0000224600F00DF89DF807008DF87B00052087
:104B10003146042200F07AF800E0FFE722B070BDD1
:104B200083B002908DF807108DF8062000939DF851
:104B30000700029908709DF80600029948700098D5
:104B40000299887003B0704780B586B08DF8170061
:104B5000049103920398811D40F23800C2F20000D4
:104B60000830FDF767FE0290029818B3FFE702983D
:104B7000AA21017002985521417003980299C870CA
:104B80009DF8170002998870029804300499039ADE
:104B9000EDF7BFF9029802300399023189B2FCF7B0
:104BA0003BFF8DF807009DF807000299039A114416
:104BB0000871FFE7029806B080BD000010B541F211
:104BC0004404C2F200042046F2F754FB44F6D142FA
:104BD000C0F6010220460421F3F78EF844F2A90141
:104BE000C0F601012046F3F711F94DF65C30C2F230
:104BF0000000D0F84C1100EB8100D0F840112046A5
:104C00004FF48072F2F7CCFA10BD000080B586B088
:104C10004DF65C33C2F2000304938DF80F0002914D
:104C200001929DF80F000299019AFFF78DFF009005
:104C3000009838B1FFE70498D0F8582100999047C0
:104C4000059003E06FF001000590FFE706B080BD1E
:104C500082B0019040F21440C2F200000068FFF7F9
:104C600071F8FFE740F21440C2F2000000684FF014
:104C7000FF31FEF777FF40F24440C2F200000068C7
:104C80004DF65C31C2F2000101F5AE714FF0FF321A
:104C9000FEF704FD00900098C0B9FFE741F244041C
:104CA000C2F2000444F21512C0F6010220460121AE
:104CB000F3F722F84DF65C30C2F20000D0F85C1138
:104CC000C878421D2046F3F783F9FFE7CAE70000E2
:104CD00080B582B00190FFF771FF02B080BD000087
:104CE00084B0039000200290019000900399086026
:104CF0000299039A51600199039A91600099039A6D
:104D0000D16003990861039948610399886104B0EF
:104D10007047000087B006908DED050ACDED040ABE
:104D2000069890ED000A9DED051A30EE410A8DEDD2
:104D3000030A9DED030A069890ED041A30EE410A2D
:104D40008DED020A9DED030A9DED041A20EE010A85
:104D50008DED010A9DED030A069890ED041A90ED81
:104D6000052A32EE022A30EE420A30EE010A9DEDAB
:104D7000041A80EE010A8DED000A06989DED030AE3
:104D800090ED011A90ED022A90ED033A21EE000A0F
:104D90009DED011A22EE011A30EE010A9DED001A76
:104DA00023EE011A30EE010A80ED060A0698016929
:104DB000416103980699086107B0704780B584B0D7
:104DC0000390029141F6FC00C2F2000000680090DE
:104DD00041F21040C2F200000068043002F0A4FF6B
:104DE00008B9FFE700E0FFE70398013080B9FFE76B
:104DF000029868B1FFE741F21040C2F2000000687B
:104E0000011D41F6D400C2F2000003F037F83DE086
:104E10000098039908440190019841F21041C2F2B0
:104E20000001096848600198009988420ED2FFE7A6
:104E300041F6EC00C2F20000006841F21041C2F2FB
:104E400000010968043102F0E3FF1EE041F6E800CA
:104E5000C2F20000006841F21041C2F2000109688C
:104E6000043102F0D5FF019841F6F801C2F20001C9
:104E70000968884207D2FFE7019841F6F801C2F2BB
:104E80000001086000E0FFE7FFE7FFE704B080BD36
:104E900080B582B0019003F019F841F21440C2F2DB
:104EA000000001680131016041F21040C2F20000CF
:104EB000006898B9FFE7019841F21041C2F2000181
:104EC000086041F21440C2F200000068012803D1DA
:104ED000FFE700F057FB00E0FFE71CE041F218405D
:104EE000C2F200000068A0B9FFE741F21040C2F230
:104EF00000000068C06A0199C96A884207D8FFE7C4
:104F0000019841F21041C2F20001086000E0FFE7A1
:104F100000E0FFE7FFE741F21C40C2F20000016839
:104F2000013101600068019948640198C06A41F24A
:104F30002041C2F200010968884208D9FFE70198C0
:104F4000C06A41F22041C2F200010860FFE7019906
:104F5000C86A00EB800041F22442C2F2000202EB78
:104F60008000043102F08AFF02F0DCFF41F21840B9
:104F7000C2F200000068C8B1FFE741F21040C2F27F
:104F800000000068C06A0199C96A88420CD2FFE734
:104F90004EF60450CEF200004FF080510160BFF396
:104FA0004F8FBFF36F8F00E0FFE700E0FFE702B035
:104FB00080BD0000B0B582B002F088FF41F610104D
:104FC000C2F200000068E0BBFFE741F62414C2F221
:104FD0000004204602F0FCFE41F63815C2F200053E
:104FE000284602F0F5FE41F61C10C2F200000460F3
:104FF00041F61810C2F2000005600020009041F652
:105000004C12C2F2000241F6EC13C2F200030A2075
:10501000102103F04BFD41F61011C2F200010860AF
:10502000086860B1FFE741F61010C2F200000068A6
:105030004CF28851C0F6010103F072F800E0FFE77E
:1050400000E0FFE702F06EFF02B0B0BD80B582B0B5
:10505000FFE741F6F000C2F20000006808B3FFE786
:1050600002F034FF41F6C000C2F20000C068C06820
:1050700001900198043002F057FE41F21440C2F250
:10508000000001680139016041F6F000C2F2000041
:1050900001680139016002F045FF019800F08CF8C9
:1050A000D7E702B080BD000080B582B001900091CA
:1050B0000198006CB8B1FFE70198C168026C114417
:1050C000C16001988168C068884204D3FFE70198F5
:1050D0000168C16000E0FFE70098019AD168126C96
:1050E000ECF717FFFFE702B080BD000080B586B087
:1050F000059004910392002002900598806B019026
:105100000598006C78B9FFE70598006848B9FFE793
:105110000598806804F000FD0290059800218160E8
:1051200000E0FFE741E00398B8B9FFE7059A04996A
:105130005068126CECF7EDFE05984168026C114462
:105140004160059841688068814204D3FFE7059873
:105150000168416000E0FFE726E0059A0499D06805
:10516000126CECF7D6FE0598C168026C891AC16012
:1051700005980168C068884206D2FFE705988168F3
:10518000026C891AC16000E0FFE70398022809D188
:10519000FFE7019820B1FFE701980138019000E096
:1051A000FFE700E0FFE7FFE7FFE70198013005991F
:1051B0008863029806B080BD80B582B000900098E8
:1051C00090F8590040B9FFE70098006B02F0D0FE5C
:1051D000009802F0CDFE1CE0009890F859000128DC
:1051E00004D1FFE7009802F0C3FE11E0009890F8A8
:1051F000590002280BD0FFE74FF0500080F31188D0
:10520000BFF36F8FBFF34F8F0190FFE7FEE7FFE71C
:10521000FFE702B080BD000082B001900198406AB3
:1052200038B1FFE70198006B0068C0F138000090CA
:1052300002E000200090FFE7009802B070470000F5
:1052400082B0019041F61C10C2F2000000680068B4
:10525000B0FA80F04009019908600198006848B9E7
:10526000FFE741F61C10C2F200000068C068006849
:10527000009002E000200090FFE7009802B0704725
:1052800084B04FF4A040009047F61450C2F20000E2
:1052900001909DF80400400788B1FFE701980730AE
:1052A0000190019820F007000190019847F61451F1
:1052B000C2F20001009A081A10440090FFE701981A
:1052C0000290029847F60451C2F2000108600020E3
:1052D00048600299009A114401910199083901919D
:1052E000019921F007010191019947F6F842C2F2B4
:1052F000000211601168486011680860029803900C
:1053000001980399401A486010680399086003984F
:10531000406847F60C51C2F20001086003984068EB
:1053200047F60051C2F20001086047F6FC40C2F2A5
:1053300000000121017004B07047000082B00190AC
:10534000FFE7FFF783FE41F22440C2F2000000684D
:1053500002280CD3FFE74EF60450CEF200004FF0C7
:1053600080510160BFF34F8FBFF36F8F00E0FFE705
:10537000AFF30080E5E7000080B582B001900198AE
:1053800068B1FFE7019800218160019801600198F0
:10539000C16001980021002203F066FC00E0FFE7F5
:1053A00002B080BD80B584B0DDF818C003900291D2
:1053B00001928DF80330029818B9FFE70698006053
:1053C00003E0019806990860FFE703980699C8630F
:1053D000029806990864069803F0E8FB9DF803001C
:1053E000069981F84C0004B080BD000010B588B06B
:1053F000DDF830C0DDF82CC0DDF828C0069005913E
:1054000004920393002002900C98006B0499890089
:10541000A522ECF73BFE0C98006B049900EB810091
:1054200004380190019820F0070001909DF80400D5
:10543000400758B1FFE74FF0500080F31188BFF3E9
:105440006F8FBFF34F8F0790FFE7FEE7059800B31C
:10545000FFE700200090FFE700980F2813D8FFE730
:1054600005980099405C0C9A114481F83400059825
:105470000099405C08B9FFE706E0FFE7FFE7009806
:1054800001300090E8E7FFE70C98002180F8431016
:1054900004E00C98002180F83410FFE70A983828BF
:1054A00003D3FFE737200A9000E0FFE70A980C9942
:1054B000C8620A980C99C8640C98002404650C987A
:1054C000043002F09DFC0C98183002F099FC0C9806
:1054D00000610A98C0F138000C9988610C9840620C
:1054E0000C9844650C9880F8584001980699039AE6
:1054F00001F0C0F80C9908600B9820B1FFE70C98F8
:105500000B99086000E0FFE708B010BD80B586B0D9
:10551000DDF824C0DDF820C00490039102920193CD
:10552000039858B9FFE74FF0500080F31188BFF39C
:105530006F8FBFF34F8F0590FFE7FEE70998F0B13B
:10554000FFE7FFF737FD0498099908600398099968
:10555000886101980999C8610898099908620998B1
:10556000043002F04DFC029840B1FFE7099890F832
:10557000281041F0040180F82810FFE7FFE706B08B
:1055800080BD0000B0B582B000200190FFE7019817
:10559000372810D8FFE7019800EB800041F2244142
:1055A000C2F2000101EB800002F012FCFFE701985B
:1055B00001300190EBE741F68404C2F2000420467A
:1055C00002F006FC41F69805C2F20005284602F0FA
:1055D000FFFB41F6AC00C2F2000002F0F9FB41F61D
:1055E000C000C2F2000002F0F3FB41F6D400C2F2A8
:1055F000000002F0EDFB41F6E800C2F2000004609A
:1056000041F6EC00C2F20000056002B0B0BD00003F
:1056100083B0029047F60450C2F200000190FFE709
:10562000019800680299884205D2FFE7FFE70198D8
:1056300000680190F4E7019800900098019949688A
:1056400008440299884209D1FFE70298406801990D
:105650004A68104448600198029000E0FFE7029811
:1056600000900098029949680844019909688842A5
:1056700020D1FFE70198006847F6F841C2F2000127
:10568000096888420DD0FFE70198006840680299D8
:105690004A681044486001980068006802990860F0
:1056A00007E047F6F840C2F200000068029908607F
:1056B000FFE704E00198006802990860FFE701989D
:1056C0000299884204D0FFE702980199086000E03F
:1056D000FFE703B07047000080B586B005900491E5
:1056E0000392029300200190049805994860059860
:1056F000006104980399884216D8FFE7039802993D
:10570000401A05998969884203D3FFE70120019077
:1057100009E041F61810C2F2000000680599043152
:1057200002F076FBFFE717E003980299884208D25F
:10573000FFE704980299884203D3FFE70120019014
:1057400009E041F61C10C2F200000068059904311E
:1057500002F05EFBFFE7FFE7019806B080BD0000A6
:1057600080B582B0019002F0B1FB0198806B18B94E
:10577000FFE70120009002E000200090FFE702F028
:10578000D1FB009802B080BD80B582B0019002F0DC
:105790009DFB0198806B0199C96B884203D1FFE79B
:1057A0000120009002E000200090FFE702F0BAFB29
:1057B000009802B080BD000008480068006880F3CF
:1057C00008884FF0000080F3148862B661B6BFF31A
:1057D0004F8FBFF36F8F00DF00BF00BF08ED00E009
:1057E00080B586B00490039141F61C10C2F200000F
:1057F0000068C068C06801900198043002F094FA13
:10580000019890F828004007002820D5FFE701986C
:10581000049B81691944039AFFF75EFFA8B1FFE773
:105820000198049A002104F059FC0290029858B99A
:10583000FFE74FF0500080F31188BFF36F8FBFF385
:105840004F8F0590FFE7FEE700E0FFE707E00198D4
:1058500090F8281001F0FE0180F82810FFE7019869
:10586000016A884706B080BD80B58CB0FFE741F67D
:105870001010C2F20000006805A9002203F064FCC9
:10588000002800F0B380FFE70598B0F1FF3F17DC78
:10589000FFE705A804300090009858B9FFE74FF0E3
:1058A000500080F31188BFF36F8FBFF34F8F0990C3
:1058B000FFE7FEE700990A6848688968904700E0BA
:1058C000FFE70598002800F19080FFE70798049013
:1058D0000498406928B1FFE70498043002F024FAE4
:1058E00000E0FFE703A800F0F5F80190059809280B
:1058F00000F27980DFE800F00505053A426305050E
:105900003A42049890F8281041F0010180F82810DC
:105910000498069B81691944019AFFF7DDFE18B3CC
:10592000FFE70498016A8847049890F82800400728
:10593000002817D5FFE70498069982690A440021D8
:1059400004F0CCFB0290029858B9FFE74FF05000EA
:1059500080F31188BFF36F8FBFF34F8F0A90FFE77B
:10596000FEE700E0FFE700E0FFE73DE0049890F885
:10597000281001F0FE0180F8281035E0049890F816
:10598000281041F0010180F82810069804998861D8
:105990000498806958B9FFE74FF0500080F31188F0
:1059A000BFF36F8FBFF34F8F0B90FFE7FEE70498B5
:1059B000019A816911441346FFF78EFE14E00498A2
:1059C00090F828008007002804D4FFE7049802F02C
:1059D000CFFA07E0049890F8281001F0FE0180F853
:1059E0002810FFE700E0FFE7FFE740E70CB080BDCD
:1059F00080B584B00390029102F0DEFD684600F0AD
:105A000069F801900098D8BBFFE7029860B9FFE7FA
:105A100003980199884207D8FFE704F0E3F9039857
:105A20000199FFF7DDFE2AE0029858B1FFE741F641
:105A30001810C2F2000000680068B0FA80F0400957
:105A40000290FFE741F61010C2F2000000680399CF
:105A5000019A891A029A02F0DBFB04F0C3F960B9DB
:105A6000FFE74EF60450CEF200004FF08051016087
:105A7000BFF34F8FBFF36F8F00E0FFE7FFE702E058
:105A800004F0B0F9FFE704B080BD000081B041F63A
:105A9000E800C2F200000068006840B9FFE741F684
:105AA000F800C2F200004FF0FF3101600FE041F654
:105AB000E800C2F200000068C068C068009000986A
:105AC000406841F6F801C2F200010860FFE701B04A
:105AD0007047000080B582B0019003F023FF009072
:105AE000009841F62011C2F200010968884206D2EE
:105AF000FFE700F011F801980121016003E001982F
:105B000000210160FFE7009841F62011C2F2000178
:105B10000860009802B080BD80B586B0FFE741F60E
:105B20001C10C2F200000068006800284BD0FFE79C
:105B300041F61C10C2F200000168C96809680491AE
:105B40000068C068C06801900198043002F0ECF869
:105B50000198016A8847019890F8280040070028BA
:105B60002FD5FFE7049801998969084403900398A9
:105B7000049988420FD9FFE703980199486001987A
:105B8000006141F61C10C2F2000000680199043166
:105B900002F03EF914E00198049A002104F09EFA04
:105BA0000090009858B9FFE74FF0500080F311883B
:105BB000BFF36F8FBFF34F8F0590FFE7FEE7FFE75F
:105BC00000E0FFE7ABE741F61C10C2F200000168FD
:105BD000029141F61811C2F200010A6802600298AF
:105BE000086006B080BD000083B00020009040F245
:105BF0001400C2F200000068013058B1FFE74FF016
:105C0000500080F31188BFF36F8FBFF34F8F019067
:105C1000FFE7FEE74FF0500080F31188BFF36F8F6E
:105C2000BFF34F8F0290FFE7009808B9FFE7FBE74B
:105C300003B0704784B00390FFE701A8FFF700FBB3
:105C4000029002980199FFF7D3FEFFF70DFEF4E7EB
:105C500080B582B0019002F039F9019890F84500C2
:105C60008DF80300FFE79DF90300012816DBFFE72D
:105C70000198406A58B1FFE70198243004F04AF8CF
:105C800018B1FFE702F040FB00E0FFE700E006E0AC
:105C90009DF8030001388DF80300E4E7FFE7019861
:105CA000FF2180F8451002F03DF902F00FF901984C
:105CB00090F844008DF80200FFE79DF902000128EA
:105CC00016DBFFE70198006980B1FFE7019810300B
:105CD00004F020F818B1FFE702F016FB00E0FFE740
:105CE0009DF8020001388DF8020000E001E0E4E7D1
:105CF000FFE70198FF2180F8441002F013F902B089
:105D000080BD000080B58AB00890079106920020FF
:105D100003900698073020F007000830029008989A
:105D2000806818B9FFE700200990A9E002980828C8
:105D300003D1FFE700200990A2E09DF80B000006C8
:105D4000002803D5FFE70020099099E00898059006
:105D50000598006804900798D8B3FFE7079801A951
:105D60006A4600F0C3F818B9FFE70020099087E001
:105D7000FFE7049858B3FFE70498006830B1FFE7E5
:105D8000049808998968884203D1FFE700200990A8
:105D900076E004980199884201D2FFE711E0049867
:105DA0000199009A1144884203D3FFE7002009902B
:105DB00066E0049840680299884201D3FFE707E053
:105DC000FFE704980590049800680490D1E7FFE786
:105DD00024E0FFE70499002041B1FFE704984168FF
:105DE000029A0020914238BF0120FFE7C007A0B10E
:105DF000FFE70498006830B1FFE7049808998968C4
:105E0000884203D1FFE70020099039E0FFE70498BA
:105E10000590049800680490DCE7FFE7049818B93F
:105E2000FFE7002009902BE0049818B1FFE70498E1
:105E3000083001E00020FFE703900498006805990E
:105E40000860049840680899CA68101AC8600898E1
:105E50000499029A00F006F9FFE7049860B1FFE7A1
:105E60000498416841F00041416004984BF6EF61AD
:105E7000CDF6AD610160FFE7FFE703980990FFE70A
:105E800009980AB080BD000080B584B003900291EB
:105E9000029818B1FFE70298083801E00020FFE7F8
:105EA00001900198F8B1FFE70198C0790006002839
:105EB00019D5FFE7019800684BF6EF61CDF6AD61AB
:105EC000884210D1FFE70198416821F0004141600C
:105ED000019840680399CA681044C8600398019902
:105EE00000F052F8FFE704B080BD000086B00490D7
:105EF00003910292049830B1FFE7039818B1FFE7CD
:105F0000029820B9FFE700208DF8170038E00398C9
:105F100000210160029801600498406820F00700A9
:105F2000019001980F2804D8FFE700208DF8170092
:105F300026E00498006800909DF80000400768B1D2
:105F4000FFE7009820F007000830009000980499BF
:105F50000968019A081A10440190FFE70198102877
:105F60000AD3FFE700980399086001980299086036
:105F700001208DF8170003E000208DF81700FFE7DF
:105F80009DF8170006B0704783B002900191019808
:105F900008B9FFE763E002980090FFE7009900204E
:105FA00041B1FFE700980168019A0020914238BF93
:105FB0000120FFE7C00728B1FFE7FFE7009800686E
:105FC0000090EBE7009808B9FFE748E000984168C7
:105FD00008440199884209D1FFE701984068009977
:105FE0004A681044486000980190FFE700980068F4
:105FF00038B3FFE700980068406810B3FFE70198E6
:10600000416808440099096888421AD1FFE700985E
:10601000006802998968884205D1FFE70298806884
:10602000019908600CE000980068406801994A688E
:106030001044486000980068006801990860FFE714
:1060400004E00098006801990860FFE70098019952
:10605000884204D0FFE7019800990860FFE703B089
:106060007047000080B588B0079006910592002027
:106070008DF807000698406800F0004002900698EE
:10608000406820F00040039003980599401A0828C2
:106090001AD3FFE7069805990844049003980599D8
:1060A000401A049948600598069948600498406829
:1060B0000799CA681044C86007980499FFF764FFFD
:1060C00001208DF8070000E0FFE7029890B1FFE79C
:1060D000FFE7069860B1FFE70698416841F000418C
:1060E000416006984BF6EF61CDF6AD610160FFE7C8
:1060F000FFE7FFE708B080BD80B582B00190009156
:106100004DF63C30C2F20000006800990022FDF715
:10611000A3FB02B080BD000080B582B00190009169
:106120004DF64830C2F20000006800990022FDF7E9
:1061300093FB02B080BD000080B588B004900020C1
:10614000009002F039FA47F6F840C2F20000006809
:1061500018B9FFE7FFF794F800E0FFE7049847F667
:10616000FC41C2F200010978002918BF4FF000413C
:10617000084240F0C680FFE7049800B3FFE70498A8
:10618000083004909DF810004007B0B1FFE7049874
:1061900020F00700083004909DF81000400758B127
:1061A000FFE74FF0500080F31188BFF36F8FBFF30C
:1061B0004F8F0590FFE7FEE700E0FFE700E0FFE715
:1061C0000498002800F09B80FFE7049847F60051F0
:1061D000C2F200010968884200F29180FFE747F6A9
:1061E0000450C2F20000029000680390FFE7039899
:1061F0004168049A0020914206D2FFE703980068A4
:10620000002818BF0120FFE7C00730B1FFE703985F
:106210000290039800680390E9E7039847F6F84175
:10622000C2F200010968884267D0FFE7029800685F
:10623000083000900398006802990860039840684D
:106240000499401A112821D3FFE7039804990844C0
:1062500001909DF80400400758B1FFE74FF050004F
:1062600080F31188BFF36F8FBFF34F8F0690FFE766
:10627000FEE7039840680499401A01994860049821
:10628000039948600198FFF7C3F900E0FFE703981E
:10629000406847F60051C2F200010A68101A08600F
:1062A000086847F60C51C2F20001096888420BD217
:1062B000FFE747F60050C2F20000006847F60C51B5
:1062C000C2F20001086000E0FFE747F6FC40C2F2BE
:1062D0000000007803994A6842F00043002818BF84
:1062E0001A464A6003980021016047F61050C2F236
:1062F000000001680131016000E0FFE700E0FFE716
:1063000000E0FFE703F06EFD9DF80000400758B184
:10631000FFE74FF0500080F31188BFF36F8FBFF39A
:106320004F8F0790FFE7FEE7009808B080BD0000A0
:1063300041F21040C2F20000006848B1FFE741F2AC
:106340001040C2F200000068016D01310165FFE7F5
:1063500041F21040C2F200000068704780B584B07E
:10636000029002980190029858B9FFE74FF0500050
:1063700080F31188BFF36F8FBFF34F8F0390FFE758
:10638000FEE701F0A3FD0198C069009001F0CAFD8D
:10639000009804B080BD000080B582B001909DF8E7
:1063A00004200020C4F202004FF40061EDF7E6F98A
:1063B00002B080BD80B582B001909DF8042000201D
:1063C000C4F202004FF48051EDF7D8F902B080BD5D
:1063D00080B582B001909DF8042040F60000C4F220
:1063E00002004FF48071EDF7C9F902B080BD0000E2
:1063F00080B582B001909DF8042040F60000C4F200
:1064000002004FF40071EDF7B9F902B080BD000051
:1064100081B00090009890F82100C007D0B3FFE74A
:106420000098002180F82110009841694CF6CD4277
:10643000CCF6CC42A1FB02121109C161009881681F
:10644000C06881420BDDFFE700988168C268511A7D
:1064500000EE101AB8EEC00A80ED060A0AE00098B5
:106460008168C268511A00EE101AB8EEC00A80EDB9
:10647000060AFFE7009890ED060A90ED071AB8EEBD
:10648000C11A80EE010A80ED060A0098012180F809
:106490002010FFE7009890F82000C00710B3FFE736
:1064A0000098C1690139C1610098C06940B9FFE72E
:1064B00000988168C1600098002180F8201010E0E9
:1064C0000098816890ED060A90ED071AB8EEC11A9F
:1064D00020EE010ABDEEC00A10EE102A1144C16080
:1064E000FFE7FFE700984168C2681144016101B00D
:1064F0007047000080B582B0019001982821EBF729
:10650000CAF8019840F2DC51C1600198016102B003
:1065100080BD000082B001900091009810F1650FDD
:1065200003DCFFE76FF0630008E00098652802DBFA
:10653000FFE7642001E00098FFE7FFE70090009884
:106540000199486002B0704783B0029001910092B7
:106550000098132802D8FFE714200BE0009847F2B8
:106560003151884203D3FFE747F2305001E00098F1
:10657000FFE7FFE70090019840F6C511884203D37A
:10658000FFE740F6C4100AE0019880087C2803D891
:10659000FFE74FF4FA7001E00198FFE7FFE7019091
:1065A0000198029988600098029948610298012137
:1065B00080F8211003B0704780B582B000200190B0
:1065C000FFE70198032818DCFFE740F23800C2F229
:1065D00000002821FCF72EF901994DF6BC62C2F2A9
:1065E000000242F82100019852F82000FFF782FFD4
:1065F000FFE7019801300190E3E74DF6BC60C2F27D
:106600000000016846F29932C0F601024A62416810
:1066100046F2B532C0F601024A62816846F2D132D2
:10662000C0F601024A62C06846F2F131C0F60101CB
:10663000416240F62860C2F20000016800224A620E
:1066400001686FF001020A6101686FF002020A61DD
:106650000168CA6842F00102CA600168CA6842F073
:106660000202CA600068016841F00101016002B0E5
:1066700080BD000083B0029001910092029804381E
:10668000029002984FF080710160029804380290E5
:10669000019820F0010002990860029804380290E5
:1066A000029845F6E931C0F60101016002981438FC
:1066B00002900098029908600298043802900298AB
:1066C0006FF002010160029820380290029803B036
:1066D0007047000080B56020B02101F0EBFF0A2078
:1066E000FCF730FF0A20A22101F0E4FF40F69800F9
:1066F000FCF728FF0A20002101F0DCFF6420FCF7F2
:1067000021FF80BD80B582B08DF807009DF807108D
:106710004FF6FF7000900DF10602EE200123EDF719
:10672000E9FE9DF8060002B080BD000080B584B08F
:106730008DF80F00002002909DF80F10FF200090B0
:1067400002AAD4200223EDF7D5FEBDF80A0000020C
:1067500080B2BDF80810084304B080BD80B582B097
:106760008DF8070000208DF806009DF80710FF2027
:1067700000900DF10602D4200123EDF7BBFE9DF839
:10678000060002B080BD000080B586B0059004917F
:106790003520FFF7CBFFADF80A003720FFF7C6FF23
:1067A000ADF80C003920FFF7C1FFADF80E003B201B
:1067B000FFF7BCFFADF804003D20FFF7B7FFADF8D1
:1067C00006003F20FFF7B2FFADF80800BDF90A0050
:1067D00000EE100AB8EEC00A9FED3B1A20EE010A47
:1067E00047F62000C2F20100018802EE101AB8EE4E
:1067F000C22A80EE020A059981ED000ABDF90C104B
:1068000000EE101AB8EEC00A20EE010A018802EE6E
:10681000101AB8EEC22A80EE020A059981ED010A2B
:10682000BDF90E1000EE101AB8EEC00A20EE010AF3
:10683000008801EE100AB8EEC11A80EE010A059830
:1068400080ED020ABDF9040000EE100AB8EEC00A9D
:106850009FED1E1A20EE010A47F62400C2F2010045
:106860000188B422514302EE101AB8EEC22A80EE1B
:10687000020A049981ED000ABDF9061000EE101A13
:10688000B8EEC00A20EE010A0188514302EE101A48
:10689000B8EEC22A80EE020A049981ED010ABDF920
:1068A000081000EE101AB8EEC00A20EE010A0088A7
:1068B000504301EE100AB8EEC11A80EE010A0498A6
:1068C00080ED020A06B080BD79E91C41DB0F49402A
:1068D00080B584B00390029100208DF806002E2030
:1068E000FFF73CFF8DF807009DF80700800720B1F7
:1068F000FFE701208DF80600FFE79DF8060098B33A
:10690000FFE703980299FFF73FFF03980299FAF710
:1069100067FA0398006847F64001C2F20101086077
:106920000398406847F64401C2F2010108600398E9
:10693000806847F64801C2F20101086002980068C9
:1069400047F64C01C2F2010108600298406847F620
:106950005001C2F2010108600298806847F65401B4
:10696000C2F2010108602AE047F64000C2F20100CD
:1069700000680399086047F64400C2F2010000680D
:106980000399486047F64800C2F201000068039985
:10699000886047F64C00C2F2010000680299086066
:1069A00047F65000C2F2010000680299486047F6BD
:1069B0005400C2F20100006802998860FFE704B049
:1069C00080BD000083B04DF6E461C2F20001019188
:1069D0000090019800780F2804D0FFE74FF0FF30B7
:1069E0000290EEE00198007E20B1FFE76FF0010019
:1069F0000290E6E0009803210170019841788078C8
:106A000041EA00206FF3DF200099488001988178E7
:106A1000C078C90841EA40106FF3DF2000998880F0
:106A20000198C17802794079890941EA820141EAF5
:106A300080206FF3DF200099C88001984179807928
:106A4000490841EAC0106FF3DF20009908810198DE
:106A50008179C079090941EA00106FF3DF200099BC
:106A600048810198C179027A407AC90941EA420114
:106A700041EA40206FF3DF20009988810198417A34
:106A8000807A890841EA80106FF3DF200099C8817D
:106A90000198817AC07A490941EAC00000990882C8
:106AA0000198017B407B41EA00206FF3DF200099D1
:106AB00048820198417B807BC90841EA40106FF30E
:106AC000DF20009988820198817BC27B007C890944
:106AD00041EA820141EA80206FF3DF200099C882F9
:106AE0000198017C407C490841EAC0106FF3DF2027
:106AF000009908830198417C807C090941EA0010D3
:106B00006FF3DF20009948830198817CC27C007D6F
:106B1000C90941EA420141EA40206FF3DF200099B0
:106B200088830198017D407D890841EA80106FF3D8
:106B3000DF200099C8830198417D807D490941EAA1
:106B4000C000009908840198C07DC009009981F8AF
:106B500022000198C07DC0F38010009981F82300C5
:106B60000198C07DC0F34010009981F8240001987D
:106B7000C07DC0F30010009981F825000098B0F99D
:106B80000200B0F5787F19D1FFE70098B0F9040052
:106B9000B0F5787F12D1FFE70098B0F90600202801
:106BA0000CD1FFE70098B0F90800B0F5787F05D167
:106BB000FFE70098012180F82410FFE700200290F1
:106BC000FFE7029803B07047B0B584B00390ADF80A
:106BD0000A104DF6D860C2F2000001680191016808
:106BE00081F001010160BDF80A001F2807DCFFE702
:106BF00040F6DC60C2F20000F0F73CFBFFE74DF628
:106C0000D860C2F2000000684DF6D064C2F2000401
:106C100054F8201040F6DC60C2F200002022F0F7A9
:106C2000BFFA4DF6E065C2F200052868019954F8F4
:106C30002110BDF80A20FCF7A5F82868FBF7A0FE94
:106C4000192808D3FFE740F22040C2F20000006894
:106C5000FDF778F8FFE704B0B0BD000070B540F272
:106C60003804C2F2000420462621FBF7E3FD4DF66E
:106C7000CC61C2F20001086008680321017004F1D0
:106C8000080528462021FBF7D5FD4DF6D066C2F257
:106C90000006306028462021FBF7CCFD70604DF6E1
:106CA000D860C2F200000021016020464FF400715C
:106CB000FBF7C0FD4DF6DC65C2F2000528602046FA
:106CC0001C21FBF7B7FD4DF6E061C2F20001086040
:106CD000086829684FF40072FBF79CFE70BD000045
:106CE0008CB00B90FFF7BAFFFFE740F6DC64C2F20E
:106CF00000042046F0F7BEFA46F6C931C0F601019D
:106D00002046F1F783F84DF6D860C2F20000006823
:106D10004DF6D061C2F2000151F820102046202229
:106D2000F0F73EFAFFE740F22040C2F200000068B0
:106D30004FF4FA71FCF716FF08B1FFE7D5E7FFE75C
:106D40004DF6E460C2F2000000210176416101616C
:106D5000C1608160416001604DF6E060C2F20000F8
:106D60000068FBF789FE19285AD1FFE74DF6CC6081
:106D7000C2F200000068FFF725FE002846D1FFE7B9
:106D80004DF6E060C2F2000000681921FBF7A0FF99
:106D900000200190FFE701980F2811DCFFE74DF676
:106DA000CC60C2F200000068019900EB410040880D
:106DB00002AA22F81100FFE7019801300190EAE7EA
:106DC0004DF6CC60C2F20000016891F8221001F08B
:106DD00001018DF82810016891F8231001F00101DC
:106DE0008DF82910016891F8241001F001018DF847
:106DF0002A10006890F8250000F001008DF82B00A3
:106E000002A909202422FDF701FF08E04DF6E06009
:106E1000C2F2000000680121FBF75AFFFFE700E023
:106E200000E08DE77FE7000080B582B0019000911F
:106E300040F24440C2F20000006869460A22FCF7B2
:106E40000BFD02B080BD000083B002900020ADF8C1
:106E5000060002200090FFE700980299C9780231ED
:106E600088420DDAFFE702980099405CBDF80610F1
:106E70000844ADF80600FFE7009801300090EBE70A
:106E80009DF8060080F0FF0003B0704783B00290C9
:106E90000020ADF8060002200090FFE7009802995C
:106EA000C978023188420DDAFFE702980099405C08
:106EB000BDF806100844ADF80600FFE70098013061
:106EC0000090EBE79DF8060080F0FF0003B07047EC
:106ED00081B047F2DC70C2F20100009000980121FD
:106EE000C16200980022026100980270009842730B
:106EF000C0F80920C0F80520C0F80120009880F8EB
:106F0000281000984262009880F82020C2618261B7
:106F100042610098026301B07047000010B5FFF7AE
:106F2000D7FF47F2DC70C2F201000521C16247F2CF
:106F3000C961C0F60101016340F22C40C2F20000B9
:106F400000680021FCF70EFE41F20004C4F20204C6
:106F500020464FF480710122ECF710FC204680217E
:106F60000122ECF70BFC41F2BC00C2F20000016808
:106F70006FF080020A6001686FF040020A600168E9
:106F80006FF020020A600068C16841F02001C16012
:106F900010BD000010B588B047F2DC72C2F20102E9
:106FA000079206900591069901AC20461F22FAF738
:106FB0006BFD05988DF8090020460121FAF74EFD7A
:106FC0000798036B21460122984708B010BD0000C6
:106FD00010B588B047F2DC72C2F201020692059049
:106FE000049105996C4620461522FAF74DFD20467E
:106FF0000021FAF733FD0698036B214600229847DB
:1070000058B9FFE70698C088049908800698008957
:10701000049948800020079003E04FF0FF3007906C
:10702000FFE7079808B010BD10B588B047F2DC72D2
:10703000C2F2010206920590049105996C46204621
:107040001322FAF721FD20460021FAF707FD0698E2
:10705000036B21460022984738B9FFE706988079EC
:10706000049908700020079003E04FF0FF3007906C
:10707000FFE7079808B010BD10B588B047F2DC7282
:10708000C2F2010206920590049105996C462046D1
:107090000E22FAF7F9FC20460021FAF7DFFC0698E9
:1070A000036B21460022984738B9FFE7069880799C
:1070B000049908700020079003E04FF0FF3007901C
:1070C000FFE7079808B010BD10B588B047F2DC7232
:1070D000C2F2010206920590049105996C46204681
:1070E0002022FAF7D1FC20460021FAF7B7FC0698D7
:1070F000036B21460022984738B9FFE7069880794C
:10710000049908700020079003E04FF0FF300790CB
:10711000FFE7079808B010BD10B588B047F2DC72E1
:10712000C2F2010206920590049105996C46204630
:107130001C22FAF7A9FC20460021FAF78FFC0698DA
:10714000036B21460022984738B9FFE70698C088AC
:10715000049908800020079003E04FF0FF3007906B
:10716000FFE7079808B010BD10B588B047F2DC7291
:10717000C2F2010206920590049105996C462046E0
:107180001A22FAF781FC20460021FAF767FC0698DC
:10719000036B21460022984738B9FFE706988079AB
:1071A000049908700020079003E04FF0FF3007902B
:1071B000FFE7079808B010BD10B588B047F2DC7241
:1071C000C2F2010206920590049105996C46204690
:1071D0001922FAF759FC20460021FAF73FFC0698DD
:1071E000036B21460022984738B9FFE7069880795B
:1071F000049908700020079003E04FF0FF300790DB
:10720000FFE7079808B010BD10B588B047F2DC72F0
:10721000C2F2010206920590049105996C4620463F
:107220001B22FAF731FC20460021FAF717FC0698DA
:10723000036B21460022984738B9FFE70698C088BB
:10724000049908800020079003E04FF0FF3007907A
:10725000FFE7079808B010BD10B588B047F2DC72A0
:10726000C2F2010206920590049105996C462046EF
:107270001722FAF709FC20460021FAF7EFFB0698DF
:10728000036B21460022984758B9FFE70698C0884B
:107290000499088006980089049948800020079086
:1072A00003E04FF0FF300790FFE7079808B010BDEC
:1072B00080B584B047F2DC71C2F2010102918DF811
:1072C000070002980078062800F28080DFE800F0CE
:1072D0000413232D435369009DF807005538B0FA75
:1072E00080F04009029908700298552141704FF0D2
:1072F000FF30039071E09DF807005538B0FA80F038
:1073000040094000029908700298552181706FF081
:107310000100039061E09DF807000299C87002988F
:10732000032101700120039057E09DF80700082811
:1073300007DBFFE70298002101706FF00200039065
:107340004BE09DF807000299087102980421017032
:107350000220039041E09DF80700029948710298CD
:107360000021016102980179062918BF05210170E9
:107370000320039031E09DF8070002990A698B18F9
:1073800001320A61987102980169033100798142E2
:1073900004D1FFE7029806210170FFE70420039063
:1073A0001BE002980130FFF74FFD9DF8071088425F
:1073B00007D0FFE70298002101706FF06200039090
:1073C0000BE0029800210170039106E00298002171
:1073D00001706FF063000390FFE7039804B080BD75
:1073E00010B586B047F2DC71C2F20101059104903C
:1073F00004996C4620461222FAF746FB20460021EB
:10740000FAF72CFB0598036B21460122984706B03A
:1074100010BD000010B58AB047F2DC73C2F2010360
:107420000993089007910692089902A81422FAF786
:107430002BFB0798B0F57A7F03D9FFE74FF47A70FA
:1074400001E00798FFE707900698B0F57A7F03D927
:10745000FFE74FF47A7001E00698FFE7069007987F
:107460000699884202D9FFE7069801E00798FFE7EE
:10747000019007980699884202D9FFE7079801E032
:107480000698FFE7009001988DF80D000198000A1A
:107490008DF80E0000988DF80F000098000A8DF806
:1074A000100002AC20460421FAF7D8FA0998036BC1
:1074B0002146012298470AB010BD000010B588B0DF
:1074C00047F2DC72C2F2010207920690059106991A
:1074D00001AC20461122FAF7D7FA05988DF8090079
:1074E00020460121FAF7BAFA0798036B21460122D8
:1074F000984708B010BD000010B588B047F2DC72A4
:10750000C2F20102079206900591069901AC20464D
:107510000D22FAF7B9FA05988DF8090020460121E5
:10752000FAF79CFA0798036B21460122984708B0A6
:1075300010BD000010B588B047F2DC73C2F2010341
:1075400007930690059104920598B0F57A7F03DDC4
:10755000FFE74FF47A7001E00598FFE70590069980
:107560006C4620460122FAF78FFA05988DF805003F
:107570000598000A8DF8060004988DF80700049815
:10758000000A8DF8080020460421FAF767FA0798E8
:10759000036B21460122984708B010BD10B588B092
:1075A00047F2DC72C2F20102079206900591069939
:1075B00001A81822FAF768FA0598652802D3FFE7B0
:1075C000642002E09DF81400FFE78DF8090001AC8B
:1075D00020460121FAF742FA0798036B214601225F
:1075E000984708B010BD000010B58AB047F2DC73B0
:1075F000C2F201030993089007910692089902A824
:107600001622FAF741FA079841F29311884203D8FB
:10761000FFE741F2941001E00798FFE70790069812
:1076200043F2B161884203D3FFE743F2B06001E067
:107630000698FFE7069007980699884202D9FFE767
:10764000069801E00798FFE701900798069988429D
:1076500002D9FFE7079801E00698FFE7009001983C
:107660008DF80D000198000A8DF80E0000988DF835
:107670000F000098000A8DF8100002AC204604218B
:10768000FAF7ECF90998036B2146012298470AB0F2
:1076900010BD000010B586B047F2DC71C2F20101E6
:1076A0000591049004996C4620460C22FAF7ECF9F7
:1076B00020460021FAF7D2F90598036B21460122F2
:1076C000984706B010BD0000B0B584B00390029199
:1076D0008DF807200025009541F20004C4F2020451
:1076E00020464FF480710122ECF748F820468021B3
:1076F0000022ECF743F8039802990A7B80F82020D7
:107700000A684B688968C161836142610398457367
:10771000C0F80950C0F80550C0F801500398456200
:107720009DF80700039900F0010081F828000398F4
:1077300005610398057041F2BC00C2F200000168C7
:107740006FF020020A6001686FF080020A60016831
:107750006FF040020A600168CA6842F08002CA60A5
:107760000168CA6842F04002CA600068C16841F01E
:107770002001C16040F22C40C2F200000068039971
:10778000C96AFCF7EFF920B1FFE74FF0FF30009036
:10779000FFE741F2BC00C2F200000168CA6822F0B3
:1077A0008002CA600168CA6822F04002CA600168AB
:1077B000CA6822F02002CA6001686FF020020A60E5
:1077C00001686FF080020A6000686FF0400101609C
:1077D00041F20004C4F2020420464FF480710122F9
:1077E000EBF7CCFF204680210122EBF7C7FF009882
:1077F00004B0B0BD80B582B000208DF807009DF8C0
:10780000070028B9FFE70220002100F041FF0AE04D
:107810009DF80700012805D1FFE70220012100F0B3
:1078200037FFFFE7FFE702B080BD000080B582B000
:10783000FF208DF8070000218DF806108DF8051047
:107840008DF804008DF803108DF802109DF80710D4
:10785000032000F01DFF9DF80610042000F018FF23
:107860009DF80510052000F013FF9DF80410062078
:1078700000F00EFF9DF80310072000F009FF9DF8AF
:107880000210082000F004FF02B080BD10B582B0E5
:1078900000208DF807009DF8070004286DD8DFE868
:1078A00000F0032D184257004DF64C34C2F200048C
:1078B0002068002100F080F86068002100F07CF86A
:1078C000A068002100F078F8E068002100F074F86A
:1078D00054E04DF64C34C2F200042068002100F060
:1078E0006BF86068002100F067F8A068002100F0E4
:1078F00063F8E068002100F05FF83FE04DF64C349B
:10790000C2F200042068032100F056F860680321E9
:1079100000F052F8A068032100F04EF8E06803215F
:1079200000F04AF82AE04DF64C34C2F20004206818
:10793000022100F041F86068022100F03DF8A068E3
:10794000022100F039F8E068022100F035F815E076
:107950004DF64C34C2F200042068012100F02CF8EE
:107960006068012100F028F8A068012100F024F8E7
:10797000E068012100F020F800E0FFE702B010BD50
:1079800086B0059004918DED030ACDED020A8DEDD0
:10799000011ACDED001A04980599C863039805995A
:1079A00008640298059948620198059988620098D0
:1079B0000599C86206B0704780B582B001908DF815
:1079C00003109DF8030003283BD8DFE800F0021005
:1079D0001E2C0198B7EE080ADFED1F0A9FED1F1A53
:1079E000DFED1F1A4FF4A561FFF7CAFF2AE00198E7
:1079F000B0EE080ADFED170AB0EE001A40F2BC71D3
:107A0000F0EE411AFFF7BCFF1CE00198B1EE080A46
:107A1000DFED0F0ABFEE001A4FF48261F0EE411A5B
:107A2000FFF7AEFF0EE001989FED070ADFED070AB2
:107A3000B0EE001AF2EE081A41F28461FFF7A0FFDF
:107A400000E0FFE702B080BDCDCC8C3F0000964344
:107A5000000010C20000204200007C426666264002
:107A60009A99194080B584B003908DED020ACDED4E
:107A7000010A8DED001A03989DED020ADDED000A62
:107A8000FAF7CCF904B080BD80B584B003908DEDD9
:107A9000020ACDED010A8DED001A03989DED020A50
:107AA000DDED010A9DED001AFBF79CFA04B080BDE4
:107AB00080B584B003908DED020ACDED010A8DED05
:107AC000001A03989DED020ADDED000AF8F794FF15
:107AD00004B080BD80B586B005908DED040ACDED73
:107AE000030A8DF80B109DF80B00C00780B1FFE76B
:107AF0009DED040A9DED031A80EE010A8DED010A49
:107B00000598DDED010A9FED0B0AFAF787F90FE002
:107B10009DED040A9DED031A80EE010A8DED000A29
:107B200005989DED040ADDED000AFAF777F9FFE705
:107B300006B080BD0000000080B586B005908DEDD8
:107B4000040ACDED030A8DF80B109DF80B00C00759
:107B500090B1FFE79DED040A9DED031A80EE010A46
:107B60008DED010A05989DED011A9FED0D0AF0EECD
:107B7000400AFBF737FA11E09DED040A9DED031A68
:107B800080EE010A8DED000A05989DED040A9DED39
:107B9000001ADFED030AFBF725FAFFE706B080BD08
:107BA0000000000080B584B001AA039082ED010AB4
:107BB000C2ED000A8DF8031092ED000AB5EE400AFE
:107BC000F1EE10FA0ADAFFE7039892ED010AB1EE3E
:107BD000400AD2ED000AF8F70FFF07E0039892ED94
:107BE000010AD2ED000AF8F707FFFFE704B080BDF5
:107BF00080B582B0019001A8F0F754F902B080BDC1
:107C000080B582B0019001A8F0F74CF902B080BDB8
:107C100080B582B001900198016A9FED030AF0EEF1
:107C2000400A884702B080BD0000000080B582B0E5
:107C300001900198016A9FED050AF0EE400AB0EE4E
:107C4000401AF0EE401A884702B080BD00000000E4
:107C500080B582B001900198026A9FED040AF0EEAF
:107C6000400A4FF4FA71904702B080BD0000000056
:107C700010B584B003908DED020ACDED010A4DF6EA
:107C80004C34C2F2000420689DED020AB1EE400AB5
:107C9000FAF7CCF960689DED010AFAF7C7F904B06C
:107CA00010BD000010B584B003908DED020ACDED3B
:107CB000010A4DF64C34C2F20004E0689DED010A61
:107CC000FAF7B4F9A0689DED010AFAF7AFF9206858
:107CD0009DED020AB1EE400AFAF7A8F960689DED41
:107CE000020AB1EE400AFAF7A1F904B010BD000093
:107CF00081B0009001B0704782B001906420FBF722
:107D000021FCFFE7FFF776FDFFF790FDFAF732FA67
:107D1000ADF8000069460C200222FCF777FF9620A0
:107D2000FBF710FCEEE7000082B0019001980069BB
:107D30000090019841688068886001984168806877
:107D40004160009840680199884205D1FFE7019899
:107D500080680099486000E0FFE701980021016118
:107D600000980168013901600098006802B070470E
:107D700083B0029001910092029841F64021C2F234
:107D800000010160019841F69C21C2F200010160EE
:107D900000988021016003B07047000083B002901A
:107DA00001910092029841F69C41C2F200010160EB
:107DB000019841F6F841C2F20001016000984FF4C9
:107DC000C051016003B0704780B5FAF72FFC80BD49
:107DD00081B00090009800F10801416000984FF0D8
:107DE000FF318160009800F10801C160009800F146
:107DF0000801016100980021016001B07047000096
:107E000081B0009000980021016101B0704700002E
:107E100084B00390029102980068009000980130AD
:107E200020B9FFE703980069019010E0039808303B
:107E30000190FFE70198406800680099884205D8E2
:107E4000FFE7FFE7019840680190F3E7FFE701983B
:107E500040680299486002984168886001980299D8
:107E60008860029801994860039802990861039814
:107E700001680131016004B07047000083B00290D6
:107E8000019102984068009000980199486000981C
:107E90008068019988600198009989684860019814
:107EA000009988600298019908610298016801317F
:107EB000016003B070470000DFF80C00016841F476
:107EC00070010160704700BF88ED00E082B04FF0A4
:107ED000500080F31188BFF36F8FBFF34F8F009076
:107EE00040F21400C2F20000016801310160006834
:107EF000012814D1FFE74EF60450CEF200000068CE
:107F0000000658B1FFE74FF0500080F31188BFF32F
:107F10006F8FBFF34F8F0190FFE7FEE7FFE702B0DF
:107F20007047000082B040F21400C2F20000006806
:107F300058B9FFE74FF0500080F31188BFF36F8FFF
:107F4000BFF34F8F0090FFE7FEE740F21400C2F24C
:107F50000000016801390160006830B9FFE70020C6
:107F60000190019880F31188FFE702B0704700008C
:107F700080B586B00390039802900398002868D0DB
:107F8000FFE7029808380290029801900198406833
:107F900047F6FC41C2F200010978002918BF4FF0F2
:107FA000004108420BD1FFE74FF0500080F31188E9
:107FB000BFF36F8FBFF34F8F0490FFE7FEE7019889
:107FC000006858B1FFE74FF0500080F31188BFF30D
:107FD0006F8FBFF34F8F0590FFE7FEE70198406872
:107FE00047F6FC41C2F200010978002918BF4FF0A2
:107FF000004108422BD0FFE70198006828BBFFE74B
:1080000047F6FC40C2F20000007801994A6822F06D
:108010000043002818BF1A464A6000F0CDFA0198C4
:10802000406847F60051C2F200010A681044086037
:108030000198FDF7EDFA4CF61450C2F20000016809
:108040000131016001F0CEFE00E0FFE700E0FFE754
:10805000FFE706B080BD00004EF21000CEF2000037
:10806000002101604EF21802CEF20002116040F2CF
:108070000C01C2F20001096844F6D352C1F2620257
:10808000A1FB02124FF0FF3101EB92114EF21402EC
:10809000CEF20002116007210160704784B0EFF357
:1080A00005800190019810281ED3FFE701984EF239
:1080B000F031CEF20001405C8DF803009DF8030022
:1080C0004CF61851C2F20001097888420BDAFFE73A
:1080D0004FF0500080F31188BFF36F8FBFF34F8FC5
:1080E0000290FFE7FEE7FFE74EF60C50CEF20000ED
:1080F000006800F4E0604CF61C51C2F2000109680F
:1081000088420BD9FFE74FF0500080F31188BFF38E
:108110006F8FBFF34F8F0390FFE7FEE704B0704708
:1081200083B00290019100200090FFE7009807289B
:108130001DD8FFE7009841F2D031C2F2000151F89A
:10814000300070B9FFE70198009941F2D032C2F2D5
:10815000000242F831000298009902EBC101486028
:1081600006E0FFE7FFE7009801300090DEE7FFE759
:1081700003B0704780B584B00290029801900198D6
:1081800058B9FFE74FF0500080F31188BFF36F8FAD
:10819000BFF34F8F0390FFE7FEE7019800F00CF864
:1081A000019890F8460020B9FFE70198FFF7E0FE3C
:1081B00000E0FFE704B080BD82B001900020009095
:1081C000FFE7009807281FD8FFE7009841F2D03159
:1081D000C2F2000101EBC0004068019988420DD154
:1081E000FFE7009841F2D031C2F20001002241F8CD
:1081F0003020009801EBC000426006E0FFE7FFE797
:10820000009801300090DCE7FFE702B07047000003
:1082100080B584B003900291019203980090FFF71B
:1082200055FE009890F94400013028B9FFE7009806
:10823000002180F84410FFE7009890F945000130D4
:1082400028B9FFE70098002180F84510FFE7FFF705
:1082500069FE0098806B38B9FFE7009824300299D6
:10826000019A00F07BF800E0FFE70098FDF7F0FCD2
:1082700004B080BD80B584B00290002001900298C7
:10828000E0B1FFE741F6F400C2F20000006858B127
:10829000FFE74FF0500080F31188BFF36F8FBFF3FB
:1082A0004F8F0390FFE7FEE700F086F90298002168
:1082B000FCF784FD01F096FD019000E0FFE70198D6
:1082C00060B9FFE74EF60450CEF200004FF0805147
:1082D0000160BFF34F8FBFF36F8F00E0FFE704B083
:1082E00080BD000081B0009041F60810C2F200008D
:1082F00000680099086041F6FC00C2F200000068C6
:108300000099486001B0704741F60010C2F20000C9
:10831000012101607047000080B584B00290019196
:10832000029858B9FFE74FF0500080F31188BFF36F
:108330006F8FBFF34F8F0390FFE7FEE7029841F284
:108340001041C2F2000109681831FFF761FD019880
:108350000121FCF733FD04B080BD000080B584B07E
:10836000029001910092029858B9FFE74FF0500037
:1083700080F31188BFF36F8FBFF34F8F0390FFE738
:10838000FEE7029841F21041C2F20001096818317B
:10839000FFF774FD009820B1FFE74FF0FF30019028
:1083A000FFE701980099FCF709FD04B080BD0000CB
:1083B00080B588B005900491059803900120009045
:1083C0000598002800F08B80FFE70398006D58B9EE
:1083D000FFE74FF0500080F31188BFF36F8FBFF3BA
:1083E0004F8F0690FFE7FEE70398C06C0499884220
:1083F00003D2FFE70498019003E00398C06C01905A
:10840000FFE70398C06A0199884266D0FFE70398A6
:10841000006D01285FD1FFE7039841F21041C2F2DD
:108420000001096888420BD1FFE74FF0500080F34C
:108430001188BFF36F8FBFF34F8F0790FFE7FEE701
:108440000398C06A029001980399C8620398C07E9D
:108450000006002806D4FFE70198C0F13800039910
:10846000886100E0FFE703984069029901EB810110
:1084700041F22442C2F2000202EB8101884228D17B
:10848000FFE703980430FFF74FFC08B9FFE700E06F
:10849000FFE70398C06A41F22041C2F20001096877
:1084A000884208D9FFE70398C06A41F22041C2F22E
:1084B00000010860FFE70399C86A00EB800041F201
:1084C0002442C2F2000202EB80000431FFF7D6FC26
:1084D00000E0FFE700E0FFE700E0FFE700E0FFE784
:1084E00008B080BD10B58AB000240694059406A893
:1084F00005A904AAFFF73CFC049A05980699029185
:108500000190009445F23D30C0F601004CF28351D9
:10851000C0F60101002301F079F941F60C11C2F215
:1085200000010860086818B1FFE70120079002E029
:1085300000200790FFE70798012804D1FFE701F02A
:1085400087FD079000E0FFE70798012821D1FFE7AA
:108550004FF0500080F31188BFF36F8FBFF34F8F40
:10856000089041F6F800C2F200004FF0FF310160C0
:1085700041F21840C2F200000121016041F6FC0006
:10858000C2F200000021016000F0F2F8FFE7FFE70F
:108590000FE00798013058B9FFE74FF0500080F323
:1085A0001188BFF36F8FBFF34F8F0990FFE7FEE78E
:1085B000FFE70AB010BD000041F6F400C2F200006F
:1085C000016801310160704783B041F6F400C2F2E6
:1085D0000000006838B1FFE741F60010C2F2000069
:1085E0000121016051E041F60010C2F200000021BB
:1085F000016041F22040C2F2000000680190FFE7F4
:10860000019800EB800041F22441C2F2000151F8D0
:10861000200090B9FFE7019858B9FFE74FF05000EC
:1086200080F31188BFF36F8FBFF34F8F0290FFE786
:10863000FEE7019801380190E2E7019800EB800025
:1086400041F22441C2F2000101EB80000090009849
:10865000416849684160009841680830814205D10D
:10866000FFE70098416849684160FFE7009840686B
:10867000C06841F21041C2F200010860019841F265
:108680002041C2F200010860FFE703B0704700001C
:1086900080B582B08DF807008DF806109DF80710A0
:1086A0000DF10602EE204FF6FF73ECF743F902B02E
:1086B00080BD000080B582B08DF807008DF80610EF
:1086C0009DF807100DF10602D420FF23ECF732F9D4
:1086D00002B080BD10B582B02020FDF72DFD0190C5
:1086E000019850B1FFE7019800240460019804301C
:1086F000FFF76EFB0198047700E0FFE7019802B0F6
:1087000010BD000080B586B00390039858B9FFE70C
:108710004FF0500080F31188BFF36F8FBFF34F8F7E
:108720000490FFE7FEE720200190019820280BD05D
:10873000FFE74FF0500080F31188BFF36F8FBFF356
:108740004F8F0590FFE7FEE703980290029858B11B
:10875000FFE702980021016002980430FFF738FB20
:1087600002980121017700E0FFE7029806B080BD82
:1087700080B586B04EF60050CEF2000000684CF294
:108780007121C4F20F1188420BD1FFE74FF0500066
:1087900080F31188BFF36F8FBFF34F8F0390FFE714
:1087A000FEE74EF60050CEF2000000684CF2702159
:1087B000C4F20F1188420BD1FFE74FF0500080F355
:1087C0001188BFF36F8FBFF34F8F0490FFE7FEE771
:1087D0004EF20040CEF20000019001780291FF219C
:1087E000017000788DF803009DF8030000F0500040
:1087F0004CF61851C2F2000108704CF61C50C2F23F
:10880000000007210160FFE79DF803000006002833
:108810000DD5FFE74CF61C50C2F20000016801398B
:1088200001609DF8030040008DF80300ECE74CF672
:108830001C50C2F20000006803280BD0FFE74FF085
:10884000500080F31188BFF36F8FBFF34F8F0590F7
:10885000FFE7FEE74CF61C50C2F200000168090277
:108860000160016801F4E061016002984EF200418C
:10887000CEF2000108704EF62050CEF200000168E2
:1088800041F470010160016841F070410160FFF73F
:10889000E3FB40F21400C2F2000000210160FFF788
:1088A0000BFB4EF63470CEF20000016841F04041FF
:1088B0000160FCF781FFFFF787FEFDF795F906B031
:1088C00080BD000080B582B04FF0500080F3118869
:1088D000BFF36F8FBFF34F8F009001F02DF840B1C1
:1088E000FFE74EF60450CEF200004FF080510160D9
:1088F000FFE700200190019880F3118802B080BD4D
:1089000080B586B003900291039858B9FFE74FF005
:10891000500080F31188BFF36F8FBFF34F8F049027
:10892000FFE7FEE70298039988420BD9FFE74FF073
:10893000500080F31188BFF36F8FBFF34F8F059006
:10894000FFE7FEE703980021022200F075F801908E
:10895000019820B1FFE702980199886300E0FFE7E2
:10896000019806B080BD000080B588B005900491E4
:108970000392059858B9FFE74FF0500080F3118833
:10898000BFF36F8FBFF34F8F0690FFE7FEE70498AA
:10899000059988420BD9FFE74FF0500080F311880A
:1089A000BFF36F8FBFF34F8F0790FFE7FEE7059888
:1089B000039B022100910021002200F077F8029031
:1089C000029820B1FFE704980299886300E0FFE76E
:1089D000029808B080BD000080B584B08DF80F000B
:1089E00001200190002000909DF80F20012000211F
:1089F00000F022F802900298FCF7BEFC029804B046
:108A000080BD000080B586B08DF81700049101206C
:108A10000290002001909DF81700049B0090012017
:108A20000021002200F042F803900398FCF7A4FC18
:108A3000039806B080BD000080B588B0069005910F
:108A40008DF81320069858B9FFE74FF0500080F3D7
:108A50001188BFF36F8FBFF34F8F0790FFE7FEE7DB
:108A6000069805994843029002985030FDF764FB40
:108A700003900398A8B1FFE7039801900198503044
:108A800001900398002180F8461006980599019AF4
:108A90009DF81330DDF80CC0CDF800C0FCF782FC67
:108AA00000E0FFE7039808B080BD000080B58EB0FD
:108AB000DDF840C008900791069205938DF813C029
:108AC000089858B9FFE74FF0500080F31188BFF3C2
:108AD0006F8FBFF34F8F0990FFE7FEE7059858B9F6
:108AE000FFE74FF0500080F31188BFF36F8FBFF3A3
:108AF0004F8F0A90FFE7FEE70699002029B1FFE7B4
:108B00000798B0FA80F04009FFE7C00758B1FFE7C7
:108B10004FF0500080F31188BFF36F8FBFF34F8F7A
:108B20000B90FFE7FEE70699002029B9FFE70798B9
:108B3000002818BF0120FFE7C00758B1FFE74FF03A
:108B4000500080F31188BFF36F8FBFF34F8F0C90ED
:108B5000FFE7FEE750200290029850280BD0FFE775
:108B60004FF0500080F31188BFF36F8FBFF34F8F2A
:108B70000D90FFE7FEE7029805980390039880B1F7
:108B8000FFE70398012180F8461008980799069A94
:108B90009DF81330DDF80CC0CDF800C0FCF702FCE6
:108BA00000E0FFE703980EB080BD000080B584B000
:108BB00002900120019002980090009858B9FFE7B8
:108BC0004FF0500080F31188BFF36F8FBFF34F8FCA
:108BD0000390FFE7FEE7FFF779F900980168C26BA1
:108BE000036C02FB031181600098002181630098EF
:108BF0000168416000980168C26B036C013A02FB96
:108C00000311C1600098FF2180F84410009880F89B
:108C100045100198D0B9FFE700980069A0B1FFE7BF
:108C20000098103001F076F860B1FFE74EF604507E
:108C3000CEF200004FF080510160BFF34F8FBFF3C1
:108C40006F8F00E0FFE700E0FFE708E000981030DA
:108C5000FFF7BEF800982430FFF7BAF8FFE7FFF7F8
:108C600061F904B080BD000080B58EB00890079116
:108C7000069200200590049008980090009858B93A
:108C8000FFE74FF0500080F31188BFF36F8FBFF301
:108C90004F8F0A90FFE7FEE70799002031B9FFE701
:108CA0000098006C002818BF0120FFE7C00758B1EA
:108CB000FFE74FF0500080F31188BFF36F8FBFF3D1
:108CC0004F8F0B90FFE7FEE705990020022906D1A0
:108CD000FFE70098C06B013818BF0120FFE7C0070D
:108CE00058B1FFE74FF0500080F31188BFF36F8F4A
:108CF000BFF34F8F0C90FFE7FEE700F0F7FD002178
:108D000028B9FFE70699002918BF0121FFE7C80726
:108D100058B1FFE74FF0500080F31188BFF36F8F19
:108D2000BFF34F8F0D90FFE7FEE7FFE7FFF7CEF8A9
:108D30000098806B0099C96B884204D3FFE70598BF
:108D4000022834D1FFE700980799059AFCF7CEF97D
:108D500003900098406AA0B1FFE70098243000F02B
:108D6000D9FF60B1FFE74EF60450CEF200004FF09D
:108D700080510160BFF34F8FBFF36F8F00E0FFE7BB
:108D800010E0039860B1FFE74EF60450CEF2000009
:108D90004FF080510160BFF34F8FBFF36F8F00E042
:108DA000FFE7FFE7FFF7BEF80120099065E00698AE
:108DB00028B9FFE7FFF7B6F8002009905DE00498B6
:108DC00030B9FFE701A8FFF78DFA0120049000E019
:108DD000FFE7FFE7FFE7FFF7A5F8FFF7EDFBFFF77A
:108DE00075F8009890F94400013028B9FFE7009821
:108DF000002180F84410FFE7009890F94500013009
:108E000028B9FFE70098002180F84510FFE7FFF739
:108E100089F801A806A900F047FC28BBFFE70098E5
:108E2000FCF7B2FCC8B1FFE7009810300699FFF7D5
:108E300073FA0098FCF70CFF00F0D4FF60B9FFE76D
:108E40004EF60450CEF200004FF080510160BFF3A7
:108E50004F8FBFF36F8FFFE705E00098FCF7F8FE38
:108E600000F0C0FFFFE707E00098FCF7F1FE00F01C
:108E7000B9FF0020099000E058E709980EB080BDC6
:108E800080B590B00990089107920020069009984B
:108E90000390039858B9FFE74FF0500080F3118812
:108EA000BFF36F8FBFF34F8F0A90FFE7FEE708997C
:108EB000002031B9FFE70398006C002818BF01209B
:108EC000FFE7C00758B1FFE74FF0500080F311886B
:108ED000BFF36F8FBFF34F8F0B90FFE7FEE706994D
:108EE0000020022906D1FFE70398C06B013818BFA4
:108EF0000120FFE7C00758B1FFE74FF0500080F3B3
:108F00001188BFF36F8FBFF34F8F0C90FFE7FEE721
:108F1000FFF7C4F8EFF311804FF0500181F311888F
:108F2000BFF36F8FBFF34F8F0E900D910E9804908B
:108F30000398806B0399C96B884204D3FFE70698B6
:108F4000022833D1FFE7039890F845008DF80B0015
:108F50000398806B019003980899069AFCF7C6F86D
:108F60009DF90B000130B8B9FFE70398406A88B15A
:108F7000FFE70398243000F0CDFE48B1FFE70798E3
:108F800020B1FFE707980121016000E0FFE700E062
:108F9000FFE700E0FFE706E09DF80B0001300399D2
:108FA00081F84500FFE70120059002E000200590D0
:108FB000FFE704980F900F9880F31188059810B080
:108FC00080BD000080B58EB0079006910798039091
:108FD000039858B9FFE74FF0500080F31188BFF3B2
:108FE0006F8FBFF34F8F0890FFE7FEE70398006C89
:108FF00058B1FFE74FF0500080F31188BFF36F8F37
:10900000BFF34F8F0990FFE7FEE703980168002048
:1090100031B9FFE703988068002818BF0120FFE7F7
:10902000C00758B1FFE74FF0500080F31188BFF33D
:109030006F8FBFF34F8F0A90FFE7FEE7FFF72EF821
:10904000EFF311804FF0500181F31188BFF36F8F60
:10905000BFF34F8F0C900B910C9804900398806B8A
:10906000029002980399C96B88422FD2FFE70398B8
:1090700090F845008DF80700029801300399886345
:109080009DF907000130B8B9FFE70398406A88B13D
:10909000FFE70398243000F03DFE48B1FFE7069853
:1090A00020B1FFE706980121016000E0FFE700E042
:1090B000FFE700E0FFE706E09DF8070001300399B5
:1090C00081F84500FFE70120059002E000200590AF
:1090D000FFE704980D900D9880F3118805980EB065
:1090E00080BD000010B584B00290029800900098F6
:1090F00058B9FFE74FF0500080F31188BFF36F8F2E
:10910000BFF34F8F0390FFE7FEE70098846800F0FD
:10911000E3FB844212D1FFE70098C1680139C160C6
:109120000098C06830B9FFE7009800210022FFF7DF
:109130009BFD00E0FFE70120019002E0002001908C
:10914000FFE7019804B010BD80B58CB00790069180
:1091500005920020049007980190019858B9FFE704
:109160004FF0500080F31188BFF36F8FBFF34F8F24
:109170000990FFE7FEE70699002031B9FFE7019863
:10918000006C002818BF0120FFE7C00758B1FFE7B7
:109190004FF0500080F31188BFF36F8FBFF34F8FF4
:1091A0000A90FFE7FEE700F0A1FB002128B9FFE7E6
:1091B0000599002918BF0121FFE7C80758B1FFE74B
:1091C0004FF0500080F31188BFF36F8FBFF34F8FC4
:1091D0000B90FFE7FEE7FFE7FEF778FE0198806B54
:1091E0000090009830B3FFE701980699FBF75CFF09
:1091F000009801380199886301980069A0B1FFE7E0
:109200000198103000F086FD60B1FFE74EF6045083
:10921000CEF200004FF080510160BFF34F8FBFF3DB
:109220006F8F00E0FFE700E0FFE7FEF77BFE012025
:1092300008906DE0059828B9FFE7FEF773FE00205F
:10924000089065E0049830B9FFE702A8FFF74AF8F4
:109250000120049000E0FFE7FFE7FFE7FEF762FE72
:10926000FFF7AAF9FEF732FE019890F944000130A9
:1092700028B9FFE70198002180F84410FFE7019822
:1092800090F94500013028B9FFE70198002180F8E6
:109290004510FFE7FEF746FE02A805A900F004FA14
:1092A00030BBFFE70198FCF75BFAD0B1FFE701980C
:1092B00024300599FFF730F80198FCF7C9FC00F05D
:1092C00091FD60B9FFE74EF60450CEF200004FF07A
:1092D00080510160BFF34F8FBFF36F8F00E0FFE756
:1092E00005E00198FCF7B4FC00F07CFDFFE70EE020
:1092F0000198FCF7ADFC00F075FD0198FCF730FA21
:1093000018B1FFE70020089002E0FFE7FFE763E7FE
:1093100008980CB080BD000080B58EB00890079111
:10932000069208980390039858B9FFE74FF0500051
:1093300080F31188BFF36F8FBFF34F8F0990FFE762
:10934000FEE70799002031B9FFE70398006C002879
:1093500018BF0120FFE7C00758B1FFE74FF05000EA
:1093600080F31188BFF36F8FBFF34F8F0A90FFE731
:10937000FEE7FEF793FEEFF311804FF0500181F30B
:109380001188BFF36F8FBFF34F8F0C900B910C9828
:1093900004900398806B0290029898B3FFE70398BB
:1093A00090F844008DF8070003980799FBF77CFEBE
:1093B00002980138039988639DF907000130B8B914
:1093C000FFE70398006988B1FFE70398103000F0C9
:1093D000A1FC48B1FFE7069820B1FFE706980121FC
:1093E000016000E0FFE700E0FFE700E0FFE706E0E4
:1093F0009DF807000130039981F84400FFE7012040
:10940000059002E000200590FFE704980D900D986C
:1094100080F3118805980EB080BD000080B58EB035
:1094200008900791002006900899039102900398F4
:1094300058B9FFE74FF0500080F31188BFF36F8FEA
:10944000BFF34F8F0A90FFE7FEE70398006C58B117
:10945000FFE74FF0500080F31188BFF36F8FBFF329
:109460004F8F0B90FFE7FEE700F040FA002128B98C
:10947000FFE70799002918BF0121FFE7C80758B186
:10948000FFE74FF0500080F31188BFF36F8FBFF3F9
:109490004F8F0C90FFE7FEE7FFE7FEF717FD0398FD
:1094A000806B0190019860B3FFE701980138039940
:1094B00088630398006828B9FFE7FCF739FF039930
:1094C000886000E0FFE703980069A0B1FFE7039818
:1094D000103000F01FFC60B1FFE74EF60450CEF2F2
:1094E00000004FF080510160BFF34F8FBFF36F8FCB
:1094F00000E0FFE700E0FFE7FEF714FD0120099020
:109500009BE0079898B9FFE7029858B1FFE74FF042
:10951000500080F31188BFF36F8FBFF34F8F0D9012
:10952000FFE7FEE7FEF7FEFC0020099085E00698C5
:1095300030B9FFE704A8FEF7D5FE0120069000E051
:10954000FFE7FFE7FFE7FEF7EDFCFFF735F8FEF773
:10955000BDFC039890F94400013028B9FFE7039857
:10956000002180F84410FFE7039890F9450001308E
:1095700028B9FFE70398002180F84510FFE7FEF7C0
:10958000D1FC04A807A900F08FF8A8BBFFE7039857
:10959000FCF7E6F848B3FFE70398006850B9FFE727
:1095A000FEF794FC0398806800F02CFB0290FEF715
:1095B000B9FC00E0FFE7039824300799FEF7ACFE02
:1095C0000398FCF745FB00F00DFC60B9FFE74EF691
:1095D0000450CEF200004FF080510160BFF34F8F76
:1095E000BFF36F8F00E0FFE705E00398FCF730FB67
:1095F00000F0F8FBFFE71FE00398FCF729FB00F001
:10960000F1FB0398FCF7ACF8A0B1FFE7029870B14A
:10961000FFE7FEF75BFC0398FBF7FEFD0090039865
:1096200080680099FEF7C4FEFEF77CFCFFE700208F
:10963000099002E0FFE7FFE72FE709980EB080BD31
:1096400010B586B00490039104980190019858B920
:10965000FFE74FF0500080F31188BFF36F8FBFF327
:109660004F8F0590FFE7FEE70198846800F034F91A
:10967000844207D1FFE70198C1680131C160012030
:1096800002900EE001980399FFF7C8FE029002983D
:1096900028B1FFE70198C1680131C16000E0FFE730
:1096A000FFE7029806B010BD80B588B00590049120
:1096B000059858B9FFE74FF0500080F31188BFF3C9
:1096C0006F8FBFF34F8F0690FFE7FEE7049858B9FE
:1096D000FFE74FF0500080F31188BFF36F8FBFF3A7
:1096E0004F8F0790FFE7FEE7FEF7F0FB41F6FC0027
:1096F000C2F2000000680290029805994968401A79
:10970000019004980068013018B9FFE70020039029
:109710002BE041F60810C2F20000006805990968C4
:10972000884209D0FFE7029805994968884203D327
:10973000FFE70120039017E0019804990968884227
:109740000BD2FFE7019804990A68101A086005987F
:10975000FEF7C8FD0020039005E004980021016099
:1097600001200390FFE7FFE7FFE7FEF7DBFB03982D
:1097700008B080BD10B58AB0DDF834C0DDF830C067
:1097800009900891ADF81E200693BDF81E008000D8
:10979000FCF7D2FC0390039880B1FFE75C20FCF754
:1097A000CBFC0590059820B1FFE703980599086365
:1097B00003E00398FEF7DCFBFFE702E000200590E2
:1097C000FFE70598D8B1FFE70598002180F8591008
:1097D00009980899BDF81E20069BDDF830C0DDF819
:1097E00034E0059C0294CDF804E0CDF800C0FBF70E
:1097F000FDFD0598FBF74CFB0120049003E04FF0C2
:10980000FF300490FFE704980AB010BD80B58EB019
:10981000DDF848C0DDF844C0DDF840C00A90099189
:1098200008920793119858B9FFE74FF0500080F362
:109830001188BFF36F8FBFF34F8F0B90FFE7FEE7E9
:10984000129858B9FFE74FF0500080F31188BFF32A
:109850006F8FBFF34F8F0C90FFE7FEE75C20049003
:1098600004985C280BD0FFE74FF0500080F311887C
:10987000BFF36F8FBFF34F8F0D90FFE7FEE70498A4
:10988000129810B3FFE71198F8B1FFE7129806900D
:109890001198069908630698022180F859100A98D1
:1098A0000999089A079BDDF840C0DDF818E0CDF86B
:1098B00008E00DF1140ECDF804E0CDF800C0FBF780
:1098C00095FD0698FBF7E4FA02E000200590FFE71B
:1098D00005980EB080BD000081B041F21040C2F288
:1098E000000000680090009801B0704781B041F21C
:1098F0001840C2F20000006818B9FFE7012000908C
:109900000DE041F6F400C2F20000006818B9FFE76C
:109910000220009002E000200090FFE7FFE700989F
:1099200001B0704781B041F6FC00C2F2000000684F
:109930000090009801B0704780B586B0002002907A
:1099400041F6F400C2F200000068002840F0D68022
:10995000FFE741F6FC00C2F200000168013101910D
:1099600001990160019858BBFFE741F6E800C2F297
:1099700000000068006858B1FFE74FF0500080F326
:109980001188BFF36F8FBFF34F8F0590FFE7FEE79E
:1099900041F6E800C2F200000168009141F6EC01D6
:1099A000C2F200010A6802600098086041F60810DF
:1099B000C2F20000016801310160FCF767F800E0C5
:1099C000FFE7019841F6F801C2F2000109688842F8
:1099D00068D3FFE7FFE741F6E800C2F20000006845
:1099E000006840B9FFE741F6F800C2F200004FF00E
:1099F000FF31016055E041F6E800C2F20000006866
:109A0000C068C06804900498406803900198039966
:109A1000884207D2FFE7039841F6F801C2F200013D
:109A200008603EE0FFE704980430FEF77DF90498F3
:109A3000806A28B1FFE704981830FEF775F900E056
:109A4000FFE70498C06A41F22041C2F200010968B0
:109A5000884208D9FFE70498C06A41F22041C2F267
:109A600000010860FFE70499C86A00EB800041F23A
:109A70002442C2F2000202EB80000431FEF7FEF93C
:109A80000498C06A41F21041C2F200010968C96A33
:109A9000884203D3FFE70120029000E0FFE7FFE7E1
:109AA00099E7FFE741F21040C2F200000068C06A87
:109AB00000EB800041F22441C2F2000151F8200085
:109AC000022803D3FFE70120029000E0FFE741F600
:109AD0000410C2F20000006818B9FFE7FEF774F93D
:109AE00000E0FFE741F60010C2F20000006818B184
:109AF000FFE70120029000E0FFE709E041F60410D3
:109B0000C2F20000016801310160FEF75DF9FFE774
:109B1000029806B080BD000080B586B0039003981F
:109B20000290002001900398002867D0FFE7029878
:109B300041F21041C2F20001096888420BD0FFE7F0
:109B40004FF0500080F31188BFF36F8FBFF34F8F3A
:109B50000490FFE7FEE70298006D58B9FFE74FF069
:109B6000500080F31188BFF36F8FBFF34F8F0590C4
:109B7000FFE7FEE70298016D013901650298C16AAD
:109B8000C06C814238D0FFE70298006D90BBFFE7C0
:109B900002980430FEF7C8F808B9FFE700E0FFE7D5
:109BA0000298C16CC1620298C16AC1F13801816139
:109BB0000298C06A41F22041C2F20001096888425D
:109BC00008D9FFE70298C06A41F22041C2F20001C1
:109BD0000860FFE70299C86A00EB800041F2244266
:109BE000C2F2000202EB80000431FEF747F90120C7
:109BF000019000E0FFE700E0FFE700E0FFE70198E9
:109C000006B080BD80B584B0039003980290002018
:109C100001900398002878D0FFE70298C06A41F2CB
:109C20001041C2F200010968C96A88425CD2FFE7AC
:109C30000298C07E000600280BD4FFE741F21040D6
:109C4000C2F200000068C06AC0F138000299886161
:109C500000E0FFE702984169C06A00EB800041F232
:109C60002442C2F2000202EB8000814230D1FFE7C1
:109C700002980430FEF758F808B9FFE700E0FFE764
:109C800041F21040C2F200000068C06A0299C86246
:109C90000298C06A41F22041C2F20001096888427C
:109CA00008D9FFE70298C06A41F22041C2F20001E0
:109CB0000860FFE70299C86A00EB800041F2244285
:109CC000C2F2000202EB80000431FEF7D7F808E090
:109CD00041F21040C2F200000068C06A0299C862F6
:109CE000FFE7012001900FE00298C06C41F21041A3
:109CF000C2F200010968C96A884203D2FFE7012065
:109D0000019000E0FFE7FFE700E0FFE7019804B003
:109D100080BD000080B584B002900298C068C06821
:109D20000190019858B9FFE74FF0500080F3118877
:109D3000BFF36F8FBFF34F8F0390FFE7FEE70198EC
:109D40001830FDF7F1FF41F6F400C2F200000068A0
:109D500020BBFFE701980430FDF7E6FF0198C06AD9
:109D600041F22041C2F200010968884208D9FFE7A8
:109D70000198C06A41F22041C2F200010860FFE789
:109D80000199C86A00EB800041F22442C2F200024D
:109D900002EB80000431FEF771F809E0019800F150
:109DA000180141F6AC00C2F20000FEF767F8FFE7C9
:109DB0000198C06A41F21041C2F200010968C96A03
:109DC000884208D9FFE70120009041F60011C2F255
:109DD0000001086002E000200090FFE7009804B056
:109DE00080BD000080B584B000200290019041F653
:109DF000F400C2F20000006858B9FFE74FF05000CD
:109E000080F31188BFF36F8FBFF34F8F0390FFE78D
:109E1000FEE7FEF75BF841F6F400C2F200000168CD
:109E2000013901600068002840F09980FFE741F2A5
:109E30001440C2F200000068002800F08F80FFE7A5
:109E4000FFE741F6AC00C2F200000068002842D0F3
:109E5000FFE741F6AC00C2F20000C068C0680290A3
:109E600002981830FDF760FF02980430FDF75CFFA0
:109E70000298C06A41F22041C2F20001096888429A
:109E800008D9FFE70298C06A41F22041C2F20001FE
:109E90000860FFE70299C86A00EB800041F22442A3
:109EA000C2F2000202EB80000431FDF7E7FF0298E6
:109EB000C06A41F21041C2F200010968C96A8842D1
:109EC00007D3FFE741F60010C2F200000121016054
:109ED00000E0FFE7B5E7029818B1FFE7FBF7D6FD12
:109EE000FFE741F60410C2F20000006800900098FD
:109EF000E0B1FFE7FFE7FFF71FFD38B1FFE741F6ED
:109F00000010C2F200000121016000E0FFE70098AC
:109F100001380090FFE700980028ECD1FFE741F6F8
:109F20000410C2F200000021016000E0FFE741F6EA
:109F30000010C2F20000006870B1FFE7012001903C
:109F40004EF60450CEF200004FF080510160BFF396
:109F50004F8FBFF36F8F00E0FFE7FFE700E0FFE701
:109F6000FDF7E0FF019804B080BD000080B588B027
:109F7000079001200690059104924BF63D40C0F6F3
:109F8000000003902C20FCF7D7F80290029898B1BB
:109F9000FFE70298002180F8281007980699059A93
:109FA000049BDDF80CC0DDF808E0CDF804E0CDF846
:109FB00000C0FBF7ABFAFFE7029808B080BD0000D5
:109FC00080B58CB0099001200890079106924BF65D
:109FD0003D40C0F60000059004932C2002900298AA
:109FE0002C280BD0FFE74FF0500080F31188BFF30F
:109FF0006F8FBFF34F8F0A90FFE7FEE70298049838
:10A0000058B9FFE74FF0500080F31188BFF36F8F0E
:10A01000BFF34F8F0B90FFE7FEE704980390039880
:10A0200098B1FFE70398022180F828100998089951
:10A03000079A069BDDF814C0DDF80CE0CDF804E0CB
:10A04000CDF800C0FBF762FAFFE703980CB080BDC3
:10A0500080B588B000200690FAF7ACFF41F61010EA
:10A06000C2F20000006830B3FFE7002005900490C2
:10A0700005A804A903AAFDF791FE039A049805997F
:10A08000029101900220009045F63540C0F6010093
:10A090004CF2C851C0F601010023FFF7B7FB41F6AF
:10A0A0001411C2F200010860086818B1FFE701202E
:10A0B0000690FFE700E0FFE7069858B9FFE74FF08A
:10A0C000500080F31188BFF36F8FBFF34F8F07905D
:10A0D000FFE7FEE7069808B080BD000080B58CB0B1
:10A0E0000A900991089200200790069005900A981E
:10A0F00058B9FFE74FF0500080F31188BFF36F8F1E
:10A10000BFF34F8F0B90FFE7FEE741F61010C2F24E
:10A110000000006890B3FFE709980190089802904A
:10A120000A980390099805281CDCFFE7FFF7DEFB7F
:10A1300002280BD1FFE741F61010C2F200000068C0
:10A14000069A01A9FEF790FD05900AE041F610106D
:10A15000C2F20000006801A90022FEF785FD05900B
:10A16000FFE70AE041F61010C2F200000068079A0B
:10A1700001A9FEF785FE0590FFE700E0FFE70598DF
:10A180000CB080BD5FEA400C08BF91F0000F4FEAB1
:10A190008C234FEAC12243EA51514FEA1C5018BFA9
:10A1A00000F5F0404FEA300018BF41F000415FEA8F
:10A1B0006C5C00F02980BCF1FF3F08BF40F080409C
:10A1C0007047130C06BF12044FF0100C4FF0000C38
:10A1D000130E04BF12020CF1080C130F04BF12017E
:10A1E0000CF1040C930F04BF92000CF1020CD30F7E
:10A1F00004BF52000CF1010C11464FF00002A0F117
:10A200001F00A0EB0C00704711F0004F08BF704713
:10A2100031F000413FF4D5AF0B0C06BF09044FF0FD
:10A22000100C4FF0000C0B0E04BF09020CF1080CCF
:10A230000B0F04BF09010CF1040C8B0F04BF890044
:10A240000CF1020CCB0F04BF49000CF1010CCCF156
:10A25000200322FA03F341EA030102FA0CF2A0EB15
:10A260000C0000F10100704723F07F4720F07F4C85
:10A2700080EA030000F00040ACEB070303F57C53D9
:10A2800003F1FF032DE9804909B44FEA144324EA9E
:10A2900003484FEA154B25EA0B4E0FF2042606EB56
:10A2A00013273E7803FB0667C7F5000707FB06F692
:10A2B0004FEAD64606F102064FEA543707FB066C12
:10A2C000CCF1005C4FEA1C472CEA074C0CFB06F56E
:10A2D00007FB06F404EB15464FEA961649085FEAB9
:10A2E000320234BF00204FF000404FEAD13706FB66
:10A2F00007FC4FEA1C4C0CFB0BF7D21B03FB0CF7C3
:10A3000061EB07010CFB0EF7B0EB074072EB174255
:10A310000CFB08F734BFA2EB0742B2EB074261EB3C
:10A3200017414FEA0C444FEA910706FB07FC4FEA3E
:10A330001C4C0CFB0BF7B0EBC74072EB573203FB26
:10A340000CF734BFA2EBC742B2EBC74261EB573107
:10A350000CFB0EF7B0EBC70072EB57720CFB08F763
:10A3600034BFA2EBC702B2EBC70261EB57714FEAF1
:10A37000816141EA92114FEA826242EA90124FEA09
:10A38000806004EBCC04039F4FEAD13706FB07FC47
:10A390004FEA1C4C0CFB0BF7D21B03FB0CF761EBD9
:10A3A00007010CFB0EF7B0EB074072EB17420CFBFA
:10A3B00008F734BFA2EB0742B2EB074261EB17414B
:10A3C0004FEA8C5504EB9C244FEA910706FB07FCEF
:10A3D0004FEA1C4C0CFB0BF7B0EBC74072EB57324B
:10A3E00003FB0CF734BFA2EBC742B2EBC74261EBF1
:10A3F00057310CFB0EF7B0EBC70072EB57720CFB3A
:10A4000008F734BFA2EBC702B2EBC70261EB57718A
:10A410004FEA816141EA92114FEA826242EA901268
:10A420004FEA806015EB4C2544F100044FEAD13728
:10A4300006FB07FC4FEA1C4C0CFB0BF7D21B03FB83
:10A440000CF761EB07010CFB0EF7B0EB074072EB6A
:10A4500017420CFB08F734BFA2EB0742B2EB0742EE
:10A4600061EB17414FEA813141EA92414FEA823272
:10A4700042EA90424FEA80304FEA0C7615EB1C1509
:10A4800044F1000448EA03434EEA0B484FF0000E43
:10A49000B2EB080C71EB030724BF624639464EEB62
:10A4A0000E0E4FF0000B0018524149414BEB0B0BC5
:10A4B000B2EB080C71EB03077BF1000B24BF624683
:10A4C00039464EEB0E0E4FF0000B00185241494139
:10A4D0004BEB0B0BB2EB080C71EB03077BF1000BA2
:10A4E00024BF624639464EEB0E0E51EA020718BFF2
:10A4F00046F0010616EB0E7655F1000254F100010C
:10A5000003D5BDE88901BDE80088BDE88901BDE843
:10A510000048B619524141EB0101A3F10103704714
:10A5200080807F7E7D7C7B7A797877767675747390
:10A53000727171706F6E6E6D6C6C6B6A6A6968684F
:10A54000676666656464636362616160605F5F5EE5
:10A550005E5D5D5C5C5B5B5A5A595958585757565B
:10A5600056555555545453535252525151505050C0
:10A570004F4F4F4E4E4D4D4D4C4C4C4B4B4B4A4A12
:10A580004A49494948484847474747464646454556
:10A59000454444444443434343424242424141418F
:10A5A0009C46002B30D477002BD04FEA37071CB5E0
:10A5B00003B44FF010004FF01001BAF1000F06D0B5
:10A5C000BCF1000FDCBF40F0080040F008014FF084
:10A5D00000000FBCBDE810400BF1010BBBF1010FF7
:10A5E00008BF5FEA170722BF12F1010211F1010152
:10A5F0004FF0004143F1000300F0004043EA000047
:10A600007047F9D35708D0E746EA06464FEA1646A0
:10A6100013F1400F1FDD13F1200FDFBF16430A4671
:10A62000002120335B42BED0C3F1200746EA064634
:10A630004FEA164602FA07F746EA070622FA03F23D
:10A64000C3F1200701FA07F742EA070221FA03F1F2
:10A650004FF00003A7E746EA020646EA06464FEA3D
:10A66000164646EA0106BCBF46EA0646360C4FF0DF
:10A6700000034FF000024FF0000194E72DE9804CF9
:10A6800070B49A46934691E8380007C831EA400C06
:10A6900048BF34EA430C03D5FFF7E6FDFFF780FF20
:10A6A000F0BCBDE8008C2DE9804C70B49A4693460E
:10A6B00091E8380007C810F0804F08BF13F0804FB2
:10A6C00003D100F005F8FFF76BFFF0BCBDE8008C8C
:10A6D00020F07F4723F07F4C80EA030000F0004029
:10A6E00007EB0C03A3F57C53A3F1FE0392F0000FDC
:10A6F00000F0B38095F0000F00F077802DE901495C
:10A700004FEA114021EA00484FEA144624EA06477E
:10A7100000FB06FC08FB06F607FB08F818EB0648EA
:10A720004CEB164C00FB07F718EB07484CEB1740B7
:10A730004FEA124B22EA0B4E4FEA154625EA06472E
:10A740000BFB06FC0EFB06F607FB0EFE1EEB064E91
:10A750004CEB164C0BFB07F71EEB074E4CEB174B65
:10A7600018EB0B0840F1000018EB0E0B58EB00083B
:10A7700040F100008F1A4FF000014FF000063CBF7F
:10A78000C943661B14BFB5EB040C00213CBFC94391
:10A79000F61B4FEA174427EA04454FEA1C472CEA08
:10A7A000074C04FB076205FB07F70CFB05F616EBED
:10A7B000074642EB174204FB0CFC16EB0C4642EB3F
:10A7C0001C421BEB060658EB020241414EEA8E0E7C
:10A7D00046EA9E0601D5BDE80189B619524141EB12
:10A7E0000101A3F10103BDE801894FEA144524EA00
:10A7F00005464FEA114721EA074C05FB07F406FB23
:10A8000007F70CFB06F111EB074144EB174405FB7E
:10A810000CFC11EB0C4144EB1C444FEA124722EABA
:10A82000074C05FB07F206FB07F70CFB06F616EBD9
:10A83000074642EB174205FB0CFC16EB0C4642EBBD
:10A840001C456A1854F1000148BF7047B6195241BF
:10A8500041EB0101A3F10103704795F0000F37D0E0
:10A860004FEA114221EA02464FEA144724EA074C14
:10A8700002FB07F106FB07F70CFB06F414EB074499
:10A8800041EB174102FB0CFC14EB0C4441EB1C4167
:10A890004FEA154725EA074C02FB07F506FB07F7C9
:10A8A0000CFB06F616EB074645EB174502FB0CFCC6
:10A8B00016EB0C4645EB1C42121951F1000148BF42
:10A8C0007047B619524141EB0101A3F101037047F2
:10A8D0004FEA144524EA05464FEA114721EA074C9E
:10A8E00005FB07F106FB07F70CFB06F212EB07422C
:10A8F00041EB174105FB0CFC12EB0C4251EB1C41E8
:10A900004FF0000648BF7047921841EB0101A3F1D8
:10A910000103704703B401984100009850EAC12038
:10A9200018BF04204A0D18BF40F0010040F2FF722A
:10A93000B2EB515F08BF40F00200012808BF0520BC
:10A9400002B070470000000010B51D499FED1A1BB2
:10A950002DED020B84B0059820F000408842DCBF4A
:10A9600001209DED040B21DD1649884209D1049890
:10A9700040B94FF00100E5F72CFE00F071FC06B085
:10A9800010BD05DB9DED040B00F05EFC06B010BDB4
:10A9900068469DED040B00F017F800F0010001215E
:10A9A000A1EB40009DED021B9DED000B00F0A4FA11
:10A9B00006B010BD00000000000000000000000014
:10A9C000FB21E93F0000F07F2DE9F14F04462DED1A
:10A9D000020B2DED088B8AB09FEDE70B80ED020B8B
:10A9E000139EE74826F0004585420ADC9DED120BD8
:10A9F000002084ED000B0AB0BDEC088B03B0BDE86D
:10AA0000F08FE0489FEDE0AB9FEDE1BBA84247DD52
:10AA1000E14F9FEDE39B9FEDE48B9DED120B53EC1B
:10AA20001A2B51EC100B002E1CDD01F0E9F841EC63
:10AA3000100BBD4208D053EC1B2B51EC100B01F056
:10AA4000DFF8C4E900010BE053EC192B51EC100BBB
:10AA500001F0D6F853EC182B01F0D2F8C4E900014C
:10AA60000120C8E700F0A6FC41EC100BBD4208D065
:10AA700053EC1B2B51EC100B00F09CFCC4E90001C3
:10AA80000BE053EC192B51EC100B00F093FC53EC42
:10AA9000182B00F08FFCC4E900014FF0FF30AAE74B
:10AAA000C348A84279DB9DED120B51EC100B00F06E
:10AAB000FEFB41EC180B9FEDC00B53EC102B00F08C
:10AAC00095FF9FEDBF1B53EC112B00F073FC00F0C2
:10AAD000BBFE074600F0E7FE41EC190B53EC1A2BC6
:10AAE00000F084FF53EC182B01F07EF841EC180BBA
:10AAF00053EC1B2B51EC190B00F078FFDFF8C8A2C8
:10AB000041EC100B4FEA15580125FA4453EC102B79
:10AB100051EC180B01F074F8032DC4E900013DD08D
:10AB2000C1F30A5005EB4511A8EB00001139814231
:10AB300034DA0AEB051BB0EE48AA9BED000BF0EEF1
:10AB400068AA53EC102B51EC190B00F04FFF41ECAD
:10AB50001B0B51EC1A0B53EC1B2B01F051F841EC81
:10AB6000180B51EC1A0B53EC182B01F049F853EC6D
:10AB70001B2B01F045F89BED020B41EC1A0B53EC3B
:10AB8000102B51EC190B00F031FF53EC1A2B01F094
:10AB900037F841EC100B6D1CB8E70EE0002EA8BF93
:10ABA0003846BFF628AF94ED000B51EC100B00F0C7
:10ABB000C3FBC4E9000178421DE7C6F3130040F46B
:10ABC000801EC6F30A50A0F2F530471100F01F05B1
:10ABD000C5F12000DDF848B00890002006900790ED
:10ABE0000520EC467949002D07EB0002794408BFA7
:10ABF00051F8221009D051F8223001EB8201AB400C
:10AC00004A68089922FA01F11943A1FB0E26A1FB1B
:10AC10000B131A449A4234BF0123002303EB0608A6
:10AC20000CEB8003D3E901A60E448E4234BF012110
:10AC3000002192448A4411B1924502D903E0924521
:10AC400001D2012100E00021C3E901A641444CF8F2
:10AC50002010011EA0F10100C4DC029800F1005098
:10AC6000850F0298DDE903678000DDF8148000F0AD
:10AC70001AFE41EC1A0B304600F02CFE9FED541BDF
:10AC800053EC112B00F0B2FE41EC1B0B384600F0E8
:10AC900021FE9FED511B53EC112B00F0A7FE41EC60
:10ACA000180B404600F016FE9FED4D1B53EC112B88
:10ACB00000F09CFE41EC190B51EC180B53EC192BD6
:10ACC00000F078FB53EC1B2B00F074FB53EC1A2BB9
:10ACD00000F070FBCDE90801002008909DED080B05
:10ACE00053EC1A2B51EC100B00F08AFF53EC1B2B8A
:10ACF00000F086FF53EC182B00F082FF53EC192B69
:10AD000000F072FF9FED381B53EC112B00F06EFE2C
:10AD10009FED370B41EC180B53EC102B9DED080BFE
:10AD200051EC100B00F062FE53EC182B00F042FBCC
:10AD30009FED310B41EC180B53EC102B9DED080BE4
:10AD400051EC100B00F052FE53EC182B00F032FBCC
:10AD500041EC100B139810F0004F06D06D4251ECEF
:10AD6000100B00F0E9FA41EC100B284684ED000BC3
:10AD700041E60000000000000000000000000000AC
:10AD8000FB21E93F7CD9024000004054FB21F93F00
:10AD90003163621A61B4D03DFB21F93F000000002D
:10ADA0000000601A61B4D03D7370032E8A19A33B72
:10ADB000FB2139410000000083C8C96D305FE43FCA
:10ADC000000000000000E03F7A140000C8130000FB
:10ADD000000000000000103E000000000000103CD9
:10ADE000000000000000103A182D4454FB21F93DEA
:10ADF0003326A611460B113C00000054FB21F93DFF
:10AE000070B504462DED028B4D1E00EBC500B0EE73
:10AE1000408AF0EE608A90ED000B35F0060017D006
:10AE200053EC182B51EC100B00F0E0FD41EC100B33
:10AE30006D1E04EBC50090ED001B51EC100B53ECA4
:10AE4000112B00F0B7FA41EC100B35F00600E7D1FA
:10AE5000022D36D0042D1CD0062D1CBFBDEC028B5C
:10AE600070BD53EC182B51EC100B00F0BFFD94EDAE
:10AE70000A1B53EC112B00F09DFA53EC182B00F039
:10AE8000B5FD94ED081B53EC112B00F093FA41EC47
:10AE9000100B53EC182B51EC100B00F0A7FD94EDA8
:10AEA000061B53EC112B00F085FA53EC182B00F025
:10AEB0009DFD94ED040B53EC102B00F07BFA41EC5C
:10AEC000100B53EC182B51EC100B00F08FFD94ED90
:10AED000021B53EC112B00F06DFA53EC182B00F011
:10AEE00085FD94ED001B53EC112B00F063FABDECD3
:10AEF000028B41EC100B70BDF1B506462DED040B35
:10AF0000BD482DED0C8B8AB0B0EE418AF0EE618A1F
:10AF1000179D25F000449FEDBABB9FEDBBCB84424B
:10AF200008DA9DED160B51EC100B00F08DFC00289B
:10AF300000F0E980B64FA74231DC002D0DDA9DED1F
:10AF4000160B51EC100B00F0F7F9CDE9160151EC9E
:10AF5000180B00F0F1F941EC180B9FEDAF0B53EC1F
:10AF6000102B9DED160B51EC100B00F03DFE53EC39
:10AF7000182B9FEDAB0BCDE9040151EC100B00F049
:10AF80003FFE41EC100B53EC102B9DED040B51ECEC
:10AF9000100B00F00FFA9FEDA48BCDE916019DED8B
:10AFA000160B53EC102B51EC100B00F01FFDCDE9EC
:10AFB00004019DED040B53EC102B51EC100B00F031
:10AFC00015FD41EC190B9A480621B0EE490AF0EE46
:10AFD000690A7844FFF714FF9648B0EE40DAF0EEC5
:10AFE00060DAB0EE490AF0EE690A06217844FFF70C
:10AFF00007FF9DED041B51EC100B53EC112B00F0DF
:10B00000F5FC9DED040B41EC1A0B53EC102B9DED60
:10B01000160B51EC100B00F0E9FC41EC190B53EC52
:10B020001A2B51EC1D0B00F0C5F953EC192B00F055
:10B03000DDFC53EC182B00F0BDF99DED041B53EC27
:10B04000112B00F0D3FC53EC182B00F0B3F941ECBA
:10B05000180B9FED790B51EC190B53EC102B00F0F2
:10B06000C5FC53EC182B00F0A5F941EC190B9DED34
:10B07000160B53EC192B51EC100B00F09BF941EC23
:10B08000180BA74269DC304600F00DFC41EC1A0BAE
:10B0900051EC180B53EC1A2B00F08CF941EC1B0B04
:10B0A00053EC182B51EC180B00F0A0FC53EC1B2BAD
:10B0B00000F034FA53EC192B00F0A2FD9DED161BA5
:10B0C00053EC112B00F090FD9FED5D1B53EC112B09
:10B0D00000F08CFC53EC1A2B00F086FD41EC180BB1
:10B0E000022000EAA570C0F1010000F0DCFB53EC87
:10B0F000182B00F07BFC00BF41EC100B0AB0BDEC3C
:10B100000C8B05B0F0BD711C1698214308430CD080
:10B110009DED160B012E1CBF53EC102B51EC1C0B9C
:10B1200010D000BF00F0FAF9E6E79DED160B51ECE8
:10B13000100B00F0BCF841EC100B51EC1B0B53EC66
:10B14000102BEFE751EC100BFFF7E4FB042808BFCE
:10B1500000F096F89DED160BD0E7012E04BFB0EE7F
:10B16000480AF0EE680AC9D08DED048B00240494DF
:10B170009DED040B53EC102B9DED160B51EC100BB9
:10B1800000F032FD53EC192B00F02EFD41EC190BB1
:10B1900053EC182B51EC1C0B00F0C0F941EC180BD0
:10B1A0008DED008B00949DED040B53EC102B9DED69
:10B1B000000B51EC100B00F019FC53EC1B2B00F0B2
:10B1C000F9F89DED000B41EC1A0B53EC192B51ECE7
:10B1D000100B00F00BFC53EC1A2B00F0EBF853ECC7
:10B1E000182B00F003FC9DED001B53EC112B00F01D
:10B1F000E1F881E7000000000000303E00000000A0
:10B20000000000000000F03F000000000000F0BF60
:10B210002894E53F00000000182D4454FB21E93F2D
:10B22000075C143326A6813C0000000000000000EB
:10B230008210000098100000635555555555D53FB4
:10B24000000000000000004010B553EC102B51EC42
:10B25000100B00F0AFF841EC100B10BD0000000027
:10B260009FED050B10B553EC102B51EC100B00F0BB
:10B2700055F941EC100B10BD00000000000000006B
:10B280009FED050B10B553EC102B51EC100B00F09B
:10B29000ADFB41EC100B10BD0000000000000010E1
:10B2A00030380A2801D2012070470020704782B050
:10B2B000CDE9000121F0004001909DED000B02B0AE
:10B2C00051EC100B70478A68002A01DCE6F7EEBAF1
:10B2D000521E8A604A68C0B2531C4B60107070479F
:10B2E00010B500290AD00878002807D0054878440E
:10B2F000E5F7D6F8002801D0002010BD02487844B8
:10B3000010BD0000E6140000DE14000010B5002996
:10B310000AD00878002807D005487844E5F7C0F837
:10B32000002801D0002010BD0248784410BD000064
:10B33000D6140000CE14000081F00041704780F068
:10B340000040704721F00041704720F000407047F6
:10B3500021F0004201F00043A2F16052B2F5801FDB
:10B3600028BFD2F17F6C0BD95FEA001C43EAC2020E
:10B3700042EB507018BF704728BF20F001007047A3
:10B38000B2F5801FBCBF184670474FEA410C1CF550
:10B39000001F02D2084600F0C9BD70B500F0D0FB16
:10B3A00000000089FFF7F6BF4FF00040A0F58000D5
:10B3B0007047000010B591EA030F48BF83F00043C7
:10B3C00000F12684841A71EB030C05D2121943EBA9
:10B3D0000C03001B61EB0C014FEA1154A4EB135C4E
:10B3E000DFF81CE11EEA430F18BF9EEA445F00F03D
:10B3F000748021EA045123EA0E0343F48013DCF144
:10B40000200E32D322FA0CFE10EB0E0023FA0CFEB3
:10B4100041EB0E01CCF1200E03FA0EFE10EB0E00F4
:10B42000CCF1200E51F10001B1F5801F32D201EBB9
:10B43000045112FA0EF2BDE8104058BF7047401C8C
:10B4400038BF5FEA420218BF7047002814BF20F0DF
:10B45000010041F100014FEA410313F5001F38BF1D
:10B460007047A1F1C04100F0B9BB012A43EB0302D0
:10B47000ACF1200CDCF11F0E32BF4FF0000E23FAAE
:10B480000CF310EB030041EB0451B4EB115FD0D08F
:10B49000A1EB045101F58011490801EB04515FEA69
:10B4A00030000ED350F1000038BF12FA0EFE08D162
:10B4B000BDE81040C9E7401C38BF5FEA4202CAD16C
:10B4C000C3E7BDE810404FEA410313F5001F38BF42
:10B4D0007047A1F1C04100F081BB9EEA445F08D0F3
:10B4E00011EA5E0FBDE8104004BF01F000410020EA
:10B4F0007047BDE8104070B500F022FB64FBBE3E13
:10B500000000E0FF491058BFC1F140415B1058BF37
:10B51000C3F140438B42EFF3008070472DE9C041F7
:10B5200030B4DFF8A4C23CEA111418BF3CEA13148B
:10B5300000F0ED801CEA111481EA030544EAD57499
:10B5400018BF1CEA131500F0C880A4EB050404F131
:10B550007F7404F500344FF0004545EAC12145EA07
:10B56000C32341EA505143EA52534FEAC0204FEA05
:10B57000C222994208BF904200F09D804FEA1365B5
:10B580000FF24416765D4FEA134506FB05F7C7F147
:10B59000807706FB07F74FEAD737A7FB03687642A9
:10B5A000A7FB06CEC8F5803838BFA8F1010807FB15
:10B5B00008E6A6FB028C4FF0000EE6FB03CEDCF1A2
:10B5C000000CCEF1004E38BFAEF1010EA6FB0C58B8
:10B5D0004FF00007E6FB0E87A1FB08C6A0FB07CED5
:10B5E00016EB0E064FF0000545F10005E1FB07657F
:10B5F00015F1E04E7EBFA4F580345FEA46066D414A
:10B6000016F1800745F100054FEA172747EA05675D
:10B610004FEA15254FEA0666A6F1DE46B6F1805FD1
:10B6200020D9384605EBC47124F0010C01EB0C1154
:10B63000BCF1FE6F02D8F0BCBDE8008124425CBFC3
:10B6400001F5801E9EEAC47F02D4F0BCBDE80081F3
:10B65000244200F13980A1F1C041F0BCBDE80041B5
:10B6600000F0BCBA4FEAD02040EA41504FEAD12165
:10B670004FEAD22242EA43524FEAD323A7FB028683
:10B6800007FB036605FB02661EEA0E0F58BFA6EB1A
:10B690000056B6EB00564FEA520E4EEAC37E18EB48
:10B6A0000E0E56EB530EBCD518EB02085E417F1C04
:10B6B00055F10005B5E74FF480154FF000074FF046
:10B6C00000064FF00008ACE701F1C04101F0004175
:10B6D0004FF00000F0BCBDE800810CEA131511EA40
:10B6E0000C1F00D00CE013EA0C1F00F026804FF076
:10B6F000000081EA030101F00041F0BCBDE80081D7
:10B70000F0BCBDE8004181EA030100F067BAF0BC7B
:10B71000BDE8004170B500F013FA00BF097EFC3EA1
:10B7200000F007B84FF0000081EA030101F000418A
:10B73000704781EA030100F051BAF0BCBDE8004156
:10B7400022494FF000007047FFFDFBF9F7F5F4F2D6
:10B75000F0EEEDEBE9E8E6E4E3E1E0DEDDDBDAD8AC
:10B76000D7D5D4D3D1D0CFCDCCCBCAC8C7C6C5C40A
:10B77000C2C1C0BFBEBDBCBBBAB9B8B7B6B5B4B321
:10B78000B2B1B0AFAEADACABAAA9A8A8A7A6A5A40C
:10B79000A3A3A2A1A09F9F9E9D9C9C9B9A999998D0
:10B7A0009797969595949393929191908F8F8E8E73
:10B7B0008D8C8C8B8B8A8989888887878685858400
:10B7C00084838382828181800000FF070000F87FEC
:10B7D00051EA030C17D41CF5801F58BFBCF5801F1D
:10B7E00000F10680994218BF704708BF9042704729
:10B7F00007D711F5801F58BF13F5801F19D4994240
:10B800007047894270471CF5801F08D5BCF5801F22
:10B81000F7D58B4218BF704708BF824270474FF47C
:10B82000001C1CEB410F38BF1CEB430F01D28B42B5
:10B83000704770B500F084F9922449004FF0005130
:10B840004FF08053FFF75EBE4FEA41034FEA535378
:10B85000A3F58063D3F11E03C8BFD3F1210C0CDD27
:10B860004FF0004242EAC12242EA505232FA03FC4F
:10B870008CEAE17CACEBE1707047102BC4BF002078
:10B88000704703F5787CBCF1FF3F04D06FF00042B5
:10B8900082EA2100704770B500F052F94992248085
:10B8A00000207047F2E710F0004248BF4042B0FA73
:10B8B00080F310FA03F10AD0C3F11D0303F580638E
:10B8C00002EB03524FEA415002EBD12170474FF097
:10B8D00000007047B0FA80F310FA03F10AD0C3F108
:10B8E0001D0303F580634FEA03524FEA415002EB18
:10B8F000D12170474FF000007047000051EA030C5F
:10B9000017D41CF5801F58BFBCF5801F00F10680BE
:10B91000994218BF704708BF9042704707D711F58A
:10B92000801F58BF13F5801F19D499427047894270
:10B9300070471CF5801F08D5BCF5801FF7D58B42DA
:10B9400018BF704708BF824270474FF4001C1CEBC1
:10B95000410F38BF1CEB430F01D28B42704770B5CB
:10B9600000F0EEF8922449004FF080514FF0005360
:10B97000FFF7C8BD51EA030C17D41CF5801F58BF50
:10B98000BCF5801F00F10680994218BF704708BFC0
:10B990009042704707D711F5801F58BF13F5801FDD
:10B9A00019D499427047894270471CF5801F08D509
:10B9B000BCF5801FF7D58B4218BF704708BF824285
:10B9C00070474FF4001C1CEB410F38BF1CEB430FBA
:10B9D00001D28B42704770B500F0B2F89224490052
:10B9E0004FF000514FF08053FFF78CBD70B5DFF87A
:10B9F00048C11CEA111E1EBF1CEA13159EEA0C0F5B
:10BA000095EA0C0F00F06F8081EA03044EEAD47EC1
:10BA1000AE4421EA4C1123EA4C1341F4801143F463
:10BA20008013AEF17F7EA1FB024CA0FB03653619AB
:10BA300055EB0C05A1FB034C4CF10003A0FB021CD1
:10BA400016EB0C06654153F10003094218BF46F09E
:10BA5000010613F4007F0BD14FEA03314FEA0530A2
:10BA600041EA155140EA165034036FF003020AE030
:10BA70004FEAC3214FEAC52041EA555140EA5650EA
:10BA8000F4026FF0020202EB2E4201EB025585EA4E
:10BA9000CE710AD05FEA440C18BF24F0004450F184
:10BAA000000041F1000120EAD47040F2FE7C6245C2
:10BAB00000D270BDA84214BF4FF080444FF0404404
:10BAC000002E08BF0024BEF1806FA8BFA1F1C041C5
:10BAD000BDE8704080F2828001F1C04101F0004178
:10BAE0004FF0000070470CEA13159EEA0C0F18BFC8
:10BAF00095EA0C0F06D081EA030E4FF000000EF01D
:10BB0000004170BD00F01CF88900013E00F007B84C
:10BB100000F009B84FEA430C5FEA5C5C08D081EAA8
:10BB2000030100F05BB84FEA410C5FEA5C5CF6D1C0
:10BB300002494FF0000070470000FF070000F87F47
:10BB40000EF1020E2EF0030E5EF8046B364205D4A1
:10BB5000012A43EB030515F5001F12D8012841EB1C
:10BB6000010C1CF5001F0CD80ED14FEAD17C0CEB58
:10BB70004C0C0CF1020C15F5001F08BF4CEBD37CEC
:10BB800004E04FF0080C01E04FEAD37C0CEB4C05CD
:10BB900026FA05F606F00706B6F1040C06D20EEBFF
:10BBA000860CBDE870404CF0010C6047DFE80CF0FB
:10BBB000090B02024FF00041A1F500214FF00000F7
:10BBC00070BD19461046012851EB010418BFD4F589
:10BBD000001484BF002001F0004170BD0808A0F5EA
:10BBE00000114FEA3101704710B591EA030F81F05F
:10BBF00000413FF5E7AB83F0004300F009B80000D7
:10BC000010B591EA030F48BF83F000433FF5DAAB6C
:10BC1000841A71EB030C07D28CF0004C121943EB21
:10BC20000C03001B61EB0C014FEA1154A4EB135CF5
:10BC3000DFF8A4E11EEA430F18BF9EEA445F00F05C
:10BC4000B48021EA045123EA6E035242C3EB6E032F
:10BC500038BF5B1EDCF1200E25D322FA0CFE10EB60
:10BC60000E0043FA0CFE41EB0E01CCF1200E03FA5C
:10BC70000EFE10EB0E00CCF1200E51F1000129D484
:10BC800001EB045112FA0EF2BDE8104058BF7047A4
:10BC9000401C1CBFB2F1004F704700280CBF491C6C
:10BCA00020F00100704712EB020E43EB030218BFB5
:10BCB0004FF0010E4EEA4202ACF1200CDCF11E0EF8
:10BCC00056D943FA0CFE10EB0E00CCF11E0E51F1CA
:10BCD000FF31D5D50EF1010E12FA0EFE404141EBB7
:10BCE000010101EB445C5FEA5C5C10D901EB04519B
:10BCF00010EBDE7038BFBEF1004FBDE8104018BF3A
:10BD0000704700280CBF491C20F00100704734D256
:10BD10004FEAD42C24F4006411F500111BD0B1FAC1
:10BD200081F20B3AA41AA41ED2F12003914030FAFA
:10BD300003F31943904001EBCC7101EB0451002C4B
:10BD4000BDE81040A8BF704701F1C04101F00041BB
:10BD50004FF000007047B0FA80F310FA03F102D1FF
:10BD6000BDE810407047E41A173C4805C90AE2E7ED
:10BD700001EB0451BDE81040704749104FEA300014
:10BD800001EB0451BDE8104002E04FF000017047A4
:10BD90004A0008BF0042F8D0B2F5001F28BF704724
:10BDA00001F000414FF0000070479EEA445F07D069
:10BDB00011EA5E0FBDE8104004BF0021002070476B
:10BDC000BDE8104070B5FFF7BBFE00BF40DFF63E98
:10BDD000104683F0004170470000E0FF43004FEA47
:10BDE000D30C4FEA3C0C43401FBF40070CF160519D
:10BDF00013F0FE4F70471CF0006F03D10CF00041B0
:10BE0000002070470CF0004343EA507040EACC0039
:10BE100010B500F038F800BF000000924FEA0001B2
:10BE2000FFF7DCBE4FF00041A1F500214FF000000C
:10BE3000704710B5FFF7CCFC0CBF0120002010BDEF
:10BE400010B5FFF7C5FC14BF0120002010BD10B5D0
:10BE5000FFF754FD8CBF0120002010BD10B5FFF787
:10BE60004DFD2CBF0120002010BD10B5FFF782FD55
:10BE700094BF0120002010BD10B5FFF77BFD34BF3B
:10BE80000120002010BD0EF1020E2EF0030E5EF810
:10BE9000044B244204D44FEA4102B2F17F4F11D83F
:10BEA0004FEA4003B3F17F4F0CD80ED14FEAD07C5C
:10BEB0000CEB4C0C0CF1020CB2F17F4F08BF4CEBB9
:10BEC000D17C04E04FF0080C01E04FEAD17C0CEB90
:10BED0004C0324FA03F404F00704B4F1040C06D272
:10BEE0000EEB840CBDE810404CF0010C6047DFE81D
:10BEF0000CF0070802024FF00040A0F5800010BDD2
:10BF00000846420018BFD2F1807288BF00F000409E
:10BF100010BDF1EE100A4FF6FF71C0F2C03120EAF9
:10BF2000010040F04070E1EE100A7047FF2141EA45
:10BF3000D050C0057047E5F703B8E5F737B9000002
:10BF40000000000000000000303132333435363755
:10BF5000383941424344454640305800303132334D
:10BF6000343536373839616263646566403078004D
:10BF700004000008000000000000000200010000B2
:10BF8000100000000000000000004054FB21F93FB9
:10BF90003163621A61B4D03D0000601A61B4D03DD3
:10BFA0007370032E8A19A33B0000002E8A19A33B4D
:10BFB000C14920259A837B39000000000000000061
:10BFC0006E83F9A22915444ED15727FCC0DD34F504
:10BFD000999562DB4190433CAB6351FE61C5BBDE8A
:10BFE0003A6E24B7E0D24D42EA2E49061C92D1099E
:10BFF0001CEB1DFE3EA729B1F53582E88444BB2E1B
:10C0000026709CE9417E5FB439D69139F439538367
:10C010008B5F849C3B28F9BDFF97F81F0F9805DEC6
:10C020008B112FEF1F6D0A5ACF7E366DB709CB27C4
:10C03000663F464F2DEA5F9EC7BA27757BF1E5EB59
:10C04000F739073DEA92528AB15FFB6B085D8D1F9D
:10C0500046300356000000007AFE10111111C13F56
:10C0600037D60684F464963F280356C9226D6D3F87
:10C070000165F2F2D844433FA69237A0887E143F70
:10C08000735360DBCB75F3BEFE41B31BBAA1AB3F6C
:10C0900093846EE9E326823F1583E0FEC8DB573FB9
:10C0A00068108D1AF726303FE9A7F0320FB8123F1B
:10C0B000D47ABF74702AFB3E303132333435363790
:10C0C00038396162636465667870003031323334C8
:10C0D0003536373839414243444546585000000010
:10C0E00002400000000000A0000000000540000029
:10C0F000000000C8000000000C4000000000409C50
:10C1000000000000194000000020BCBE000000003C
:10C1100034400000BFC91B8E00000004B540000081
:10C12000504BCFD06607E2CF010000006C41000009
:10C130003E8251AADFEEA73401000000D942000080
:10C14000DCB5A0E23A301F97FFFFFFFFB4450000C7
:10C15000FD25A0C8E9A3C14FFFFFFFFFFF3F00007F
:10C160000000008000000000FF3F00000000008091
:10C17000000000009AC60108000000000000000056
:10C18000000000000000000000040000200000008B
:10C1900000000000000000008EC601080000000042
:10C1A000000000000000000000000000000400008B
:10C1B000100000000000000000000000CBC60108D5
:10C1C000000000000000000000000000000000006F
:10C1D000000400002000000000000000000000003B
:10C1E000F0C6010800000000000000000000000090
:10C1F0000000000000040000180000000000000023
:10C2000000000000E1C6010800000000000000007E
:10C210000000000000000000000400001800000002
:10C220000000000000000000D4C60108000000006B
:10C2300000000000000000000000000000040000FA
:10C24000180000000000000000000000B9C601084E
:10C2500000000000000000000000000000000000DE
:10C26000701700000800000000000000000000003F
:10C27000C2C601080000000000000000000000002D
:10C28000000000000008000018000000000000008E
:10C2900000000000AAC60108000000000000000025
:10C2A0000000000000000000000200001800000074
:10C2B00000000000000000005BC601080000000054
:10C2C0005801002050000000A801002000010000DB
:10C2D00037C6010800000000000000000000000058
:10C2E000000000000000000025C60108000000005A
:10C2F000A802002050000000F802002020000000EA
:10C3000048C6010800000000000000000000000016
:10C31000000000000000000043C70108000000000A
:10C32000180300202C0000001AC7010800000000BC
:10C33000440300202C00000038C701080000000062
:10C34000700300202C00000050C70108000000000E
:10C350009C0300202C00000024C7010800000000FE
:10C36000C80300202C000000F2C5010800000000F6
:10C3700000000000000000008DC701080000000060
:10C3800000000000000000007EC70108000000005F
:10C3900000000000000000009DC501080000000032
:10C3A0000000000000000000D0C5010800000000EF
:10C3B0000000000000000000E0C5010800000000CF
:10C3C000000000000000000001C60108000000009D
:10C3D0000000000000000000B1C5010800000000DE
:10C3E000F40300202000000072C7010800000000D4
:10C3F00000000000000000006A6B005EBCE2613FCC
:10C40000DD83C29C7E20A3FD1F419DC3217FFCA232
:10C41000401E5F01E3BD3E6082DC237D9FC1421C64
:10C42000FEA0E1BF5D0380DE3C62BEE0025CDF8116
:10C43000633D7C22C09E1D43A1FF4618FAA42779C4
:10C440009BC584DA3866E5BB5907DB856739BAE4F2
:10C4500006581947A5FB7826C49A653BD987045A24
:10C46000B8E6A7F91B45C6987A24F8A6441A99C7D6
:10C47000257B3A6486D85B05E7B98CD2306EEDB384
:10C48000510F4E10F2AC2F7193CD114FADF3702EB2
:10C49000CC92D38D6F31B2EC0E50AFF1134DCE90E4
:10C4A000722C6D33D18F0C52B0EE326C8ED0530D96
:10C4B000EFB1F0AE4C1291CF2D73CA947628ABF544
:10C4C00017490856B4EA6937D58B5709EBB5366872
:10C4D0008AD495CB2977F4AA4816E9B7550B88D6A4
:10C4E000346A2B7597C94A14F6A8742AC896154B56
:10C4F000A9F7B6E80A54D7896B3500006BC6010866
:10C50000000000000000000000000000000000002B
:10C51000000000007BC601080000000000000000D1
:10C520000000000000000000000000003A535444E6
:10C53000494E003A5354444F5554003A53544445DD
:10C540005252000000000000000000010203040637
:10C55000070809000000000102030400061016008D
:10C5600006101653746172742E2E2E0D0A004D6F34
:10C57000746F7220636D643A20253032580A004887
:10C5800049440049444C4500546D7251005345479D
:10C590004745520052545400562564560073627544
:10C5A000735F646174615F72656164795F30315F8C
:10C5B00000736275735F646174615F726561647951
:10C5C0005F6576656E745F00546D7220537663000C
:10C5D0007370695F74785F66696E6973686564001B
:10C5E000626C7565746F6F74685F74785F69646C92
:10C5F00065007061636B65745F74785F69646C6516
:10C600000073657269616C5F736572766F5F7278D3
:10C610005F636F6D706C65746500555342485F5180
:10C6200075657565006D6F76696E675F6374726CB2
:10C630005F7175657565006C76676C5F6576656EB4
:10C64000745F717565756500626C7565746F6F7484
:10C65000685F74785F7175657565007061636B659F
:10C66000745F74785F7175657565006C6564315FC2
:10C670006374726C5F71757175650062757A7A6545
:10C6800072315F6374726C5F71757175650064659A
:10C690006661756C745461736B00756C7472617350
:10C6A0006F6E69635F7461736B00626C7565746F44
:10C6B0006F74685F7461736B006775695F74617331
:10C6C0006B006170705F7461736B00696D755F748E
:10C6D00061736B00736275735F72785F7461736B03
:10C6E000007061636B65745F72785F7461736B0077
:10C6F0007061636B65745F74785F7461736B005411
:10C7000065726D696E616C00716D69383635385FC0
:10C71000696E6974206661696C006C65645F746938
:10C720006D657200626174746572795F63686563D8
:10C730006B5F74696D6572006C76676C5F74696DB0
:10C74000657200627574746F6E5F74696D657200F6
:10C7500062757A7A65725F74696D657200716D6970
:10C76000383635385F696E69742073756363657335
:10C7700073006C776D656D5F6D7574657800494DFC
:10C78000555F646174615F726561647900706163B3
:10C790006B65745F72785F6E6F745F656D707479CE
:10C7A0000000000000C90108000000205000000047
:10C7B000C401000850C90108500000200880010091
:10C7C000E001000850C9010800C001205400000029
:10C7D000E00100081C00000043000000F8FFFFFF1C
:10C7E0000C0000000E0000000F0000002E000000F2
:10C7F0001001000043000000F8FFFFFF0040404030
:10C800004040404040404141414141404040404023
:10C8100040404040404040404040404040050202CF
:10C82000020202020202020202020202022020208E
:10C8300020202020202020020202020202029090EA
:10C8400090909090101010101010101010101010E8
:10C85000101010101010101002020202020288883C
:10C860008888888808080808080808080808080848
:10C870000808080808080808020202024000000030
:10C8800000000000000000000000000000000000A8
:10C890000000000000000000000000000000000098
:10C8A0000000000000000000000000000000000088
:10C8B0000000000000000000000000000000000078
:10C8C0000000000000000000000000000000000068
:10C8D0000000000000000000000000000000000058
:10C8E0000000000000000000000000000000000048
:10C8F0000000000000000000000000000000000038
:10C900000000000000000000000000000024F4000F
:10C9100010000000AAAAAAAA7FC50108030000000F
:10C9200009D2000885D100083DCC0008F9D50008DF
:10C93000C1D7000800000000000000100000010046
:10C9400028DF002000980000000000000000000028
:040000050800018965
:00000001FF
