:020000040800F2
:10000000F0750120610200080F480008293500083A
:100010000D480008CD050008CD550008000000007F
:10002000000000000000000000000000A101000826
:100030009906000800000000FD010008514A000870
:100040007B0200087B0200087B0200087B0200089C
:100050007B0200087B0200087B0200087B0200088C
:100060007B0200087B0200087B0200087B0200087C
:100070007B0200087B0200087B0200087B0200086C
:100080007B0200087B0200087B0200087B0200085C
:100090007B0200087B0200087B0200087B0200084C
:1000A0007B0200087B0200087B0200087B0200083C
:1000B000254B0008614B00089D4B00087B0200089F
:1000C0007B0200087B0200087B02000899480008B8
:1000D0007B020008B95500087B0200087B0200087B
:1000E000AD0600087B0200087B020008B14C000846
:1000F000054D0008F94C00087B0200087B0200084F
:100100007B0200087B020008D94B00087B02000834
:100110007B020008CD5000087B020008154C000847
:100120007B0200087B020008D1050008DD050008FD
:100130007B0200087B0200087B0200087B020008AB
:100140007B0200087B0200087B0200087B0200089B
:100150007B0200087B020008E90500087B0200081A
:100160007B0200087B0200087B0200087B0200087B
:100170007B0200087B0200087B02000800000000F0
:100180007B0200087B020008DFF810D000F006F9BF
:1001900000480047B16D0008AFF30080F075012002
:1001A0002C4B19680868B0E8F04F80F30988BFF35A
:1001B0006F8F4FF0000080F311887047000000003F
:1001C00008480068006880F308884FF0000080F35A
:1001D000148862B661B6BFF34F8FBFF36F8F00DF35
:1001E00000BF00BF08ED00E0DFF80C00016841F43B
:1001F00070010160704700BF88ED00E0EFF30980F7
:10020000BFF36F8F134B1A681EF0100F08BF20ED5D
:10021000108A20E9F04F106009B44FF0500080F3CD
:100220001188BFF34F8FBFF36F8F0AF0A5FC4FF01B
:10023000000080F3118809BC19680868B0E8F04F25
:100240001EF0100F08BFB0EC108A80F30988BFF3CE
:100250006F8F70476C000020EFF30580704700003F
:100260000648804706480047FEE7FEE7FEE7FEE750
:10027000FEE7FEE7FEE7FEE7FEE7FEE7094B0008C4
:10028000890100082DE9F05F0546002092469B4653
:1002900088460646814640241BE02846414647469C
:1002A000224600F06AF853465A46C01A914110D3CC
:1002B00011461846224600F051F82D1A67EB010846
:1002C0004F4622460120002100F048F817EB0009B4
:1002D0004E41201EA4F10104DFDC484631462A4687
:1002E0004346BDE8F09F10B5431A934209D28318E4
:1002F000881803E010F8011D03F8011D521EF9D201
:1003000010BD40EA01039B0703D009E008C9121F92
:1003100008C0042AFAD203E011F8013B00F8013BBF
:10032000521EF9D210BDD2B201E000F8012B491ED5
:10033000FBD270470022F6E710B513460A46044682
:100340001946FFF7F0FF204610BD034611F8012BB8
:1003500000F8012B002AF9D118467047202A04DB47
:10036000203A00FA02F1002070479140C2F12003C8
:1003700020FA03F3194390407047202A04DB203A07
:1003800021FA02F00021704721FA02F3D040C2F1B5
:10039000200291400843194670470000064C074D63
:1003A00006E0E06840F0010394E807009847103445
:1003B000AC42F6D3FFF7ECFE10CA000830CA0008C2
:1003C00070B58C1810F8015B15F0070301D110F817
:1003D000013B2A1106D110F8012B03E010F8016B44
:1003E00001F8016B5B1EF9D12B0705D40023521EC7
:1003F0000DD401F8013BFAE710F8013BCB1A921C2F
:1004000003E013F8015B01F8015B521EF9D5A1422C
:10041000D8D3002070BD10B50146806B026C12F07D
:10042000500F05D0026CD20626D500F0F9F910BDA8
:10043000016C41F40071016401688A6812F0405F48
:1004400017D1027EAAB9CA6A12F4700F02D08A6864
:1004500052050ED44A6822F020024A60016C21F451
:1004600080710164016CC90403D4016C41F0010185
:10047000016400F0D3F910BD806BC26CBDE8104080
:100480000846104710B5806B40210164416C41F073
:100490000401416400F0C4F910BD10B5806B00F098
:1004A000BEF910BD464910B54A6822F440324A6090
:1004B0004A6843681A434A6001684A6822F48072B5
:1004C0004A6001684A68036942EA03224A60016897
:1004D0004A6822F040724A6001684A6883681A4399
:1004E0004A6001688A6822F400628A6001688A684A
:1004F000C3681A438A60816A6FF07062D1420168F2
:100500008A6822F070628A6001688A680CD0836A07
:100510001A438A6001688A6822F040528A60016842
:100520008A68C36A1A4301E022F040528A60016877
:100530008A6822F002028A6001688A68037E42EAC1
:1005400043028A6090F82010002901684A680FD0A1
:1005500042F400624A6001684A6822F460424A60DC
:1005600001684A68174C436A04EB43331A4301E0BD
:1005700022F400624A600168CA6A22F47002CA6208
:100580000168CA6A838B104C04EB03531A43CA6296
:1005900001688A6822F400728A6001688A6890F8AB
:1005A000303042EA43228A6001688A6822F480621D
:1005B0008A6001688A68406942EA8020886010BDCC
:1005C0000023014000E0FFFF0000F0FFFEE7000015
:1005D000014800F0CBBA0000A40F0020014800F051
:1005E000C5BA0000A0060020014800F0BFBA000014
:1005F0000410002001681823CAB2103AB2FBF3F2CB
:10060000054B6FF30901032A9B5CC36500D9091DE3
:10061000816508467047000020BD000810B50146FE
:1006200000208B698A6A4FF0C07453B1B3F5005F44
:1006300015D072B1012A0CD0022A0AD0032A09D19E
:1006400004E01AB1012A06D0022A03D1C96AC901FD
:1006500000D5012010BDC96AA142FAD010BD002A00
:10066000F7D0012AF2D0022AF3D0032AF3D010BD2A
:1006700030B50468256825F480252560046863602A
:100680008368402B036803D099600068C26030BD66
:100690009A600068C16030BD70470021C0EBC000A7
:1006A00001E000BF491C8842FBD87047054801683B
:1006B000C90405D5811401600348006806F0F2BF43
:1006C00070470000143C01404400002072B6FEE771
:1006D00078B50024009490F83C20012A19D001221A
:1006E00080F83C200A6807230568092A13D9EE68B8
:1006F0000A3A02EB420293409E43EE600B788A680E
:100700000A3B03EB43039A400368DD682A43DA603F
:1007100010E0022078BD2E6902EB420293409E4316
:100720002E610B788A6803EB43039A4003681D69C6
:100730002A431A614A681F23072A13D205686E6B81
:10074000521E02EB820293409E436E630B790A882D
:100750005B1E92B203EB83039A4003685D6B2A43EE
:100760005A6327E005680D2A12D22E6BD21F02EBC6
:10077000820293409E432E630B790A88DB1F92B25C
:1007800003EB83039A4003681D6B2A431A6311E04D
:10079000EE6A0D3A02EB820293409E43EE620B79C1
:1007A0000A880D3B92B203EB83039A400368DD6A2B
:1007B0002A43DA62164B0568144A9D4206D10D6839
:1007C000122D03D1556845F48005556005689D429A
:1007D00018D10B68102B01D0112B13D1536843F49F
:1007E00000035360096810290CD10A490A4A0968B4
:1007F000B1FBF2F101EB8101490000E0491E0091DB
:100800000029FBD180F83C40002078BD0023014046
:10081000002001405C00002040420F0070477047FC
:10082000704770B504004FF0000503D0206C00261F
:1008300010B107E0012070BD204600F01DF866648D
:1008400084F83C60206CC00610D4206C20F48850E2
:1008500040F0020020642046FFF724FE6664206C0E
:1008600020F0020040F00100206400E0012584F83F
:100870003C60284670BD000070B586B00646142165
:100880006846FFF757FD1D493068884234D11C483F
:100890000025016841F480710160006800F48070F7
:1008A000059017481438016841F0020101600068A2
:1008B000694600F002000590012000900320CDE978
:1008C0000105104800F0C4FA104C0F48C4E90005B7
:1008D0000015A560C4E90350400060618000A0617C
:1008E0004011C4E907052046656200F00FFA08B11F
:1008F000FFF7ECFEB463A66306B070BD00200140B4
:100900004438024000040240106402406C0500209C
:10091000F8B5044600200E46009094F83C100129DA
:1009200007D0012184F83C1021688B68DB0702D0D6
:1009300011E00220F8BD8B6843F001038B60404951
:10094000404B0968B1FBF3F101EB410100E0491EA6
:1009500000910029FBD121688B68DB0503D58B68EA
:1009600023F480738B6021688B68DB075DD0236C78
:1009700040F20165AB4343F4807323644968490541
:1009800005D5216C21F4005141F480512164216C82
:10099000C90404D5616C21F00601616400E0606463
:1009A00084F83C00A16B2948274DC863A16B2848F7
:1009B0000864A16B2748C86421686FF022000860B2
:1009C0002068416841F0806141602068816841F49D
:1009D000807181602168134632464C31A06B00F073
:1009E000FFF968681C49C006206806D0884224D1F7
:1009F000816811F0405F13D01FE08842F8D0174A99
:100A0000904203D1D1F80423D206F1D0144A904287
:100A100013D1D1F8041301F01F011029E8D30CE021
:100A2000816841F08041816007E0206C40F0100057
:100A30002064606C40F0010060640020F8BD00009C
:100A40005C00002040420F00002301401704000812
:100A50009B0400088504000800200140002101409B
:100A60000022014010B5040002D0607910B106E008
:100A7000012010BD00202071204600F005F8012063
:100A80006071002010BD000008B50068064988426A
:100A900008D10648016841F480510160006800F403
:100AA0008050009008BD0000003002403038024005
:100AB0002DE9F0410446876D00F0CCFA064694F823
:100AC00035000025022806D08020606584F8345067
:100AD0000120BDE8F0812068016821F01601016065
:100AE0002068416921F080014161206C08B9A06C47
:100AF00020B12068016821F00801016020680168C8
:100B000021F0010101600CE000F0A4FA801B05282F
:100B100007D920206065032084F8350084F834501C
:100B2000D7E720680068C007EED194F85C103F203A
:100B30008840B860012084F8350084F834500020E3
:100B4000C7E790F83510022903D0802141650120C4
:100B50007047052180F835100068016821F0010117
:100B6000016000207047406D704700002DE9F84398
:100B700004464FF00009CDF8009063484FF4165139
:100B8000A56D0068B0FBF1F72E6894F85C100820A2
:100B900000FA01F131420FD021680A6852070BD5E3
:100BA0000A6822F004020A6094F85C108840A86089
:100BB000606D40F00100606594F85C104FF0010832
:100BC00008FA01F0304208D021684969090604D5C5
:100BD000A860606D40F00200606594F85C1004202D
:100BE0008840304208D021680968890704D5A86088
:100BF000606D40F00400606594F85C10102088403F
:100C0000304218D021680968090714D5A860206807
:100C10000168490304D50068000308D5A16C07E00A
:100C20000168C90503D4016821F008010160216C45
:100C300009B12046884794F85C1020208840304253
:100C400031D021680968C9062DD5A86094F835000F
:100C500005282068016806D0490347D500680003CD
:100C60001DD4616C1CE021F016010160206841690F
:100C700021F080014161206C08B9A06C20B120688E
:100C8000016821F00801016094F85C103F20884061
:100C9000A86084F8358084F83490216D1FE0E16B02
:100CA00009B120468847606D00282BD0606DC007D1
:100CB00014D0052084F835002068016821F0010176
:100CC00001600098401C0090B84203D8206800687A
:100CD000C007F6D184F8358084F83490E16C00299F
:100CE00010D001B02046BDE8F04308470168C905AF
:100CF000D5D4016821F01001016084F8358084F8B2
:100D00003490CCE7BDE8F8835C0000202DE9F04189
:100D1000044600F09FF906465CB1022084F83500D5
:100D2000002584F834502068016821F00101016039
:100D30000DE00120BDE8F08100F08CF9801B052852
:100D400005D920206065032084F83500F2E720688B
:100D50000068C007F0D12268116820480140D4E93A
:100D600001031843D4E90336334318436369184336
:100D7000A3691843E3691843236A18430843616A67
:100D8000042903D1D4E90B131943084310602068E8
:100D90004069666A20F0070130460E4301270428A7
:100DA0000CD1A06A0643E06A40B12046FFF736FC4A
:100DB00020B14020606584F83570BAE7206846614C
:100DC0002046FFF717FC94F85C203F21914081609A
:100DD000656584F835700020ACE700003F8010F0B6
:100DE0002DE9F0410446866D90F834000025012875
:100DF0000DD0012084F8340094F835700020012FC4
:100E000007D084F8340002252846BDE8F08102208E
:100E1000FBE7022784F8357060652046FFF728FC61
:100E200094F85C103F208840B0602068016841F071
:100E300016010160206C20B12068016841F00801B2
:100E400001602068016841F001010160DCE70000F9
:100E50002DE9F84FDFF8BCA10022012503264FF051
:100E60000F090AF1040BAAF1040E00BF0B6805FA82
:100E700002F42340A34270D10F7907F00307012F3A
:100E800001D0022F16D187684FEA420806FA08FC03
:100E900027EA0C07D1F80CC00CFA08FC4CEA070C46
:100EA000C0F808C04768A7430C79C4F30014944005
:100EB0003C4344600C79E443A4070AD0C4684FEA79
:100EC000420C06FA0CF7BC438F6807FA0CF727436D
:100ED000C7600C7904F00304022C12D1D40800EB93
:100EE000840CDCF820405707FF0E09FA07F824EAC3
:100EF0000804D1F8108008FA07F848EA0408CCF88A
:100F0000208004684FEA420C06FA0CF7BC430F79C4
:100F100007F0030707FA0CF7274307604C6814F43F
:100F2000403F70D03C4C276847F4804727602468D6
:100F300022F0030704F480440094384C07EB040CBF
:100F4000DCF8084897074FEA177809FA08F7BC4316
:100F5000334FB84202D1002724E054E0314FB84269
:100F600001D101271EE0304FB84201D1022719E01C
:100F70002E4FB84201D1032714E02D4FB84201D1C2
:100F800004270FE02B4FB84201D105270AE02A4F72
:100F9000B84201D1062705E0284FB84201D1072702
:100FA00000E0082707FA08F72743CCF80878DAF8B2
:100FB00000405746D1F804C09C435FEACC2C00D5D2
:100FC0001C433C60DBF800405F46D1F804C09C4302
:100FD0005FEA8C2C00D51C433C60DEF8004077466D
:100FE000D1F804C09C435FEA8C3C00D51C433C60B4
:100FF000084F083F3C68D1F804C09C435FEACC3CF2
:1010000000D51C433C60521C102AFFF42FAFBDE8F2
:10101000F88F0000083C0140443802400030014095
:10102000000002400004024000080240000C0240A0
:10103000001002400014024000180240001C024050
:101040000069084000D0012070470AB181617047F3
:101050000904FBE701488068704700006000002039
:1010600090F83C10012912D0012100F83C1F2421E6
:10107000417050F83C1CCA6822F00C0242F0040295
:10108000CA6020214170002101700846704702208B
:10109000704790F83C10012912D0012100F83C1F44
:1010A0002421417050F83C1CCA6822F00C0242F026
:1010B0000802CA6020214170002101700846704773
:1010C0000220704770B5040004D094F83D0000255C
:1010D00010B10DE0012070BD84F83C50204604F0B2
:1010E00015F9E06E08B91648E066014620468847C3
:1010F000242084F83D002068C16821F40051C160BB
:10110000204604F089F92068016921F490410161C9
:101110002068416921F0220141612068416941F064
:10112000080141612068C16841F40051C160256433
:10113000202084F83D0084F83E00002070BD0000AF
:101140008132000870B5040025D094F83D000025D8
:1011500020B984F83C50204600F0E2FA242084F8BC
:101160003D002068016821F00101016020680168EC
:1011700041F4004101602068016821F400410160F0
:1011800000F0C2FC4D4A6168914201D84C4900E030
:101190004C49884201D2012070BD4B492368B0FB05
:1011A000F1F15E6826F03F060E435E60636893428D
:1011B00006D94FF4967359434FF47A73B1FBF3F1A8
:1011C0002368491C1E6A26F03F0631431962616894
:1011D000914210D84900401EB0FBF1F2521CC2F3FC
:1011E0000B02042A01D2042022E0B0FBF1F0401CE3
:1011F000C0F30B001CE0A268F2B301EBC10303EBE8
:101200000116431EB3FBF6F35B1C43F480431B053E
:1012100049D092B301EBC10202EB0111401EB0FBB9
:10122000F1F0401CC0F30B0040F4804040F400405B
:101230002168CA694CF6FF739A431043C861D4E928
:10124000071001432068026822F0C00211430160C8
:10125000D4E9030101432068826848F2FF339A43CE
:1012600011438160D4E9050108432168CA6822F06E
:10127000FF021043C86001E00EE016E0206801683C
:1012800041F0010101602564202084F83D002563C0
:1012900084F83E50002070BD01EB4106431EB3FBB5
:1012A000F6F35B1CB3E70120C2E701EB4101401EEE
:1012B000B0FBF1F0401CC0F30B00B7E7A0860100C3
:1012C00080841E0000093D0040420F002DE9F84FC8
:1012D0001F4690468A460446DDF82890FFF7BAFE7E
:1012E000054694F83D0020287FD11923012240496A
:1012F0002046009502F0A6FA002876D194F83C002A
:10130000012872D0012084F83C0020680168C907D8
:1013100003D1016841F0010101602068016821F4F6
:1013200000610160212084F83D00102084F83E0017
:1013300000262664C4F824806785608D20852D48AA
:10134000E0622B464A465146204602F005F990B924
:10135000206841698069009036E02A464946204667
:1013600002F022FB50B1206C042804D120680168EF
:1013700041F4007101600120BDE8F88F606A2168C6
:1013800000780861606A401C6062618D491E618559
:10139000218D491E89B2218522685369DB435B0791
:1013A0000BD451B100781061606A401C6062608D9E
:1013B000401E6085208D401E20852A4649462046D5
:1013C00002F01AFA0028CED1208D0028C5D154F899
:1013D0003D0B016841F400710160202004F81E09F2
:1013E000E67766770020C7E7FFE70220C4E7000042
:1013F000020010000000FFFF2DE9FF4F83B09A4666
:10140000DDE9119793460446DDF84080FFF722FEA0
:10141000054694F83D00202870D119230122714916
:101420002046009502F00EFA0028F5D194F83C0011
:10143000012863D0012084F83C0020680168C907B6
:1014400003D1016841F0010101602068016821F4C5
:1014500000610160222084F83D00402084F83E00B5
:1014600000262664C4F82480A4F82A90608D208584
:101470005D48E062CDE9007553465A46204604991E
:1014800002F0B8F800287CD1208DD0B1012821D0FD
:101490000228206824D0416980690090208D0328AB
:1014A00069D801282BD0514902283B464FF0000251
:1014B000009559D08846204602F0C4F9002860D132
:1014C0003CE02068416981690091016841F4007144
:1014D000016077E02068016821F480610160F0E735
:1014E000016821F4806101602068016841F40061B5
:1014F0000160206841698069009063E06FE02A46DE
:101500003946204602F01DFA98BB20680069616ADE
:1015100008704EE02068016841F4007101602068A5
:101520000069616A0870606A401C6062218D491E12
:101530002185618D491E6185216838E02068016838
:1015400021F48061016020680069616A0870606A46
:10155000401C6062208D401E2085608D401E60858D
:101560003B46002241460095204602F06BF900B947
:10157000D0E706E0FFE72A463946204602F0E1F9C7
:1015800018B1012007B0BDE8F08F20680069616ADA
:101590000870606A401C6062218D491E2185618D42
:1015A000491E618521684A69D24352070AD40969F4
:1015B0000170606A401C6062208D401E2085608D35
:1015C000401E6085208D00287FF468AF202084F8BD
:1015D0003D0084F83E6084F83C600020D2E70220A1
:1015E000D0E70000020010000000FFFF040001002F
:1015F0002DE9FF4F83B09A46DDE9119793460446E3
:10160000DDF84080FFF726FD054694F83D002028D0
:101610007FD11923012240492046009502F012F99A
:10162000002876D194F83C00012872D0012084F87B
:101630003C0020680168C90703D1016841F001013D
:1016400001602068016821F400610160212084F8B4
:101650003D00402084F83E0000262664C4F8248023
:10166000A4F82A90608D20852C48E062CDE90075B1
:1016700053465A462046049902F03AF870B930E0D1
:101680002A463946204602F08FF958B1206C0428CA
:1016900004D12068016841F400710160012007B0A5
:1016A000BDE8F08F606A216800780861606A401CBC
:1016B0006062218D491E89B22185628D521E62852C
:1016C00022685369DB435B070BD469B10078106172
:1016D000606A401C6062208D401E2085608D401E27
:1016E0006085208D0028CBD12A463946204602F05D
:1016F00083F80028CAD154F83D0B016841F4007109
:101700000160202004F81E09E67766770020C6E70E
:10171000FFE70220C3E70000020010000000FFFF07
:1017200010B586B0044614216846FEF703FE13493F
:101730002068884220D11248016841F0020101600E
:101740000068694600F002000590C0200090122059
:101750000190012002900320039004200490094886
:10176000FFF776FB06481030016841F40011016074
:10177000006800F40010059006B010BD0054004051
:10178000303802400004024070B5040011D02168D6
:101790004CF6CC400860216845F255500860D4E909
:1017A000000141602168A0688860FFF753FC05468E
:1017B0000DE0012070BD00BFFFF74CFC401B31283D
:1017C00005D92068C068800701D0032070BD20685B
:1017D000C0688007F0D121684AF6AA20086000207E
:1017E00070BD00684AF6AA21016000207047000021
:1017F00002488168027811448160704760000020CF
:101800000B4810B5016841F400710160016841F4B2
:1018100080610160016841F480710160032000F083
:101820009FF80F2000F006F800F050F8002010BDDF
:10183000003C024030B505461F4887B000240168CF
:1018400041F480710160006806A900F48070009086
:1018500001A800F039F90498A8B100F055F940004A
:101860001649174AB0FBF1F11648491E026040F2D2
:10187000E732C0E90324C0E90114846100F0A2FD4D
:10188000040003D015E000F03FF9E9E70D4800F04F
:1018900033FE04000DD12D2000F034F8102D07D2B6
:1018A000002229462D2000F03BF80748056000E0A3
:1018B000012407B0204630BD4038024040420F00AE
:1018C0000020004064100020640000200C4882B01A
:1018D000016841F480410160006800F4804000909C
:1018E0000748001F016841F0805101600068002234
:1018F00000F0805000900F21901E02B000F010B850
:1019000044380240002809DB00F01F020121914009
:101910004009800000F1E020C0F80011704700008D
:10192000F0B40E4B1B680C46C3F30223C3F107054A
:10193000042D00D90425191D072901D2002300E038
:10194000DB1E012606FA05F1491E214099409E4002
:10195000761E16403143F0BC03F008BF0CED00E0EA
:10196000064900F0070208684FF6FF03184040EAF6
:101970000220034A10430860704700000CED00E0AD
:101980000000FA05704700002DE9F0470E460500FB
:1019900065D0DFF81481D8F80000F7B200F0070036
:1019A000B04207D288F80070D8F8000000F00700B5
:1019B000B04254D128683D4C810712D5400703D569
:1019C000206840F4E05020602878000703D52068A4
:1019D00040F4604020602068A96820F0F0000843CF
:1019E00020602878C0072DD0304968680839012860
:1019F00012D0022813D0032811D0096889070029C2
:101A00002DDA216821F0030101432160FFF722FB59
:101A1000814641F2883A0EE009688903EFE70968D8
:101A20008901ECE7FFF716FBA0EB0901514502D94C
:101A30000320BDE8F0872068696800F00C00B0EB77
:101A4000810FEFD1D8F80010404601F00701B142F4
:101A500007D90770006800F00700B04201D00120EC
:101A6000E7E72878400705D52068E96820F4E050CA
:101A7000084320602878000706D52068296920F4EB
:101A8000604040EAC100206000F05EF82168084A2A
:101A9000C1F30311515CC84006490860064800685C
:101AA000FFF7C8FE0020C4E7003C024008380240AF
:101AB00008BD00085C0000206400002001490120EE
:101AC000C8647047000047420F2202600C4A136846
:101AD00003F003034360136803F0F00383601368AB
:101AE00003F4E053C36012684FF4E05303EAD202F8
:101AF00002610448006800F00700086070470000B9
:101B000008380240003C0240044805490068096862
:101B1000044AC1F38221515CC84070475C00002038
:101B20000838024018BD00080448054900680968E3
:101B3000044AC1F34231515CC84070475C00002048
:101B40000838024018BD0008104810B5006810F0B1
:101B50000C010F4818D0042916D0082914D10B4CB9
:101B6000241F216801F03F02216821680023C1F38E
:101B70008811A1FB0001FEF785FB2168C1F301413B
:101B8000491C4900B0FBF1F010BD000008380240CC
:101B90000024F400054810B50068000605D5FFF7DD
:101BA000F1FE02498020891C087010BD0C380240EB
:101BB0002DE9F84F04006ED02078DFF84C93C00771
:101BC000A9F104054AD009F104000168C1F38101BB
:101BD000012908D00068C0F3810002280AD1D9F891
:101BE0000000400206D52868800337D560680028C9
:101BF000E1D033E06068B0F5803F10D0B0F5A02FA1
:101C0000286810D020F480302860286820F48020D4
:101C100028606068A8B1FFF71DFA06460DE0286845
:101C200040F48030F4E740F480202860F7E700BFFC
:101C3000FFF710FA801B642873D828688003F7D553
:101C40000CE0FFF707FA064605E000BFFFF702FACF
:101C5000801B6428F0D828688003F7D42078DFF848
:101C6000AC8280074FF0000A3ED5A748001D0168EE
:101C700011F00C0F08D00068C0F3810002280BD1CE
:101C8000D9F80000400207D42868800716D5E0681C
:101C9000012800D112E033E1E068B8B10120C8F8B2
:101CA0000000FFF7D7F9064605E000BFFFF7D2F9BD
:101CB000801B0228C0D828688007F7D528682169CA
:101CC00020F0F80040EAC10028600DE0C8F800A04C
:101CD000FFF7C0F9064604E0FFF7BCF9801B0228B5
:101CE0001FD828688007F7D42078000722D5864FB0
:101CF00087486169703771B101210160FFF7AAF966
:101D0000064604E0FFF7A6F9801B022809D83868C8
:101D10008007F7D50EE0C0F800A0FFF79BF9064654
:101D200005E082E0FFF796F9801B02287DD838682D
:101D30008007F7D42078400768D5DFF8CCB10027BA
:101D40000BF13C0BDBF80000C0000BD4DBF80010FB
:101D500041F08051CBF80010DBF80000012700F0C3
:101D6000805000906B4E3068C00510D4306840F44D
:101D700080703060FFF76EF9009005E0FFF76AF9B8
:101D80000099401A022850D83068C005F6D55E4E3A
:101D9000A0686C3601280FD00528306810D020F0DC
:101DA00001003060306820F004003060A068B8B1F5
:101DB000FFF750F900900FE0306840F00100F4E7C1
:101DC00040F004003060F7E7FFF744F90099411A4A
:101DD00041F28830814266D830688007F4D50EE041
:101DE000FFF738F9009007E0FFF734F90099411A3E
:101DF00041F28830814256D830688007F4D42FB140
:101E0000DBF8001021F08051CBF80010A069C8B3B6
:101E10003D49091D0968C1F3810102294AD0022800
:101E2000504607D0C8F8600000E03CE0FFF712F928
:101E300004463BE04746C8F86000FFF70BF906464A
:101E400005E000BFFFF706F9801B02282BD82868A1
:101E50008001F7D4D4E907010843A16A2E4A490852
:101E600002EB0141626A41EA8211084394F82C10A6
:101E700040EA0161C9F8001001203866FFF7EAF86E
:101E8000044606E03EE000BFFFF7E4F8001B02282E
:101E900009D828688001F7D534E000BFFFF7DAF8E9
:101EA000001B022802D90320BDE8F88F28688001B2
:101EB000F4D427E00128F7D0D9F80000E26900F453
:101EC000800191421CD1226A00F03F01914217D15A
:101ED00047F6C071626A0140B1EB821F10D1A26A5D
:101EE0004FF0FF3300F4403103EB5202B1EB024FED
:101EF00006D194F82C1000F07060B0EB016F01D0A7
:101F00000120D1E70020CFE704380240000047421B
:101F1000800E4742007000400000FFFF704770478E
:101F200038B5016804464A688868C043430606D548
:101F3000C30704D1D3435B0601D4216C64E083075B
:101F400004D4D3431B0601D4616C5DE0830603D542
:101F5000430601D5C30551D4D3439B064ED4430653
:101F60000AD494F85130032B49D0636D43F0040335
:101F70006365CB688B680093830609D4636D43F077
:101F8000010363658B6800930B6823F040030B60CB
:101F9000C00506D4606D40F0080060652068806868
:101FA0000090606D002829D02068416821F0E00190
:101FB0004160012084F85100900701D4D00722D05D
:101FC0002068416821F003014160124DE06C40B18E
:101FD0000565E06CFEF7B5FD18B1606D40F040009E
:101FE0006065A06C002809D00565A06CFEF7A9FD0E
:101FF000002803D0606D40F04000606538BDC868BF
:102000008868009038BD216F01B02046BDE830409F
:1020100008470000A548000870B5040009D0606AB0
:10202000002540B125616561A56294F8510040B179
:1020300020E0012070BD6068B0F5827FF4D0E561DA
:10204000F2E784F850502D48A0652D48E0652D48F2
:1020500020662D4860662D48A0662D48E0662D4814
:1020600020672D486067A06F08B92C48A06701461B
:1020700020468847022084F851002068016821F03A
:1020800040010160A088218900F4827001F40441BC
:102090000843A18901F400610843217C01F0020199
:1020A0000843217D01F001010843218B01F40071F7
:1020B0000843217F01F03801084394F8201001F013
:1020C00080010843218D01F4005108432168086014
:1020D000A069042101EA104094F8241001F01001D5
:1020E0000843216848602068C16921F40061C1612A
:1020F0006565012084F85100002070BDD1220008E0
:10210000F5210008D5220008D3220008F721000895
:10211000D72200081F1F00081D1F000821210008EA
:102120002DE9F04387B0064614216846FEF702F910
:102130002B493068884250D12A480025016841F473
:1021400080510160006800F48050059025481438E3
:10215000016841F0010101600068022700F0010000
:10216000059020200124CDE90007DFF87C90CDE91F
:1021700002544FF005086946CDF810804846FEF736
:1021800067FE80200090CDE90174CDE903486946DF
:102190004846FEF75DFE164C144820604FF0C060C4
:1021A00060604020C4E902050001C4E904054FF461
:1021B0004030A561C4E9075020466562FEF7A6FDE0
:1021C00008B1FEF783FAB464002205212320A66338
:1021D000FFF7A6FB2320FFF795FB07B0BDE8F083D0
:1021E0000030014044380240000002405864024080
:1021F000A0060020704770472DE9F041044690F892
:1022000050000026012809D0012784F8507094F866
:1022100051000025012804D002264EE00220BDE82E
:10222000F08189B182B1032084F851006565216392
:10223000A286E286A56365642564A587E587A06814
:10224000B0F5004F02D00BE0012636E020680168AF
:1022500021F0400101602068016841F48041016083
:10226000A16C18480864A16C1748C863A16C174892
:10227000C864A06C0565E38E2268216B0C32A06CEB
:10228000FEF7AEFD38B1606D40F0100060650126CC
:1022900084F8517011E020680168490603D4016890
:1022A00041F0400101602068416841F02001416037
:1022B0002068416841F00201416084F85050304686
:1022C000ADE70000CF480008D5480008B148000835
:1022D000704770477047704770477047704710B538
:1022E00090F83C20012A22D0012280F83C20CA68C4
:1022F0008C6822F4407222434C6822F480622243AC
:102300000C6822F4006222430C6922F480522243BA
:102310004C6922F400522243C969002322F480420E
:102320000A4301684A6480F83C30002010BD022056
:1023300010BD000070B590F83C20012A32D0012475
:1023400080F83C40022280F83D2003685A689D686E
:1023500022F070060A6832435A60134B02689A42B0
:1023600014D0B2F1804F11D0104B9A420ED0104BC6
:102370009A420BD00F4B9A4208D00F4B9A4205D08D
:102380000E4B9A4202D00E4B9A4204D1496825F076
:1023900080031943916080F83D40002180F83C1093
:1023A000084670BD022070BD0000014000040040DE
:1023B00000080040000C00400004014000400140C3
:1023C0000018004010B5040003D094F83D0010B18F
:1023D0000EE0012010BD002084F83C00204602F0F1
:1023E0000FFEA06C08B91148A0640146204688473A
:1023F000022084F83D00211D206802F0BBFC012072
:1024000084F8460084F83E0084F83F0084F84000D9
:1024100084F8410084F8420084F8430084F84400C2
:1024200084F8450084F83D00002010BD31240008E8
:1024300008B52949026829488A4207D1016841F054
:1024400001010160006800F001000BE02349244B0A
:10245000091F9A4208D1086840F020000860086807
:1024600000F02000009008BD1E4B9A4207D1016881
:1024700041F480310160006800F48030F2E71A4BCB
:102480009A4207D1016841F400310160006800F40C
:102490000030E7E7154B9A4207D1016841F48021EB
:1024A0000160006800F48020DCE71148824207D117
:1024B000086840F040000860086800F04000D1E77C
:1024C0000C488242CFD1086840F08000086008685C
:1024D00000F08000C6E700000000014044380240E0
:1024E0000014004000400140004401400048014009
:1024F00000180040001C004090F83D10012901D058
:1025000001207047022180F83D100168CA6842F03E
:102510000102CA6000681149884214D0B0F1804FAE
:1025200011D00F4988420ED00E4988420BD00E4977
:10253000884208D00D49884205D00D49884202D012
:102540000C49884204D1816801F00701062903D0B3
:10255000016841F001010160002070470000014066
:102560000004004000080040000C0040000401404E
:10257000004001400018004070B5044690F83C004F
:102580000025012817D0012684F83C60022084F839
:102590003D002068826822F0770222F47F42826048
:1025A0000868502838D00DDC20284FD005DC90B3C7
:1025B000102811D14AE0022070BD302846D04028B2
:1025C0000AD13BE060282FD070280DD0B0F5805F95
:1025D00003D0B0F5005F12D0012584F83D600020E3
:1025E00084F83C00284670BDCB68D1E90121206801
:1025F00002F031FC2068816841F0770109E0CB6886
:10260000D1E90121206802F026FC2068816841F4AC
:1026100080418160E1E719E0CA684968206802F0FA
:1026200025FD5021206806E0CA684968206802F04C
:102630002EFD6021206802F018FCCEE7CA684968C8
:10264000206802F013FD40212068F4E7226801466B
:102650001046F0E72DE9F0410D46040003D094F850
:102660003D0018B10FE00120BDE8F081002084F8A2
:102670003C00204602F0C4FC206F08B922482067C5
:10268000014620468847022084F83D002068816882
:1026900044F2070291438160211D206802F06AFB29
:1026A000216888688B690E6A2A68AF69024340F224
:1026B0000330834343EA0723A868EF6918434FF6C2
:1026C000FC439843EB6840EA0720034328692F6ADC
:1026D000000140EA073018436B686D6926F0AA06CE
:1026E00046EA05152B438A602168886154F8460B39
:1026F0000362012004F81F09E0752076E076207758
:10270000A0750020B0E700000D270008F0B587B0E5
:10271000044614216846FDF70DFE4C4923684B48DA
:102720001039022401260325494A4A4F4FF0000C74
:10273000B3F1804F1ED0DFF820E1734544D1026829
:1027400042F002020260006800F002000590086892
:1027500040F0020008600868694600F00200059039
:1027600030208DE81110CDE903543846FEF770FB98
:1027700007B0F0BD036843F001030360006800F098
:1027800001000590086840F001000860086800F04A
:1027900001000590086840F002000860086869467A
:1027A00000F0020005904FF400408DE85100CDE9A3
:1027B00003561046FEF74CFB08208DE85100CDE98A
:1027C000035669463846D1E7244FBB4222D10268FE
:1027D00042F004020260006800F0040005900868FE
:1027E00040F0080008600868694600F0080005909D
:1027F0004FF440508DE81110CDE903541848FEF70E
:1028000027FB002205211E20FFF78AF81E20FFF774
:1028100079F8ADE7134FBB42AAD1036843F0080330
:102820000360006800F008000590086840F00100AF
:1028300008600868CDE9005400F00100CDE90440CB
:10284000CDE902656946104690E700004038024035
:102850000000024000040240000400400008004064
:10286000000C0240000C004070B590F83E60044639
:1028700090F83F5090F8423090F84320022021B168
:1028800004290ED0012E1BD114E0012E18D1012BEA
:1028900016D184F83E0084F842000122002120680D
:1028A00020E0012D0CD1012A0AD184F83F0084F8E0
:1028B000430014E0012D03D1012B01D1012A01D0E5
:1028C000012070BD84F83E0084F83F0084F8420087
:1028D00084F8430001220021206802F0AFFA0122AF
:1028E0000421206802F0AAFA2068016841F0010181
:1028F0000160002070BD70477047704770B5044696
:10290000006801694FF00005C943890717D4C16801
:10291000C943890713D4E91E01610120207720688B
:102920008069800702D0D4F8901005E0D4F89810A0
:1029300020468847D4F89C10204688472577206891
:102940000169C943490719D4C168C943490715D466
:102950006FF004010161022020772068806910F483
:10296000407F02D0D4F8901005E0D4F898102046AB
:102970008847D4F89C10204688472577206801694D
:10298000C943090718D4C168C943090714D46FF0B3
:1029900008010161042020772068C069800702D007
:1029A000D4F8901005E0D4F8981020468847D4F861
:1029B0009C1020468847257720680169C943C906CD
:1029C00019D4C168C943C90615D46FF0100101615B
:1029D000082020772068C06910F4407F02D0D4F826
:1029E000901005E0D4F8981020468847D4F89C1041
:1029F00020468847257720680169C943C90709D15E
:102A0000C168C943C90705D1891E0161D4F8801086
:102A10002046884720680169C94309060AD4C1686D
:102A2000C943090606D46FF080010161D4F8B010E3
:102A30002046884720680169C94349060AD4C1680D
:102A4000C943490606D46FF040010161D4F88810EB
:102A50002046884720680169C94389060CD4C168AB
:102A6000C943890608D46FF0200101612046D4F8DB
:102A7000A810BDE87040084770BD000070B586B072
:102A8000044614216846FDF755FC2468284D0022B1
:102A9000284902232848AC4211D10C6844F01004A4
:102AA0000C600968029201F0100105914FF4D441C5
:102AB000CDE900130121CDE9033169460DE01F4E38
:102AC0000325B4420DD10C6844F010040C60096871
:102AD00001F010010591602110E0FEF7B9F906B090
:102AE00070BD174E1748B4420FD10C6844F0020471
:102AF0000C60096801F00201059181150091CDE992
:102B00000132CDE903256946E7E70F4EB442E6D12D
:102B10000C6844F002040C60096802AC01F0020188
:102B200005917115CDE9001384E82C006946D4E7BE
:102B300000000140303802400010024000400140D7
:102B400000440140000402400048014070B50446C2
:102B500090F83C00002501280FD0012084F83C00AB
:102B60006AB1042A0FD0082A11D00C2A13D00125EB
:102B7000002084F83C00284670BD022070BD20680B
:102B800002F07CF9F4E7206802F0A8F9F0E7206889
:102B900002F0DAF9ECE7206802F00AFAE8E7704799
:102BA00010B5040003D094F83D0010B10EE00120F0
:102BB00010BD002084F83C00204602F021FAA06DF0
:102BC00008B91148A065014620468847022084F8CC
:102BD0003D00211D206802F0CDF8012084F8460058
:102BE00084F83E0084F83F0084F8400084F84100F7
:102BF00084F8420084F8430084F8440084F84500D7
:102C000084F83D00002010BD0D2C0008704770B501
:102C1000044690F83C0000260D4601280FD0012004
:102C200084F83C006AB1042A1DD0082A2FD00C2A4F
:102C30003FD00126002084F83C00304670BD0220C1
:102C400070BD206802F01AF92068816941F008011E
:102C500081612068816921F00401816120688169B6
:102C60002A69114311E0206802F038F9206881696F
:102C700041F4006181612068816921F48061816192
:102C8000206881692A6941EA02218161D2E72068CE
:102C900002F05AF92068C16941F00801C161206859
:102CA000C16921F00401C1612068C1692A69114329
:102CB00011E0206802F07CF92068C16941F40061EC
:102CC000C1612068C16921F48061C1612068C16966
:102CD0002A6941EA0221C161ACE7000010B5040095
:102CE00003D094F83D0010B10EE0012010BD00208B
:102CF00084F83C00204602F083F9206E08B91148A0
:102D00002066014620468847022084F83D00211DA8
:102D1000206802F02FF8012084F8460084F83E0075
:102D200084F83F0084F8400084F8410084F84200B1
:102D300084F8430084F8440084F8450084F83D009A
:102D4000002010BD492D00087047704770470000F3
:102D500010B50446022249B104290ED0082913D027
:102D600094F84100012816D0012010BD94F83E00CF
:102D70000128F9D184F83E200FE094F83F000128A3
:102D8000F2D184F83F2008E094F840000128EBD10C
:102D900084F8402001E084F841200122206802F0FC
:102DA0004DF816492068164A884201D0904203D156
:102DB000436C43F4004343642068884213D0B0F16D
:102DC000804F10D00F4988420DD00F4988420AD059
:102DD0000E49884207D0904205D00D49884202D062
:102DE0000C49884204D1816801F00701062903D00B
:102DF000016841F001010160002010BD00000140A8
:102E0000000401400004004000080040000C0040A5
:102E1000004001400018004030B504460D460068EF
:102E2000002202F00BF8194B41F2111120688A10B0
:102E3000984202D0164B984209D1036A0B4206D140
:102E4000036A134203D1436C23F4004343642068B4
:102E5000036A0B4206D1016A114203D1016821F0D5
:102E60000101016001203DB1042D08D0082D09D0D9
:102E700084F84100002030BD84F83E00FAE784F871
:102E80003F00F7E784F84000F4E70000000001404D
:102E90000004014000680349884201D1FEF7A8BC44
:102EA000704700000020004070477047704738B5F9
:102EB000044690F83E00202822D181B17AB194F8DE
:102EC0003C0001281CD0012084F83C0020632046EF
:102ED00002F028FB002803D1216B012901D0012039
:102EE00038BD21680A684968009121680C3151E8B1
:102EF000002F42F0100241E80023002BF5D138BD2D
:102F0000022038BD7047704770B5044620680C3009
:102F100050E8001F21F4907140E80012002AF5D11A
:102F20002068143050E8001F21F0010140E8001231
:102F3000002AF5D1206B012809D120680C3050E817
:102F4000001F21F0100140E80012002AF5D120688E
:102F500040694FF00005400615D52068143050E850
:102F6000001F21F0400140E80012002AF5D1A06BBB
:102F700048B10565A06BFDF79BFD20B1A06BFDF787
:102F8000F2FD202806D0E585202084F83E00256348
:102F9000002070BD10202064032070BD7047704772
:102FA00070470000F8B5016804460868CA684B69B4
:102FB00010F00F0F4FF0000556D003F0010602F499
:102FC0009077374361D0C10705D0D10503D5216C77
:102FD00041F001012164410705D5D90703D0216CD7
:102FE00041F002012164810705D5D90703D0216C86
:102FF00041F004012164010707D502F020013143AB
:1030000003D0216C41F008012164216C00293BD0E0
:10301000800604D5900602D5204602F09DF920686E
:103020004069216CC0F38010090700D440B32046EA
:1030300002F036F92068406940061ED52068143039
:1030400050E8001F21F0400140E80012002AF5D1AD
:10305000A06B90B16C490165A06BFDF772FD002873
:1030600012D0A06B016DCBE083060ED593060CD574
:103070002046BDE8F84002F06FB92046616DBFE020
:10308000616D204688472564F8BD266B2023012EFC
:103090007BD1C60679D5D60677D5086848680090F2
:1030A0004869400640D5A16B086840680004000CE0
:1030B000EAD0A28D8242E7D9E085C869B0F5807F69
:1030C0002DD020680C3050E8001F21F4807140E8BA
:1030D0000012002AF5D12068143050E8001F21F0BA
:1030E000010140E80012002AF5D12068143050E8B0
:1030F000001F21F0400140E80012002AF5D184F8B9
:103100003E30256320680C3050E8001F21F010018C
:1031100040E80012002AF5D1A06BFDF7C9FCA08D94
:10312000E18D401A81B229E0A08DE18D401A81B273
:10313000E08D0028A8D00029A6D020680C3050E8E7
:10314000002F22F4907240E80026002EF5D120686E
:10315000143050E8002F22F0010240E80026002E33
:10316000F5D184F83E30256320680C3050E8002FFC
:1031700022F0100240E80023002BF5D1A26E01B02E
:103180002046BDE8F0401047FFE705062CD51506A0
:103190002AD594F83D0021287FF476AFA068B0F5D9
:1031A000805F01D12069B0B1206A411C2162216891
:1031B00000784860E08C401E0004000CE084EBD1F5
:1031C0002068C16821F08001C1602068C16841F0B9
:1031D0004001C160F8BD206A0088C0F30800486063
:1031E000206A801C2062E5E74006F3D55006F1D541
:1031F000CA68204622F04002CA6084F83D30A16CC3
:1032000001B0BDE8F04008477551000870B50400F2
:1032100004D094F83D00002510B10DE0012070BDF0
:1032200084F83C50204602F071F8E06E08B913486B
:10323000E066014620468847242084F83D00206847
:10324000C16821F40051C160204602F0E5F8206811
:10325000016921F4904101612068416921F02A014E
:1032600041612068C16841F40051C160256420209B
:1032700084F83D0084F83E00002070BD81320008D3
:103280002DE9F04387B0064614216846FDF752F851
:10329000454B3168454803220024994225D14349D2
:1032A00010310B6843F480130B60096801F480113E
:1032B0000591016841F0040101600068694600F071
:1032C000040005904FF4805000901220CDE90104D5
:1032D0000820CDE903203648FDF7BAFD002205217C
:1032E0003520FEF71DFB352059E0324B994258D16D
:1032F0002E4914310B6843F010030B60096801F08C
:1033000010010591016841F0010101600068694602
:1033100000F0010005904FF4C06000900220CDE95C
:1033200001040720CDE903202348FDF791FD244D3A
:1033300022484FF000672860C5E901744FF48068A7
:10334000C5E903486C614FF40039AC61C5E9074930
:1033500028466C62FDF7DAFC08B1FDF7B7F9B563F2
:10336000AE63174D154860357830E5E80207402018
:10337000A5E81101124845F814496030AC61C5E96F
:1033800007496C62FDF7C2FC08B1FDF79FF9756350
:10339000002205212520AE63FEF7C2FA2520FEF7A4
:1033A000B1FA07B0BDE8F083005000403038024069
:1033B000000802400010014000000240406402404A
:1033C000A40F002010B5002372B190F83C40012CEE
:1033D00010D0012480F83C4090F83D40202C0BD0C8
:1033E00090F83D401CB326E0016C41F020010164DF
:1033F000012010BD022010BD0D291CD2DFE801F014
:1034000007090B0D0F1113151B1B1B252700426409
:1034100016E0826414E0C26412E0026510E04265C6
:103420000EE082650CE0C2650AE0026608E00B2946
:103430000BD00C290BD0016C41F020010164012359
:10344000002180F83C10184610BDC266F8E70267FC
:10345000F6E70022A1B190F83C30012B16D00123F1
:1034600080F83C3090F83D30202B11D0016C41F0B9
:10347000200101640122002180F83C1010467047B1
:10348000016C41F020010164012070470220704767
:103490008166F0E77047704770B5044690F83D00CC
:1034A000202836D191B38AB394F83C00012830D05B
:1034B000012084F83C002162A284E2840025256476
:1034C000212084F83D00636B1348D863636B134875
:1034D0001864636B1248D864606B134605652668F0
:1034E000606B321DFDF77CFC21686FF040000860C6
:1034F00084F83C502068143050E8001F41F08001EF
:1035000040E80012002AF5D1002070BDFFE701203D
:10351000FBE70220F9E700005D5200089B5200081B
:103520008151000870477047FEE701684A69D2433D
:1035300052050FD46FF480624A61002140F8301FB9
:10354000202242738173026942F004020261017316
:103550000120704700207047F8B50446C06A1E4637
:103560000D461746082807D0012805D010F5803FE2
:1035700002D0206B122804D12068016841F48071C8
:103580000160134600224FF001112046009600F022
:1035900059F940B120680068C00502D54FF40070A9
:1035A00020640320F8BD2069B0F5804F0ED00620BE
:1035B000216800EAD51040F0F000086133463A4631
:1035C0000B49204600F072F978B902E005F0FE00E0
:1035D00000E0E8B221680861054933463A46891F90
:1035E000204600F063F90028DCD00120F8BD00007F
:1035F000080001002DE9F84F0446006889460B9D3C
:1036000001689846174641F48061016020680168AE
:1036100041F48071016000954FF0011B0022594672
:1036200020460A9B00F00EF94FF4007A40B1206862
:103630000068C00501D5C4F840A00320BDE8F88F9C
:10364000216809F0FE0008612B46284920460A9AA5
:1036500000F02CF9F0BB20684169806900902A468F
:1036600020460A9900F0A0F940B1206C04283AD114
:103670002068016841F40071016034E0FEB2B8F1E5
:10368000010F09D02168380A08612A4620460A99A4
:1036900000F08AF90028E8D1206806612A46204611
:1036A0000A9900F081F90028DFD12068016841F40F
:1036B0008071016000950022594620460A9B00F067
:1036C000C1F80028B3D1216809F0FF0040F00100E3
:1036D000086100E007E02B46044920460A9A00F002
:1036E000E5F80028AAD00120A8E7000002000100A8
:1036F0002DE9F843044600680D46DDE908970168A6
:103700009846164641F4807101604B4600224FF006
:1037100001112046009700F095F848B12068006834
:10372000C00502D54FF4007020640320BDE8F88383
:10373000216805F0FE0008613B464A4615492046CF
:1037400000F0B4F888B920684169806900903A4671
:103750004946204600F028F948B1206C042804D1DD
:103760002068016841F4007101600120DEE7F5B2D4
:10377000B8F1010F09D02168300A08613A4649467C
:10378000204600F011F90028E7D1206805610020EB
:10379000CCE700000200010000B585B014216846A6
:1037A000FCF7C8FD4FF4006000900020019001205C
:1037B00002900320039069460248FDF749FB05B0DB
:1037C00000BD00000004024000B585B01421684629
:1037D000FCF7B0FD4FF40060009001200190002044
:1037E00002900320039069460248FDF731FB05B0C3
:1037F00000BD00000004024070B516460D460446A8
:103800000DE02046FFF791FE08B1012070BD681C55
:1038100005D0FDF71FFC801BA84207D835B12068F2
:103820004069C0434007ECD4002070BD002044F83C
:10383000300F20216173A073216941F020012161C3
:103840002073E2E72DE9F0471E4690460D460446F8
:10385000C1F30747DDF8209008E0701C06D0FDF7A3
:10386000F9FBA0EB0900B0420FD876B12068012F18
:1038700018D0806925EA00000004000C14D0002153
:103880004145EAD00020BDE8F087002044F8300F21
:1038900020216173A073216941F02001216120730F
:1038A0000120F0E74069E5E70121E9E72DE9F0476C
:1038B0009A4691460E46044600254FF02008C1F373
:1038C000074725E020684069C043400514D42068BC
:1038D000016841F40071016021686FF48060486103
:1038E000256384F83D8084F83E50206C40F004004D
:1038F000206484F83C501FE0B9F1FF3F08D0FDF789
:10390000A9FBA0EB0A0149450CD8B9F1000F09D079
:103910002068012F13D0806926EA00000004000C03
:103920000BD0CFE744F8305F84F80D80A573206991
:1039300040F02000206125730120BDE8F087406938
:10394000EAE72DE9F041002590460E46044620277F
:1039500017E04069C043C0060CD454F8301B6FF028
:103960001000486144F810596777A577206A2062F3
:10397000257717E0FDF76EFBA0EB0800B04208D8F2
:103980003EB120684169C9434906E2D40020BDE840
:10399000F08144F8305F6773A573206940F0200020
:1039A000206125730120F2E770B516460D460446E6
:1039B0000DE02046FFF7B9FD08B1012070BD681C7D
:1039C00005D0FDF747FB801BA84207D835B120681A
:1039D0004069C0430006ECD4002070BD002044F8CC
:1039E000300F20216173A073216941F02001216112
:1039F0002073E2E72DE9F0411C4615460F460646C6
:103A000000F002F9304600F0CDF800F047F970B947
:103A1000384600F0C7F800F041F940B900F0F4F87A
:103A200046F0010000F0BEF800F038F968B101205E
:103A3000BDE8F081012C01D9012000E0002000F058
:103A40007BF8641E05F8010BE4B2002CF2D100F003
:103A5000FFF80020ECE72DE9F0411D4616460F4621
:103A6000044600F0D1F8204600F09CF800F016F96A
:103A700028B9384600F096F800F010F910B101208E
:103A8000BDE8F081002409E0305D00F08BF800F023
:103A900005F910B100F0DCF8F1E7641CAC42F3DB8F
:103AA00000F0D6F80020EBE770B5104D4FF48064BD
:103AB000002221462846FDF7C8FAFFF785FE0022BE
:103AC00061002846FDF7C1FA0220FCF7E6FD01225D
:103AD00021462846FDF7B9FA0220FCF7DEFD214613
:103AE0002846BDE870400022FDF7AFBA000402404E
:103AF00070B5104D4FF48064002221462846FDF732
:103B0000A4FAFFF761FE0122D1022846FDF79DFAD3
:103B10000220FCF7C2FD012221462846FDF795FA56
:103B20000220FCF7BAFD21462846BDE8704000227D
:103B3000FDF78BBA000402402DE9F04700258046CE
:103B40002C46FFF729FE164F4FF480664FF40069AC
:103B5000002231463846FDF778FA0220FCF79DFD39
:103B6000012231463846FDF770FA6006040E4946D8
:103B70003846FDF765FA08B1641CE4B20120FCF791
:103B80008CFD6D1CEDB2082DE2D3B8F1000F04D00E
:103B9000FFF78AFF2046BDE8F087FFF7A9FFF9E7A6
:103BA000000402402DE9F04105460024FFF70CFE19
:103BB000144E4FF48067002239463046FDF745FA2F
:103BC0004FF40068EA0941463046FDF73EFA6806C0
:103BD000050E0220FCF761FD012239463046FDF753
:103BE00034FA0220FCF759FD002239463046FDF731
:103BF0002CFA0220FCF751FD641CE4B2082CE1D33E
:103C0000BDE8F0810004024070B5FFF7DDFD012240
:103C10000E4DD40221462846FDF717FA01229602DE
:103C200031462846FDF711FA0420FCF736FD002244
:103C300021462846FDF709FA0420FCF72EFD3146FF
:103C40002846BDE870400022FDF7FFB9000402409D
:103C500070B5FFF7B9FD104D4FF480640022214686
:103C60002846FDF7F2F96600002231462846FDF7A6
:103C7000ECF90420FCF711FD012221462846FDF74E
:103C8000E4F9012231462846FDF7DFF9BDE870402E
:103C90000420FCF702BD0000000402402DE9F041C1
:103CA0000024FFF779FD0122144DD6023146284643
:103CB000FDF7CBF90120FCF7F0FC01229702394611
:103CC0002846FDF7C2F90120FCF7E7FC08E0641C78
:103CD000E4B2FA2C04D9FFF7BBFF0120BDE8F08164
:103CE00031462846FDF7ACF90028F0D100223946CC
:103CF0002846FDF7AAF90020F0E700000004024082
:103D00007FB500211B48009101910291184A03914F
:103D1000026001244FF440320461C0E901210176C0
:103D200080F82010144AC0E90A210225C561C1604B
:103D300080F830104161FCF774FD08B1FCF7C6FC57
:103D40001120CDE900040720029069460948FCF7DC
:103D5000BFFC08B1FCF7BAFC0820CDE900056946B4
:103D60000448FCF7B5FC002801D0FCF7AFFC7FBD90
:103D700000200140240500200100000F074910B574
:103D8000054808600846FCF76DFE002803D0BDE832
:103D90001040FCF79BBC10BD0030024050000020DA
:103DA000114808B5016841F48001016000680022F3
:103DB00000F48000009005213A20FDF7B1FD3A2083
:103DC000FDF7A0FD002205213B20FDF7A9FD3B20CA
:103DD000FDF798FD002205214620FDF7A1FDBDE875
:103DE00008404620FDF78EBD3038024010B54748E8
:103DF00003F089FB464C454A0121A0631032084676
:103E000003F004FC414A0121E0632032084603F03C
:103E1000FDFB3E4A012120643032084603F0F6FBE8
:103E20003A4A012160644032084603F0EFFB374A0A
:103E30000121A0645032084603F0E8FB334BE064F4
:103E4000403B00220121334803F09EFC2F4BA0622F
:103E5000303B00220121304803F096FC2B4BE062FE
:103E6000203B002201212D4803F08EFC274B2063CC
:103E7000103B002201212A4803F086FC234A60639C
:103E8000703A0421402003F0B5FA204A2062583AE3
:103E90000121202003F0AEFA6062224A002122486C
:103EA00003F02CFC1F4A6060243200211F4803F0FD
:103EB00025FC1C4AA060483200211D4803F01EFC6E
:103EC000184AE0606C3200211A4803F017FC154ACA
:103ED000206190320021184803F010FC114A606103
:103EE000B4320021154803F009FC084AA061943A55
:103EF0000021134803F002FC0A4AE061243A002141
:103F0000104803F0FBFB206010BD0000A8BC0008B7
:103F100000000020296000085D690008D1610008E8
:103F2000455D00083CBB0008494A0008D567000809
:103F3000498000086D7D0008C96700080D5C000815
:103F4000797200087DA600082DE9F04F87B0142192
:103F50006846FCF7EFF96B480024016841F0100156
:103F60000160016801F010010591016841F0040150
:103F70000160016801F004010591016841F08001D0
:103F80000160016801F080010591016841F00101C3
:103F90000160016801F001010591016841F0020131
:103FA0000160016801F002010591016841F008011A
:103FB00001600068002200F0080005904FF4CA512B
:103FC0005148FDF742F8DFF844A14FF44067002262
:103FD00039465046FDF739F8012279104C48FDF773
:103FE00034F800224FF400614948FDF72EF8DFF85D
:103FF00024B14FF48078012241465846FDF725F858
:104000004FF40079002249465846FDF71EF849F260
:104010009C500325CDE90005694602943E48FCF713
:1040200017FF4EF6FF40CDE9000569460294584659
:10403000FCF70EFF1C20CDE90005694602943248CA
:10404000FCF706FF4FF4A0700126CDE90006694693
:104050002D48CDE90245FCF7FBFE4EF20600CDE906
:104060000005694602945046FCF7F2FE0097CDE940
:104070000164694650460394FCF7EAFE3003009061
:104080004FF488100227CDE9010769465046FCF736
:10409000DFFE4CF2FF10CDE90005694602941C4892
:1040A000FCF7D6FE4FF46060CDE90006CDE902468C
:1040B00069461748FCF7CCFECDF80080CDE90164D5
:1040C000694658460394FCF7C3FECDF80090039769
:1040D000CDE9016469465846FCF7BAFEE802CDE92D
:1040E0000006CDE9024769460748FCF7B1FECDE975
:1040F0000054694608480294FCF7AAFE07B0BDE8E0
:10410000F08F0000303802400000024000040240FE
:10411000000C024000080240001002400D4810B59B
:104120000B4901600C49416000214FF480428160DD
:10413000C0E9031241618161C1610162FDF702F8CA
:10414000002803D0BDE81040FCF7C0BA10BD000045
:1041500000540040CC050020A0860100094810B59D
:10416000074901600321416040F2E2418160FDF7AF
:104170000BFB002803D0BDE81040FCF7A7BA10BD28
:10418000003000401811002010B5002205211C202D
:10419000FDF7C6FB1C20FDF7B5FB002205211D2005
:1041A000FDF7BEFB1D20FDF7ADFB002205212820F9
:1041B000FDF7B6FB2820FDF7A5FB002205212B20EB
:1041C000FDF7AEFB2B20FDF79DFB002205212C20E7
:1041D000FDF7A6FB2C20FDF795FB002205213220E0
:1041E000FDF79EFB3220FDF78DFB002205213720D5
:1041F000FDF796FBBDE810403720FDF783BB0000BC
:10420000104810B50E4901604FF4827141600021E1
:104210008160C1604FF400720161C0E9051218228B
:10422000C0E90721416281620A21C162FDF7F4FE03
:10423000002803D0BDE81040FCF748BA10BD0000CC
:10424000003001402006002010B588B01C216846CF
:10425000FCF770F8164815490024016040F2473118
:10426000C0E9011440F2E731C0E903148021816103
:10427000FEF7A8F808B1FCF729FA0D48FEF72EFD65
:1042800008B1FCF723FA6020CDE900040420049073
:104290000022694602940648FEF7B9FC08B1FCF713
:1042A00015FA0348FEF7EAFB08B010BD00440140D0
:1042B000EC0B002010B588B01C216846FCF73AF8DA
:1042C000164815490024016040F24731C0E9011445
:1042D00040F2E731C0E9031480218161FEF772F8F2
:1042E00008B1FCF7F3F90D48FEF7F8FC08B1FCF74C
:1042F000EDF96020CDE90004042004900022694615
:1043000002940648FEF783FC08B1FCF7DFF9034886
:10431000FEF7B4FB08B010BD00480140A00C00201F
:1043200030B58BB000250795089509951C21684686
:104330000A95FBF7FFFF1C4C1A48206040F24730FB
:10434000C4E901056320C4E903058020A06120467B
:10435000FEF738F808B1FCF7B9F94FF48050079030
:1043600007A91148FEF708F908B1FCF7AFF90E48A4
:10437000FEF716FC08B1FCF7A9F93220CDE9005090
:1043800002950022694608480495FEF7DFFB08B154
:10439000FCF79CF92068816941F0080181610BB04C
:1043A00030BD000000180040540D002010B588B04A
:1043B0001C216846FBF7BEFF134812490024016028
:1043C0005321C0E9011441F28731C0E9031484612B
:1043D000FDF7F8FF08B1FCF779F90B48FEF7E0FBB1
:1043E00008B1FCF773F90094019402940022694625
:1043F00005480494FEF7AAFB002801D0FCF766F9F3
:1044000008B010BD001C0040080E002010B596B08A
:1044100000240F9410941194129413941C21684654
:104420001494FBF787FF202107A8FBF783FF36488A
:104430003449016040F24731C0E9011440F2E731EC
:10444000C0E903148021C0E90541FDF7BBFF08B1B5
:10445000FCF73CF94FF480500F900FA92A48FEF763
:104460008BF808B1FCF732F92748FEF737FC08B1A2
:10447000FCF72CF9139413A923481494FDF75AFF61
:1044800008B1FCF723F96020CDE900040420029470
:10449000CDE903400594002269461B480694FEF7C7
:1044A000B6FB08B1FCF712F9042269461648FEF77C
:1044B000AEFB08B1FCF70AF9082269461248FEF77C
:1044C000A6FB08B1FCF702F90C2269460E48FEF77C
:1044D0009EFB08B1FCF7FAF80794089409944FF48E
:1044E00000500A94CDE90B4007A907480E94FDF748
:1044F000F6FE08B1FCF7EAF80348FEF7BFFA16B07B
:1045000010BD0000000001400007002010B58CB075
:1045100024216846FBF70EFF0024164809944FF04B
:1045200080410A94C0E900144EF66021C0E90241BE
:104530008021046181610320CDE900040120CDE9DF
:1045400002040494CDE9054007946946094808949B
:10455000FEF780F808B1FCF7B9F8099409A90548F5
:104560000A94FDF7E7FE002801D0FCF7AFF80CB085
:1045700010BD0000B407002010B58CB0242168469F
:10458000FBF7D8FE00241648099414490A94C0E9A0
:1045900000144EF66021C0E902418021046181616E
:1045A0000320CDE900040120CDE902040494CDE903
:1045B0000540079469460A480894FEF74BF808B18D
:1045C000FCF784F8099409A905480A94FDF7B2FE9E
:1045D000002801D0FCF77AF80CB010BD00040040B0
:1045E0006808002010B58CB024216846FBF7A2FEB5
:1045F00000241648099414490A94C0E900144EF6A0
:104600006021C0E902418021046181610320CDE97C
:1046100000040120CDE902040494CDE9054007948B
:1046200069460A480894FEF715F808B1FCF74EF8F9
:10463000099409A905480A94FDF77CFE002801D0D9
:10464000FCF744F80CB010BD000800401C09002025
:1046500010B58CB024216846FBF76CFE0024164888
:10466000099414490A94C0E900144EF66021C0E987
:1046700002418021046181610320CDE90004012011
:10468000CDE902040494CDE90540079469460A483F
:104690000894FDF7DFFF08B1FCF718F8099409A9A1
:1046A00005480A94FDF746FE002801D0FCF70EF8F5
:1046B0000CB010BD000C0040D00900201CB5002437
:1046C0000F4800940D49019401605321C0E9011481
:1046D00042F20F71C16080218161FDF773FE08B164
:1046E000FBF7F4FF0094694605480194FDF722FEAC
:1046F000002801D0FBF7EAFF1CBD000000140040B9
:10470000840A002010B58CB0002407940894099402
:104710001C2168460A94FBF70DFE1F481D490160E5
:1047200040F24731C0E9011440F2E731C0E9031417
:1047300080218161FDF746FE08B1FBF7C7FF4FF40A
:104740008050079007A91448FDF716FF08B1FBF742
:10475000BDFF1148FEF7C2FA08B1FBF7B7FF6020B2
:10476000CDE90004042004900022694602940A481E
:10477000FEF74DFA08B1FBF7A9FF04226946064887
:10478000FEF745FA08B1FBF7A1FF0348FEF776F9FB
:104790000CB010BD00400140380B00200C4810B593
:1047A0000A4901604FF4E1314160002181600C222F
:1047B000C160C0E904128161C161FCF783FC00287B
:1047C00003D0BDE81040FBF781BF10BD0050004092
:1047D000BC0E00200C4810B50A4901604FF4E131CD
:1047E0004160002181600C22C160C0E90412816136
:1047F000C161FEF70BFD002803D0BDE81040FBF7B8
:1048000065BF10BD00100140300F0020FEE7FDF72E
:10481000C1F9FEE700F0F8BE70B5074B0646144636
:1048200018780D4608B900F0EFFE224629463046BA
:10483000BDE8704000F002B8F8C9002070B50E461F
:10484000144900EB400001EBC0051446E86A183536
:1048500020B101280FD0022805D113E0284600F02E
:1048600007FFA04201D2002411E02246314628462B
:1048700000F036FF0BE0284600F0FAFEA042F4D22A
:104880000446F2E73146284600F0FDFE0446204685
:1048900070BD0000F8C900200148FDF741BB0000D1
:1048A00020060020806B0021C187C186016F084768
:1048B000806B01684A6822F003024A60416D41F052
:1048C00010014165012180F85110016F0847806B8C
:1048D000416E084738B50546846BFCF7BBFB0246C2
:1048E00028680068C00525D42068416821F02001AF
:1048F00041602068416821F0020141606421204646
:1049000000F01AF818B1606D40F020006065A068F2
:10491000002118B92068C26880680090E1860120F3
:1049200084F85100606D28B1216F01B02046BDE8C8
:1049300030400847A16DF8E738B504461248134BDC
:104940000068B0FBF3F04FF47A735843009060684E
:10495000B0F5827F0DD10B460092002280212046C7
:1049600000F016F870B1606D40F020006065032023
:1049700038BD009830B1401E009020688068C04368
:104980000006F6D5002038BD5C00002000366E0120
:104990002DE9F8431E46914688460446089DFCF7DB
:1049A00059FB401B351AFCF755FB074625480068A4
:1049B000C0F3CB30684338E0701C37D0FCF74AFBBB
:1049C000C01BA84203D215B1009860B32CE0206848
:1049D000416821F0E00141606068B0F5827F0BD151
:1049E000A068B0F5004F02D0B0F5806F04D1206808
:1049F000016821F040010160A06AB0F5005F09D1B3
:104A00002068016821F4005101602068016841F4C8
:104A100000510160012084F85100002084F850000A
:104A20000320BDE8F8830025401E009020688168BF
:104A300038EA010004D000214945BDD10020F0E74B
:104A40000121F9E75C000020012002F065FCFBE792
:104A500010B54FF0E020006906F032FE012803D0C7
:104A6000BDE8104006F04EB910BD000030B593B05F
:104A700030216846FBF75EFC14210CA8FBF75AFCBA
:104A80001F480025016841F080510160006800F076
:104A9000805011901B48016841F48041016000681A
:104AA000022400F480401190092000904FF48030DF
:104AB00001900120CDE905048005079008200890A9
:104AC000A820CDE9090407200B906846FDF770F88F
:104AD00008B172B6FEE70CA90F2081E831004FF44F
:104AE000A0500F904FF48050109005210CA8FCF7B7
:104AF0004BFF08B172B6FEE7FCF7E0FF13B030BD24
:104B000040380240007000400548016841F47001DF
:104B1000016003494FF00060803908607047000071
:104B200088ED00E00C4908680269D243D20712D12F
:104B3000921E026108680068C10608484068D0E912
:104B4000021203D5491E42F1FF3202E0491C42F134
:104B50000002C0E902127047B407002054D30020BD
:104B60000C4908680269D243D20712D1921E026131
:104B700008680068C1060848C068D0E9021203D579
:104B8000491E42F1FF3202E0491C42F10002C0E935
:104B9000021270476808002054D300200C490868AE
:104BA0000269D243D20712D1921E026108680068DE
:104BB000C10608488068D0E9021203D5491E42F1B7
:104BC000FF3202E0491C42F10002C0E902127047C4
:104BD0001C09002054D300200C4908680269D24304
:104BE000D20712D1921E026108680068C106084807
:104BF0000068D0E9021203D5491E42F1FF3202E0FB
:104C0000491C42F10002C0E902127047D00900209D
:104C100054D3002070B51F482DED028B0068016948
:104C2000C943C90733D1891E01611B480068426A24
:104C30001A4C9FED1B8A00232068B0EE480A01F051
:104C400023FD18480068426A0023B0EE480A6068F5
:104C500001F01AFD14480068426A0023B0EE480AC9
:104C6000A06801F011FD11480068426A0023B0EE0F
:104C7000480AE06801F008FD5FF00005B0EE480A60
:104C800054F8250001F084FC6D1C042DF6DBBDEC0E
:104C9000028B70BD840A0020D009002054D300206C
:104CA0000AD7233CB40700201C0900206808002014
:104CB00070B50F4C216808690E4DC043C00706D17E
:104CC000801E0861012240212846FCF7BEF92168B8
:104CD0000869C043800709D46FF0020008612846C4
:104CE000BDE8704000224021FCF7AFB970BD000064
:104CF000540D0020000002400148FDF7FFBD0000F8
:104D00006410002070B5184E30680169174DC94312
:104D1000174C89070DD46FF002010161206855F826
:104D20002000416A00208847206803281AD0401CD0
:104D3000206030680169C943C90712D1891E016129
:104D4000206855F82000416A01208847206855F8FE
:104D5000200003F079FF2068316855F820000069D1
:104D6000486370BD0020E3E7080E0020C4D6002091
:104D700058000020F0B50268254C264D264E274FDE
:104D8000274B4FF0804CA04209D0604507D0A84285
:104D900005D0B04203D0B84201D0984204D122F0ED
:104DA000700E4A6842EA0E02A0421BD0604519D03C
:104DB000A84217D0B04215D0B84213D0984211D0B3
:104DC000184DA8420ED0184DA8420BD0174DA8423E
:104DD00008D0174DA84205D0164DA84202D0164D56
:104DE000A84203D122F44075CA682A434D6922F0D3
:104DF00080022A4302608A68C2620A688262A04214
:104E000001D0984201D10969016301214161F0BDDE
:104E1000000001400004004000080040000C004079
:104E200000040140004001400044014000480140AE
:104E300000180040001C00400020004010B501F0A8
:104E40001F030121046A99408C430462016A9A405D
:104E50001143016210BD10B5846842EA032224F4B4
:104E60007F440A432243826010BD826822F07002B0
:104E70000A4342F00701816070470000F0B5026A02
:104E800022F001020262036A42688469124E24F031
:104E900073050C682C4323F002058B682B430D4DE2
:104EA000A84201D0B04205D123F00807CB683B43AC
:104EB00023F00403A84201D0B04205D14D6922F489
:104EC000407215438A692A4342608461496841639C
:104ED0000362F0BD0000014000040140F0B5026A29
:104EE00022F010020262026A436884690D6824F4A9
:104EF000E64444EA05248D6822F0200242EA0512C5
:104F00000F4D104EA84201D0B04206D1CF6822F01A
:104F1000800242EA071222F04002A84201D0B042C9
:104F200007D14D6923F4406343EA85038D6943EA61
:104F3000850343608461496881630262F0BD0000BB
:104F40000000014000040140F0B5026A22F48072C2
:104F50000262026A4368C46922F4007224F0730595
:104F60000C68124E2C438D6842EA05220E4DA84271
:104F700001D0B04206D1CF6822F4006242EA072293
:104F800022F48062A84201D0B04207D14D6923F4D7
:104F9000405343EA05138D6943EA05134360C46136
:104FA0004968C1630262F0BD000001400004014095
:104FB00030B5026A22F480520262046A4268C36910
:104FC0000D6823F4E64343EA05238D6824F4005476
:104FD00044EA0534084DA84202D0084DA84204D145
:104FE0004D6922F4804242EA85124260C3614968F9
:104FF0000164046230BD0000000001400004014073
:105000000D4940F8801F0D4941600D4981600D49EF
:10501000C1600D4901610D4941610D4981610D4931
:10502000C1610D4901620D4941620D4981620D491D
:10503000C1620D4901637047952E0008A92E000832
:10504000AB2E0008AD2E0008F9280008FB28000848
:105050009F2B00084B2D00084D2D0008F728000855
:10506000DB220008DD220008D922000810B5036AFF
:10507000046A24F001040462846924F0F00444EA20
:10508000021423F00A020A438461026210BD10B5C3
:10509000036A23F0100303628369046A23F47043F4
:1050A00043EA023224F0A00343EA01118261016263
:1050B00010BD10B503F096FD002805D0D0E9002101
:1050C000BDE810400846104710BD000070B5264CE2
:1050D00020680168254DC94389060CD46FF0200172
:1050E000016020684068C1B2214804F0BFF810B9DF
:1050F000286802F0D7FA21680868C04342061C48B5
:1051000012D46FF040020A6090F8280018B12868A5
:1051100002F0C8FA02E01448FBF7A2FF2068C16859
:1051200021F04001C16070BD0A68D243120615D457
:105130006FF080020A60C27D416AD21C914208D29F
:105140000B4A1432895C22685160416A491C4162F1
:1051500004E02068C16821F08001C160BDE87040B2
:105160000148FDF71FBF0000BC0E00204C000020CE
:10517000A46F0120806B0021C185C184416D084767
:1051800070B5846B2068406994F83D10C0F3C0107E
:105190000025212904D118B1E584204600F0A7F8A4
:1051A0002068406994F83E10C0F38010222904D191
:1051B00018B1E585204600F073F8206C40F010002F
:1051C00020642046616DBDE8704008470146806B51
:1051D00009680968C9052FD40021C18501680C310F
:1051E00051E8002F22F4807241E80023002BF5D112
:1051F0000168143151E8002F22F0010241E8002338
:10520000002BF5D10168143151E8002F22F0400243
:1052100041E80023002BF5D1202180F83E10016BDE
:10522000012909D101680C3151E8002F22F0100248
:1052300041E80023002BF5D1016B012901D0016D5C
:105240000847826E818D1047806B016B012901D068
:10525000C16C0847818D826E490810470146806BFA
:1052600009680968C90516D40021C1840168143190
:1052700051E8002F22F0800241E80023002BF5D1F5
:1052800001680C3151E8002F42F0400241E8002350
:10529000002BF5D17047816C0847806B416C084743
:1052A00001680C3151E8002F22F4907241E800238C
:1052B000002BF5D10168143151E8002F22F00102D2
:1052C00041E80023002BF5D1016B012909D10168C8
:1052D0000C3151E8002F22F0100241E80023002B8E
:1052E000F5D1202180F83E1000210163704701684C
:1052F0000C3151E8002F22F0C00241E80023002BBE
:10530000F5D1202180F83D10704700000949416423
:10531000094981640949C16409490165094941652F
:10532000094981650949C1650949016609498166DB
:10533000704700002735000825350008973400081D
:1053400095340008A12F0008072F00089F2F0008A0
:105350009D2F0008052F000808B590F83E1022295F
:1053600001D0022008BD82684FF480539A4201D1D7
:10537000016921B1816A9A421BD04AB10AE00268F0
:10538000816A5268C2F308020A80816A891C08E0B7
:10539000026972B10268526802F07F020A70816A83
:1053A000491C8162C18D491E0904090CC18503D0C5
:1053B00019E002685268F1E70168CA6822F0200229
:1053C000CA600168CA6822F48072CA6001684A69CA
:1053D00022F001024A61202180F83E10016B012970
:1053E00003D0016D8847002008BD002101630168DA
:1053F0000C3151E8002F22F0100241E80023002B6D
:10540000F5D101680A68D20602D50A684968009198
:10541000826E818D9047E6E770B5044600680169A9
:10542000E26821F44051114301612169A068E269F9
:1054300008436169114308432168CA6849F20C6353
:105440009A430243CA6020684169A26921F440710D
:105450001143416131492068884202D03049884275
:1054600002D1FCF761FB01E0FCF74EFBE26900238F
:10547000192164253226B2F5004F626828D0A0FBBE
:105480000101930F9200FAF7FDFE0146B0FBF5F023
:105490006FF01802504301EB800006EB0010B0FBE8
:1054A000F5F000F0F002B1FBF5F002EB0012B1FBF9
:1054B000F5F06FF01803584301EB800006EB001085
:1054C000B0FBF5F000F00F0021681044886070BD5B
:1054D000A0FB010192185B41FAF7D4FE0146B0FB34
:1054E000F5F00201B1FBF5F06FF01803584301EB42
:1054F000800006EBC000B0FBF5F000F0F80002EB16
:105500004002B1FBF5F0584301EB800006EBC00010
:10551000B0FBF5F000F00700D6E7000000100140F6
:105520000014014038B58162828500251346044687
:105530000564222084F83E00A26B1C48D063A26B55
:105540001B481064A26B1B48D064A06B0A4605651B
:105550002168A06B091DFBF743FC206801684068C7
:10556000009084F83C50206948B120680C3050E825
:10557000001F41F4807140E80012002AF5D1206834
:10558000143050E8001F41F0010140E80012002AE9
:10559000F5D12068143050E8001F41F0400140E888
:1055A0000012002AF5D1002038BD0000CD510008BE
:1055B00049520008815100080349002081F83C004D
:1055C0000846FDF7EFBC0000300F0020FEE70000AA
:1055D00010B530210B48FAF7ADFE0A2001F09CFE11
:1055E000084818213030FAF7A5FE03F0F3FC142028
:1055F00001F092FEC022BDE8104030210148FAF7C8
:1056000092BE0000F4D2002010B5124C032020619D
:10561000606111A0A06104F1A800E0614FF4806016
:1056200020620020A06260620BA12166E06204F5A6
:105630009561616610212067C4E91A10606709A1AD
:10564000E01DFAF782FE08A12046FAF77EFE202030
:10565000A07110BDF8C900205465726D696E616C4F
:105660000000000052545400534547474552000083
:105670000269C1688A4203D88068401A104400E079
:10568000501A401E70472DE9F047C46817468946F6
:1056900006464FF000083069A04201D9051B02E020
:1056A000B168201A0D1AB0686D1E001BA84200D800
:1056B0000546BD4200D33D4670682A46204449460F
:1056C000FAF711FEB0687F1B2C44A844A944A042FD
:1056D00000D10024F460002FDDD14046BDE8F08702
:1056E0002DE9F04104468846D4E90207C51BE1686C
:1056F000606816460844B54206D94146FAF7F3FDFC
:10570000B819E060BDE8F0812A464146FAF7EBFDA2
:10571000761B08EB050132466068FAF7E4FDE660A7
:10572000F0E700000FB4054B10B503A9044A029836
:1057300000F03CF810BC5DF814FB0000E9660008BE
:105740006C0100200FB4084B10B504A902AA0398FD
:1057500000F02CF8044602A9002000F052FA20467E
:1057600010BC5DF814FB0000035C00080907090E7B
:10577000002804DB00F1E02080F80014704700F0FE
:105780000F0000F1E02080F8141D704702E008C807
:10579000121F08C1002AFAD170477047002001E0AB
:1057A00001C1121F002AFBD1704700002DE9FF4FF5
:1057B0008DB00F460546002606E025280BD0DDE912
:1057C0000F1290476D1C761C28780028F5D111B077
:1057D0003046BDE8F08F0024A246A1460122E949E7
:1057E00000E0044315F8013F203B02FA03F00842B1
:1057F000F7D128782A2810D06FF02F022878A0F14E
:105800003001092914D80AEB8A0102EB410144F066
:10581000020400EB010A6D1CF0E701CF5FEA000A09
:1058200003D544F40054CAF1000A44F002046D1C8C
:1058300028782E2817D115F8010F44F004042A28DF
:105840000ED06FF02F022878A0F1300109290AD874
:1058500009EB890102EB410100EB01096D1CF2E744
:1058600057F8049B6D1C28786C280FD006DC4C2858
:1058700017D068280DD06A2814D104E0742810D0FD
:105880007A280FD10DE044F400140AE044F48014A7
:1058900001E044F440146978814202D104F5801497
:1058A0006D1C6D1C28786E281ED00CDC632830D04F
:1058B00004DC00288BD0582811D19FE0642867D0E1
:1058C00069280CD164E073282DD004DC6F2872D0D5
:1058D000702804D194E075286ED078286DD0DDE969
:1058E0000F129047761C4BE1C4F30250022806D0F9
:1058F000032809D0042801CF09D0066040E101CF78
:10590000F117C0E900613BE101CF068038E1067084
:1059100036E117F8040B8DF8000000208DF8010027
:10592000EB46012003E057F804BB4FF0FF3061075E
:105930004FF0000102D40DE008F10101884649450D
:105940000FDA8045F8DB1BF808100029F4D108E0D5
:1059500008F1010188468142FADB1BF80810002992
:10596000F6D1DDE90F23AAEB08008146214600F0BD
:1059700031F9304400EB080604E0DDE90F121BF8B2
:10598000010B9047B8F10108F7D221464846F2E0F2
:105990000A21C4F302524FF0000B0891022A04D0EE
:1059A00001CFC117032A09D00AE0FF1D27F007071E
:1059B000F7E8020108E02CE01EE01FE000B2C1178A
:1059C000042A01D140B2C117021E71F1000206DAA9
:1059D0000023D0EB030063EB01012D2202E022053E
:1059E00004D52B228DF82420012203E0E20701D008
:1059F0002022F7E7904653E00A210BE0102109E04E
:105A000010214FF0000B44F004044FF008090891F6
:105A100003E008214FF0000B0891C4F30252022A60
:105A200004D001CF0021032A06D006E0FF1D27F095
:105A30000707F7E8020103E080B2042A00D1C0B2F0
:105A40004FF0000822072BD52A78702A07D0DDF8FE
:105A500020C08CF0100C5CEA0B0C05D00EE040224C
:105A60008DF82420012208E050EA010306D03023FB
:105A70008DF824308DF8252002229046089B83F073
:105A8000080353EA0B030BD150EA010201D162076C
:105A900006D530228DF824204FF00108A9F1010924
:105AA0002A78582A04D038A20B9208AA0A920BE04E
:105AB0003AA2F9E75B46089AFAF7E4FB0B9B9B5C7A
:105AC0000A9A521E0A92137050EA0102F2D10A9801
:105AD000ADEB000000F1200B600702D524F4803408
:105AE00001E04FF00109D94502DDA9EB0B0000E010
:105AF000002000EB0B0141440890AAEB010AE003EF
:105B000006D4DDE90F232146504600F063F8064431
:105B10004FF0000908E009A911F80900DDE90F12AA
:105B2000904709F10109761CC145F4DBE0030CD56F
:105B3000DDE90F232146504600F04CF8064404E00E
:105B4000DDE90F1230209047761C0899481E089016
:105B50000029F5DC08E00A980A990078491C0A91A6
:105B6000DDE90F129047761CBBF10001ABF1010B90
:105B7000F1DC21465046DDE90F2300F019F8064418
:105B80006D1C21E6092801003031323334353637B7
:105B90003839616263646566000000003031323379
:105BA0003435363738394142434445460000000019
:105BB0002DE9F041044600251E461746880404D40A
:105BC00005E039462020B0476D1C641EF9D52846F3
:105BD000BDE8F0812DE9F041044600251E469046BF
:105BE000C80301D5302700E02027880404D505E04C
:105BF00041463846B0476D1C641EF9D52846BDE8BD
:105C0000F0810A68531C0B601070704700F0B6FEFC
:105C100001F02AFA03F088F803F008FA00F0E0FA3D
:105C200000F010FAFFF7D4FC164C1749206800F07A
:105C300083F91549606800F07FF914481E21006857
:105C400001F0DEFD12481E21006801F0D9FD114867
:105C50001E21006801F0D4FD0F483221006801F0D8
:105C6000CFFD01F05FFE00F00FFB002003F0C8FC49
:105C70004FF496740948FBF7B4FD204601F04CFB45
:105C8000F8E70000F0000020AD5E00082C000020C6
:105C900030000020280000203400002018110020CF
:105CA000D0ED001A90ED010A91ED001AD1ED010A34
:105CB000131F032B0BD890ED022AB1EE422A80ED80
:105CC000022A91ED022AB1EE422A81ED022AD3077F
:105CD00006D080ED000AC0ED011AC1EC020A07E00F
:105CE000C0ED001A80ED010A81ED001AC1ED010A34
:105CF000012A05D0022A03D0042A01D0072A0DD197
:105D000090ED000A022AB1EE400A80ED000A91ED02
:105D1000000AB1EE400A81ED000A05D0032A03D043
:105D2000062A01D0072A0BD190ED010AB1EE400AF4
:105D300080ED010A91ED010AB1EE400A81ED010A00
:105D40007047000030B544492DED028B81B00888C2
:105D5000A1F1100480B3A0F57062FF3A2CD000EEE0
:105D6000100A9FED3E1A4888B8EE400A3C49C1EE41
:105D7000000A00EE100AB8EE400A20EE800AF2EEA9
:105D8000060A20EE200A10EE100A884201DD9FED7F
:105D9000350AD4ED010AF5EEC00AF1EE10FA09D089
:105DA0009FED311A60EE810A9FED301A40EE010A34
:105DB000B0EE600A84ED010A022227492C48FAF766
:105DC000A7FDA0680025401CA06014281EDD04204B
:105DD000A5608DF8000094ED010AB6EE008A032359
:105DE00030EE080A6A460021BDEEC00A10EE100A25
:105DF000ADF801001F4802F013F994ED010A1E48A6
:105E000030EE080ABDEEC00A80ED000A208894ED4D
:105E1000010A00EE900AF8EE600AB4EEE00AF1EE34
:105E200010FA13D210EE100A144988420EDDE06811
:105E3000401CE060C8280ADD052000901048C823F7
:105E40009A00006840F6340100F064F9E56001B0A2
:105E5000BDEC028B30BD00003401002000409744AF
:105E600000409C46000000003333733FCDCC4C3DD6
:105E70002405002064D50020380100200020994529
:105E8000F800002010B500F067FC05284FF0000076
:105E900006D100F007FB0348407800F067FB0120C3
:105EA00010BD0000C8D20020704700001CB500786B
:105EB0008DF804000C468DF80510022301AA062176
:105EC000074802F0ADF8202C09D1012000900548C8
:105ED00032231A4600684FF4FA6100F01BF91CBD2A
:105EE00064D50020F8000020002101718160C160AC
:105EF000016141614FF4C87181614FF4FA61C16180
:105F0000891001620149416270470000A95E0008E2
:105F100010B501680748012903D0022903D00020E9
:105F200010BD022100E00121FBF78AF880F001009A
:105F300010BD000000100240002900D041627047EF
:105F400070B50446406908446061A16A20468847EC
:105F50000146A068884201D0A16070BDE16881421D
:105F600004D12179012901D00229F6D1E0602179FB
:105F7000002571B1012933D00229EED178B3216A0D
:105F800060698842E9D9626A0421204690476561C8
:105F900070BDD8B1626A012120469047D4E905015D
:105FA000884210D2206970B1401C2061022803D1C0
:105FB000626A4021204690472069032803D1626A23
:105FC0008021204690470120656114E0D4E9050155
:105FD0008842DDD920690028DAD02561D7E719E0A9
:105FE00058B1E16960698842D2D9626A02212046CB
:105FF000904702206561207170BD626A10212046C1
:106000009047626A202120469047206900B901200C
:10601000206107E0626A0821204690472561A06957
:10602000401C6061257170BD10B5054C1E212068B3
:10603000FFF786FF6068BDE810401E21FFF780BFB4
:10604000F00000202DE9F047144D154E00244FF4C8
:10605000967740F2DC584FF4C8792C221149002081
:1060600000F06AFD45F82400FFF73EFF55F82410C4
:10607000601C086055F82400866255F8240087618A
:1060800055F82410C1F81C8055F82410641C022C0B
:10609000C1F82090E1DBBDE8F0870000F0000020AF
:1060A000115F000800010020174844F62063994260
:1060B000026801D9194616E00A2914D2116A41F280
:1060C0001113194207D1116A9B10194203D11168AB
:1060D00021F0010111600068002141620A4640215F
:1060E0000A48FAF7B2BF0A4BB3FBF1F1C1F34F0311
:1060F000491ED162C16001684B630068016841F0CC
:106100000101016070470000540D002000000240B2
:10611000A08601001FB5069CADF80010CDE9012353
:10612000ADF80C40026A6946904704B010BD0321E7
:10613000017170472DE9F0410E46C269044600F135
:106140000C019047002700B9277120794FF0010812
:106150000325E8B1012828D0022817D1A0683044CF
:10616000A060D4E90421114481420FD8401AA060F4
:10617000208B012826D0626AA18920469047208B77
:1061800000B1401EA4F8180084F80480BDE8F08136
:106190002069B8B1A189A9B1626A204690476069B7
:1061A00008B1A760F0E72571F0E7A0683044A0606F
:1061B00021698842EAD3626A002120469047022082
:1061C0002071E3E7626A002120469047EBE7000078
:1061D00002481E210068FFF7ADBF0000F800002054
:1061E00010B586B0002240211C48FAF72EFF182275
:1061F0001B496846FAF777F86A461021052001F036
:10620000F9F81849282248601749002000F094FC4A
:10621000144C2060FFF78BFF216801200860206884
:10622000124941621249C1611249016212480021BA
:10623000026851620268891E116102686FF00201F2
:1062400011610168CA6842F00102CA600068C16851
:1062500041F00201C16006B010BD00000000024024
:1062600068C80008F800002000010020A9600008AC
:1062700031670008E18A0008540D002001490880B8
:10628000704700002401002010B528482DED048B34
:1062900000F05EF925480124B7EE008A0470DFEDB6
:1062A000248A80ED078A9FED239AC0ED068A80ED4F
:1062B000059A21490162243000F04AF91B481F4920
:1062C0002430047080ED078AC0ED068A80ED059ABF
:1062D0000162243000F03CF91448022148309FED5F
:1062E000180A017080ED078A80ED060A9FED150AF5
:1062F000154980ED050A0162243000F0C9FD0B4804
:1063000000216C309FED110A017080ED078A80ED4D
:10631000060A9FED0F0A104980ED050A9FED0D0A50
:1063200080ED040A0162BDEC048B10BDD46E012027
:1063300000005842CDCC4B431168000899980008E2
:106340000000344200000143C59800080000864266
:1063500000004843000020433D68000810B5024695
:106360000020054B04E000BF12F8014B4440185DCB
:10637000491E89B2F8D210BD20C7000830B5CA1C2A
:10638000C270C378002402229B1C03E0855C521C6F
:106390002C44A4B29342F9DCE24308440021427148
:1063A000817130BD55230370437081700271704755
:1063B00070B514460A46184948B14FF400551028E4
:1063C00007D020281CD030281DD0102001E04FF429
:1063D00080450D81012B40EA020017D001460320C1
:1063E00004F00EFC062002F033FD00F0F000012C5A
:1063F0000FD020F00101BDE87040062004F000BC81
:106400004FF48055E5E74FF40065E2E740F0800186
:10641000E5E740F00701EEE7C8D200202DE9F041A2
:1064200014460A461E4910F00F0F4FF010052AD1EE
:106430000611082E27D2DFE806F004071A1D2022D5
:1064400024094FF4006501E04FF480654D81012B74
:1064500040EA020019D00146042004F0D1FB0620D6
:1064600002F0F6FC00F00F01012C11D012E04FF405
:106470000075EBE74FF48075E8E78025E6E74025F7
:10648000E4E72025E2E77020E0E740F08001E3E761
:1064900041F07001BDE8F041062004F0B1BB0000FE
:1064A000C8D2002070B50546002000F05FF8102229
:1064B0003020124C05212DB101236370A2700D22F2
:1064C000E27003E003236370A270E17020716171D8
:1064D0006078C00705D00023E178A0781A46FFF75E
:1064E00067FF6078800707D561792079BDE8704043
:1064F00000231A46FFF792BF70BD0000C8D20020EB
:1065000010B504462DED028BB0EE408A90ED051AD1
:1065100061EE201AB6EE001AF0EE400A41EEC10A12
:1065200001EE818AB0EE600A00F072FAF0EE408A65
:10653000B0EE480A204600F06BFAF0EE400A216AFD
:10654000B0EE680ABDEC028B2046BDE8104008475B
:106550000349C160034941600349816070470000FD
:10656000719800080D9800081998000810B50446A5
:106570000146082004F044FB044904F0030048707D
:10658000BDE81040012000F0C7BE0000C8D20020C6
:1065900070B5F0EE400A2DED028B044690ED060A30
:1065A000DFED1B8A203001F089FD94ED070AD4ED60
:1065B0000E0A184DB8EEC00A174A184B184930EEAB
:1065C000208A18EE100AA84202DD9FED168A0EE01E
:1065D00018EE100A884202D99FED138A07E018EEE0
:1065E000100A984203D218EE100A904201DBF0EE36
:1065F000488A626CBDEEE80A204610EE101A9047F9
:10660000BDEEC80A84ED070ABDEC028B70BD000028
:106610000000000000007A4400007A4300007AC3C2
:1066200000007AC400007A4400007AC40021E0E847
:1066300002119FED0A0AE0E80211B0EE401A80ED67
:10664000010A80ED020AC16040F8101B42F20F718E
:10665000F0EE400AC16101F023BD0000000000001F
:10666000D0ED100AF4EEC00AF1EE10FA06D3F1EE06
:10667000600AF4EEC00AF1EE10FA01DDB0EE600A35
:1066800080ED080A70470000F0B5D0E90361856825
:10669000CF17A5FB014C06FB01C105FB0711A21892
:1066A00059410368C0E90021D31A00EE903AF8EE90
:1066B000E00A80EE801A9FED0A0AD0ED050A21EE6D
:1066C000000A9FED081A00EE810A80ED050AD0ED60
:1066D0000F0AF8EEE00A80EE201A80ED061AF0BDEF
:1066E0006666663FCDCCCC3D064A914201D103F0AF
:1066F000B7B8054A914201D103F0AAB84FF0FF3074
:10670000704700006C0100207001002002680748FB
:10671000012A06D0022A06D0806800231A4600F01B
:1067200037BE0068F9E74068F7E7000048D300206B
:10673000024800231A46406800F02ABEF8000020F4
:1067400010B5002002F064FBC4B2012002F060FB2F
:10675000C0B204EB002010BD2DE9F84318A00025BD
:106760000068184F2C46E846CDF8000018F80400E1
:106770003870002603E0002002F06AFB0546052D74
:106780000AD03046761C0528F5DB641CE4B2022CE6
:10679000ECD32846BDE8F88302F020FBC020B87196
:1067A0007821022004F02CFA012002F051FB002194
:1067B000082004F025FAB979092004F021FAE8E765
:1067C0006A6B0000C8D2002010B5012000F0A4FDC3
:1067D000FBE7000086B0FFF755FB0B4D4FF0FF368F
:1067E00003AC3146286800F0E3FE2146684602F01B
:1067F000ABFB18236A460721044801F011FC142062
:1068000000F08AFDEDE700004400002064D5002080
:1068100010B5094C2DED028BB0EE408AB0EE600A47
:106820002068FFF71DFFE068B1EE480ABDEC028B5F
:10683000BDE81040FFF714BF54D3002010B50F4C33
:106840002DED048BB0EE618AF0EE418AB0EE609AD5
:106850006068FFF705FFB0EE490A2068FFF700FF08
:10686000B1EE680AA068FFF7FBFEE068B1EE480AE7
:10687000BDEC048BBDE81040FFF7F2BE54D30020FE
:106880000EB5CDE90012ADF80830C26969469047EF
:106890000EBD0321017170470368094881F00102B0
:1068A000012B05D0022B07D0CAB2C114FAF7CDBB19
:1068B000D2B24FF40071F9E7D2B24FF48061F5E73C
:1068C000000C02402DE9F0410E468269044600F1B9
:1068D0000C019047002700B9277120794FF001087B
:1068E0000325E8B1012827D0022817D1A068304439
:1068F000A060D4E90321114481420FD8401AA0605E
:10690000A08A012825D0226A012120469047A08A2A
:1069100000B1401EA4F8140084F80480BDE8F081A2
:10692000E068B0B1226A012120469047206908B191
:10693000A760F1E72571F1E7A0683044A060E16845
:106940008842EBD3226A0021204690470220207122
:10695000E4E7226A002120469047EBE770B5064D38
:10696000002400BF55F824001E21FFF7ABFF641C74
:10697000032CF7DB70BD00003CD300202DE9F0476D
:1069800092B048221C496846F9F7ADFC1B4FDFF86E
:106990007080DFF87090DFF870A000246E46A7F1D9
:1069A0000C0500BF04EB440006EBC0020C210520DF
:1069B00000F020FD47F8240024221449002000F0B4
:1069C000BBF845F82400FFF764FF55F82410601C5D
:1069D000086055F82410C1F8208055F82410C1F83B
:1069E000189055F82410641C032CC1F81CA0D9DBA6
:1069F00012B0BDE8F087000020C8000848D300208E
:106A0000996800080D670008BD8A00080001002091
:106A1000D0ED060A9FED051A60EE810A80EE201A7D
:106A200090ED070A21EE000A70470000DB0F494095
:106A3000D0ED060A9FED051A60EE810A80EE201A5D
:106A400090ED070A21EE000A70470000DB0F494075
:106A50002DE9FC410E4600B92C4804464EB3A0680F
:106A600038BB4FF00008CDF800804546CDF80480D3
:106A700006EBC500416811B956F8351059B1DDE98A
:106A800000120A4456F835108A4212D80091406824
:106A90006D1C0190ECE765B15EB104F1140007468E
:106AA00000F076F828B9384600F060F808B1002701
:106AB00028E00020BDE8FC8101AA6946304601F0CB
:106AC00093FFE8B1A16811B90098C4E90008DDE9B5
:106AD000000210440838A060C0F80080A068C0F828
:106AE00004800098A2680260019A083A426001B1ED
:106AF0000860E16840680844E0602069401C20614B
:106B000008367F1CAF42D7D32069D3E7B0CE002030
:106B100070B50D4600B9074804461430064600F02B
:106B200045F82946204601F045FF3046BDE8704053
:106B300000F033B8B0CE00202DE9F04115460E46E6
:106B400000B9094804461430074600F02FF82A46D9
:106B50003146204601F0DAFE0446384600F01DF8C2
:106B60002046BDE8F0810000B0CE00201FB5074BE5
:106B700004460FCB8DE80F00684600F0C4FC20608F
:106B8000002800D0012004B010BD000028BD00087E
:106B90000068002800D00120704710B5006800F0A0
:106BA000E6FC08B1002010BD012010BD10B5006842
:106BB0004FF0FF3100F07EFC08B1002010BD012035
:106BC00010BD00000CB5C8B1104A0168914215D142
:106BD0008169D243914211D1416879B1816869B12B
:106BE00002690092C06801901046019A90420BD051
:106BF0001046009A904203D9811A05E000200CBD8E
:106C00001046019A801A091A481E0CBDEFBEADDE6F
:106C10000CB598B1104A016891420FD18169D243F5
:106C200091420BD1416849B1816839B10269009242
:106C3000C06801901046019A904202D14FF00000C6
:106C40000CBD02D9A0EB02000CBD1046009AA0EBCF
:106C50000200A1EB00000CBDEFBEADDE70B5154625
:106C60000E4604000CD05EB155B11C21F9F762FB51
:106C70000448A560C4E90006C043A061012070BDBE
:106C8000002070BDEFBEADDEF8B5154604000E461F
:106C900034D0214A2068904230D1A069D24390423A
:106CA0002CD1606850B3A06840B33EB335B32046E2
:106CB000FFF7AEFFA84200D3284607001ED0E068C9
:106CC0000090A0680099451ABD4200D33D46606817
:106CD0002A4601443046F9F706FB00987F1B2844FA
:106CE000009005D070193A466168F9F7FCFA0097F0
:106CF000A0680099884203D9084603E00020F8BD47
:106D000000200090E06063691BB1EA190021204671
:106D10009847E819F8BD0000EFBEADDEF8B515469E
:106D200004000E4634D0214A2068904230D1A06938
:106D3000D24390422CD1606850B3A06840B33EB3B8
:106D400035B32046FFF73EFFA84200D32846070090
:106D50001ED020690090A0680099451ABD4200D35A
:106D60003D4660682A4608443146F9F7BCFA009867
:106D70007F1B2844009005D071193A466068F9F7E6
:106D8000B2FA0097A0680099884203D9084603E048
:106D90000020F8BD00200090206163691BB1EA1952
:106DA000012120469847E819F8BD0000EFBEADDE8E
:106DB000314C08B500202070FDF72CFDFDF72AFDB1
:106DC0002E490020FFF744FEFAF71AFDFDF74EFEAC
:106DD0002B48016841F400110160016801F40011C1
:106DE0000091016841F480110160006800F4801096
:106DF000009023481038016841F4001101600068D8
:106E000000F400100090FDF79FF8FCF7C9FFFDF7B4
:106E1000E1FCFDF7FBFAFDF779FBFDF719FCFDF747
:106E200071FCFDF711FAFDF745FAFDF747FCFDF798
:106E3000A3FBFDF7D7FBFDF7B9FAFCF79FFFFDF7C2
:106E40006FFAFCF75DFFFDF769F9FDF7A7FCFDF7A9
:106E5000D7F9FDF783F9FDF797F9207810B909A064
:106E6000FEF760FC00F09CFD00F064FAFCF7BEFF4A
:106E700000F072FAFEE70000EC00002000010020A4
:106E80004038024053746172742E2E2E0D0A000099
:106E90000349C160034941600349816070470000B4
:106EA00081980008159800083198000810B504462C
:106EB0002DED068BD0ED041A90ED052A71EE821AA5
:106EC00021EE811A70EE601A30EE200A31EEC12AEE
:106ED00030EE019A30EE418A71EE819AB0EE420AAC
:106EE000FFF7A6FDB0EE40AAB0EE480A2046FFF735
:106EF0009FFDF0EE408AB0EE490A2046FFF798FD6C
:106F0000B0EE408AB0EE690A2046FFF791FDF0EE40
:106F1000401A216AB0EE481AF0EE680AB0EE4A0A4A
:106F2000BDEC068B2046BDE8104008470F4810B561
:106F300000230268002903DDD3630068016409E0CF
:106F400005DA13640068C1F10001C16302E0D36394
:106F5000006803644FF008010448FBF7F9FEBDE840
:106F600010400C210148FBF7F3BE00000007002091
:106F70000F4810B500230268002903DD5363006841
:106F8000816309E005DA93630068C1F100014163A0
:106F900002E05363006883634FF000010448FBF78D
:106FA000D7FEBDE8104004210148FBF7D1BE000028
:106FB0000007002010B50C4600211248FBF72CFFFB
:106FC00004211048FBF728FF00220E48002C04DDA6
:106FD00001688A630068446309E001684A6304DA6F
:106FE0000068C4F10001816301E0006882634FF032
:106FF00000010448FBF7ACFEBDE810400421014845
:10700000FBF7A6BE380B002010B50C460021144833
:10701000FBF702FF00211348FBF7FEFE0022104899
:107020001049002C04DD00684263086844630BE0EB
:1070300006DA09684A630068C4F10001416303E0AD
:1070400000684263086842634FF000010448FBF7A0
:107050007FFEBDE8104000210248FBF779BE00002A
:10706000EC0B0020A00C00202DE9F041714C002514
:107070002DED048B4EF660264FF48267F1EE088A00
:107080009FED6D9ADFED6D9ABFEE008A48226C4944
:107090000020FFF751FD44F82500FFF7C7FA54F828
:1070A0002500066154F82500C76354F82500C0ED9B
:1070B000108A54F8250080ED089A54F82500C0ED98
:1070C000099A54F8250080ED0A8A54F825006D1CB1
:1070D000042D80ED0B8AD9DB21685B4E594848644A
:1070E0003068002545623068016841F001010160A7
:1070F0003068416C41F400414164544801684D627C
:107100000168AF1E0F610168CA6842F00102CA60DF
:107110000068016841F0010101603C214B48FBF728
:10712000A3FB61684A48486430684562306801687A
:1071300041F0010101603068416C41F4004141645B
:10714000444801684D6201680F610168CA6842F0F5
:107150000102CA600068016841F0010101603C2140
:107160003C48FBF781FBA1683B4848643B48016809
:107170004D6201680A6842F001020A600068416CD1
:1071800041F400414164364801684D6201680F6175
:107190000168CA6842F00102CA600068016841F0F3
:1071A000010101603C212E48FBF75EFBE1682D48A0
:1071B00048642D4801684D622C490A68556202688E
:1071C000136843F0010313600A68136843F0010376
:1071D00013600068426C42F4004242640868416CEB
:1071E00041F400414164224801684D6201680F6129
:1071F0000168CA6842F00102CA600068016841F093
:10720000010101603C211648FBF72EFB194801687B
:107210004D6201680F610168CA6842F00102CA60EC
:107220000068016841F001010160BDEC048BBDE81C
:10723000F081000054D3002000000000000010C2C4
:10724000000100202D6F000800070020D009002059
:10725000716F0008B4070020B56F0008380B0020DC
:107260001C09002009700008EC0B0020A00C002075
:1072700068080020840A002002F0ACFE1E4E1F4C5D
:107280001F4D4FF0FF374FF4FA78206802F03EFBB5
:107290000121206802F00EFC0021206802F007FCAA
:1072A0001849206802F0F3FB3946286800F002F91B
:1072B000114B09221B1D0021206802F0BFFB0E4B61
:1072C00014221C330021206802F0B8FB32684AB156
:1072D0000DA11048FEF736FA0E4B1F220021206840
:1072E00002F0ACFB206802F0C9FB286800F03FF90F
:1072F000404600F011F8C8E73801002020010020C6
:107300003800002038BD00084241543A25646D76AB
:1073100000000000D86F012010B5EFF3058111B116
:107320006FF0050403E0002408B103F029FB2046B8
:1073300010BD0000EFF3058010B16FF0050070473D
:107340000448016811B14FF0FF307047012101601E
:1073500000207047BC00002010B5EFF3058010B18D
:107360006FF0050010BD08480168012902D04FF0F8
:10737000FF3010BD054A002182F8141D0221016072
:1073800003F0AEFB002010BDBC0000200BE000E0CD
:10739000F8B51D466FF003026FF002064FF00004CF
:1073A000EFF30583A3B1F0B1E9B1E5B90022009292
:1073B0006A4603F0C3FF012817D10098B0B10C4909
:1073C0004FF080500860BFF34F8FBFF36F8F0DE019
:1073D00048B141B12A4603F015FF012806D025B176
:1073E0006FF0010402E0144600E034462046F8BD88
:1073F00004ED00E0F8B514464FF00005EFF3058208
:1074000012BB08B301B3A4B1D4E9023263B1502A6C
:107410001AD32269C2B1676900FB01F6B74213D3E0
:10742000009503F0FBFC07E072B9226962B962695A
:1074300052B9002203F0D1FC050005D00CB121683F
:1074400000E0002103F03AFA2846F8BDF8B51D46E1
:107450006FF003026FF002064FF00004EFF30583B4
:10746000ABB100B3F9B1F5B90022134600926A46F8
:1074700003F0FCFD012818D10098B8B10C494FF079
:1074800080500860BFF34F8FBFF36F8F0EE050B195
:1074900049B100232A4603F039FD012806D025B161
:1074A0006FF0010402E0144600E034462046F8BDC7
:1074B00004ED00E02DE9F0410D46014621F0010008
:1074C00001F001014FF00004EFF305820AB1A41F9F
:1074D00016E048B100296FF001066FF00207294657
:1074E00008D004F035F807E06FF0030408E035B188
:1074F000344605E003F070FF0128F8D100E03C4677
:107500002046BDE8F08170B505464FF00004EFF36A
:10751000058050BB0DB1686800E00020C10701D0B4
:10752000012600E0002600071FD46DB1D5E9021046
:1075300021B1502819D31EB1042002E020B114E07B
:10754000012003F03DFC05E00EB1042000E0012025
:1075500003F02BFC040008D00DB1296800E00021E5
:1075600003F0ACF90EB144F00104204670BD70B5D3
:10757000014621F0010001F001014FF00004EFF39A
:1075800005820AB1A41F11E028B16FF0020529B1EC
:1075900003F019FE07E06FF0030407E000231A462A
:1075A000194603F0B3FC012800D02C46204670BDDC
:1075B000F8B50D460024211F4E1C002804D000BF42
:1075C000EFF30582A2B10DB10C461BE000216A4623
:1075D000009103F0B3FE012813D1009890B10A493D
:1075E0004FF080500860BFF34F8FBFF36F8F09E0FB
:1075F000294603F0F1FE012804D015B16FF0010413
:1076000000E034462046F8BD04ED00E0F8B514462D
:1076100003460E464FF00005EFF3058098BB93B389
:107620009E423DD84CB1A0680028E06803D05028A5
:1076300036D3012002E008B132E00020012B05D052
:1076400010B31846A26803F090FB20E040B103207D
:107650000090002211460120A36803F0DFFB04E044
:1076600003220021012003F0B8FB050018D086B1E9
:1076700000231A46194603F049FC012809D0284680
:1076800003F030F900250BE0184603F051FB05002C
:1076900006D00CB1216800E00021284603F00EF965
:1076A0002846F8BD38B50024E51E00280BD000BFE1
:1076B000EFF30581A9B100210091694603F035FD82
:1076C000012815D102E06FF0030412E0009880B1A8
:1076D00009494FF080500860BFF34F8FBFF36F8FA1
:1076E00007E000231A46194603F010FC012800D0D9
:1076F0002C46204638BD000004ED00E02DE9FF4196
:107700004FEA01034FF00005EFF30581039549BBF4
:1077100040B38027182100244AB3166806B13446C6
:1077200096691EB13146761E382E02D21679F607BA
:1077300003D0002004B0BDE8F081566906B1B70857
:10774000D2F808C0BCF1000F0DD0D5685C2D18D35D
:1077500012693AB136B18DE806103A46214603F077
:107760007EFF03900DE0D6685EB912694AB903AA9C
:10777000CDE90012BAB2214603F044FF012800D03F
:1077800003950398D6E700002DE9FC471C46904678
:10779000894607464FF00006EFF3058058BB57B304
:1077A000082001F0A5F9050025D0C5E90078B9F158
:1077B000000F12D00122114B002094B1216801B1B9
:1077C0000846A16859B1E4682C2C11D3CDE90031E9
:1077D0002B46012104F024F908E00022EBE7E168E0
:1077E00031B900932B46012104F000F9060002D1C3
:1077F000284602F0F5FF3046BDE8FC87B35000088C
:1078000008B5EFF3058212B16FF0050008BD58B15D
:107810000022134600920A46042104F049F9012887
:1078200005D06FF0020008BD6FF0030008BD002016
:1078300008BD011D4079891C01F088BF011D007938
:10784000012803D1B1F80100FEF718BD7047000010
:1078500008B5418900910389C2888188024800687F
:10786000FEF758FC08BD0000F800002070B5134C6E
:107870000D46D4F84C61D4F84C0180F00100C4F8F6
:107880004C010F48FBF740FBD4F84C014FF48072D9
:1078900004EB8000D0F840110948FBF708FB04EB2B
:1078A00086002A46D0F84011D4F85401FFF736FA82
:1078B00004480068BDE87040FFF7F4BE64D50020BE
:1078C000300F00204000002010B5114C0020D4F8EB
:1078D0005C11FFF71DF90F4800231A4604F5AE713D
:1078E0000068FFF755FD28B10B480068BDE810405F
:1078F000FFF7D8BE094A01210948FBF763FDD4F818
:107900005C110748CA78BDE81040521DFBF7C4BDA2
:1079100064D50020200000203C000020C978000829
:10792000300F002010B5154A0121154800F016FA55
:10793000144A0221124800F011FA134A0321104898
:1079400000F00CFA114A05210D4800F007FA104A20
:1079500004210B4800F002FA0E4A0021084800F00A
:10796000FDF90D4A0B21064800F0F8F9BDE810407A
:107970000A4A0A21024800F0F1B90000017A000821
:1079800064D5002051780008317A0008A57D0008F0
:10799000397B00083D78000833780008E57A000854
:1079A00070B54FF4B0711248F8F7C4FC104C0020C9
:1079B000104904F8DC0BC4E9180101F58071A166D7
:1079C0004FF48071C4E91B10CD002A460A49FFF725
:1079D000B3F860671C2208490020FFF7ADF8A067E4
:1079E0002A46616FFFF73AF90448E06770BD00006E
:1079F00064D5002064D3002000010020E98F000836
:107A000030B410F8041F491ECCB2022C0BD2B0F8CF
:107A10000530B0F80320B0F80110044850F82400F5
:107A200030BCFEF72DBF30BC704700003CD30020B7
:107A300030B502799FED280A284985B0052A0AD277
:107A4000DFE802F0030B1C223200D0F80620407958
:107A500051F82000026205B030BD0022001D09E08F
:107A600002EB82030344521CD3F803409B7851F885
:107A700023301C6243789342F2DCECE7407951F802
:107A8000200080ED080AE6E700220123001D03FA2A
:107A900002F544782C4203D051F8224084ED080AC4
:107AA000521C042AF3DBD6E704208DF800000020E6
:107AB0004FEA0D0251F8203002EB8004401C9B6914
:107AC000C4F801300428F5DB11236A460321044879
:107AD00000F0A6FABFE700000000000054D3002029
:107AE00064D5002070B5114D041D4FF0FF3128689A
:107AF000FFF7E0FC20780026012802D0022810D1F0
:107B000007E06278A11C0A48F8F7EDFB60780849A5
:107B100006E06278A11C0748F8F7E5FB60780549A4
:107B20000E542868BDE87040FFF721BD38000020E2
:107B30003C010020540100207FB50179374C0A290F
:107B40001ED2DFE801F01D051D1E1D2E1D441D5314
:107B5000051D002611E000BF06EB4600411908791B
:107B6000042809D804EB8000B5F80120B1F805100D
:107B700050F8040C01F0C0F8761CE878B042EBDC59
:107B80007FBDC379001D042BFAD8B0F8012081888D
:107B900004EB830050F8040C04B0BDE8704001F021
:107BA000ABB84179001D0429EAD8C9B204EB8102BF
:107BB000042352F8042C9289ADF80C208DF80010A3
:107BC00000788DF8010090B2ADF8020020E0427913
:107BD000001D042AD4D890F9021004EB820050F85A
:107BE000040C04B0BDE8704001F07BB84179001D81
:107BF0000429C5D8CAB204EB8201032351F8041C3E
:107C000009798DF8002000788DF801008DF80210B8
:107C10006A460421024800F003FA7FBDC4D6002062
:107C200064D500202DE9F047044690B0D0F8540107
:107C3000FEF7EEFFE8464FF00009661D7FE04028A2
:107C400000D9402002466946D4F85401FFF71CF8D9
:107C5000074600256DE02078062867D2DFE800F0AF
:107C6000030A12202B3A18F80500AA2806D1012091
:107C700020705DE018F80500552801D00020F7E7D6
:107C80000220F5E718F805000D2801D2032000E0D6
:107C90000020207003284BD118F80500E07047E061
:107CA00018F80500207120B104202070C4F83C9120
:107CB0003EE00520F9E7D4F83C1118F80500885596
:107CC000D4F83C01401CC4F83C01217988422FDBE8
:107CD0000520CDE7217918F8050088552179E01CA9
:107CE000891CFEF73BFBC0B28246014617A0FDF798
:107CF00019FD2079815D514513D1E07804EB8000B6
:107D0000D0F8080168B114480A220123806811469E
:107D1000FEF7B6FDE07804EB8000D0F80811601C97
:107D2000884740F20511601CF8F704FB84F80090C6
:107D30006D1CBD428FD3D4F85401FEF769FF0028B3
:107D40007FF47DAF10B0BDE8F08700006372633A46
:107D500025640D0A000000003CD300200D2903D249
:107D600000EB8100C0F80821704700000A4C002198
:107D70002068FFF71DFC0949002081F83C0000F055
:107D80002BF94FF0FF3529462068FFF711FC044816
:107D9000FFF748FFF7E7000040000020300F002009
:107DA00064D500207FB502790021122A77D00CDC3F
:107DB000112A1BD2DFE802F01A2C1A401A4D1A566B
:107DC0001A6A1A7578811A1A9600322A68D00EDC5F
:107DD000202A6FD0222A6ED0242A6DD0302A05D1D5
:107DE0000389C2884179664801F0B1FA7FBD342A1F
:107DF00075D0362A74D0382A73D03A2AF6D18DF845
:107E00000C10041D417903AA5D4801F0E2F95AE023
:107E1000041D00250CE000BF05EB45002044B4F82C
:107E20000130B0F805200179554801F0E6FA6D1CE3
:107E3000E078A842F0DC7FBD051D002405E028198C
:107E400081784F4801F043FB641C6878A042F6DC5F
:107E50007FBDADF80C10041D417903AA484801F01C
:107E600086F907E0ADF80C10041D417903AA4448D7
:107E700001F0C8F9034622786178684600F084F87A
:107E8000BDF80C00ADF8030005236CE08DF80C1074
:107E9000041D417903AA3A4801F082F913E027E072
:107EA00041E04179002201E041790122344801F0AA
:107EB000E5F87FBD23E028E030E0041D417903AA06
:107EC0002F4801F03BF9034622786178684600F0BC
:107ED0005BF89DF80C008DF80300042343E02AE0D2
:107EE00030E046E082794179254801F073FAE0E715
:107EF000041D417903AA224801F007F9E3E78279DA
:107F000041791F4801F053FAD3E78DF80C10041D96
:107F1000417903AA1A4801F0DFF8D4E741791848FB
:107F200001F005FAC5E70391041D417903AA14483D
:107F300001F0B7F80DE00389C2884179104801F0DB
:107F400095FAB6E70391041D417903AA0C4801F0A4
:107F500072F9034622786178684600F015F80398B4
:107F6000CDF8030007236A460521064800F058F8BB
:107F70009FE782794179024801F060FA99E70000B1
:107F8000A46F012064D50020017042708370704797
:107F90002DE9F04115460F460646921D0D49002079
:107FA000FEF7CAFD040011D0AA2020705520607091
:107FB000E570A6702A463946201DF8F794F9A81CEA
:107FC00081B2A01CFEF7CAF9611908712046BDE80C
:107FD000F08100000801002010B50D48FAF794FF69
:107FE0000C4A04210A48FBF7EDF90B490848FBF756
:107FF00030FA0A48D0F84C114FF4807200EB81003F
:10800000D0F84011BDE810400148FAF750BF000019
:10801000300F00209D8000086D78000864D5002096
:1080200070B515460E4604461A4629463046FFF7F7
:10803000AFFF010005D02046D4F85821BDE87040BC
:1080400010476FF0010070BD0F4A01210F48FBF788
:10805000B9F9104C0E4E104F4FF0FF3504F5AE78C5
:1080600029463068FFF7A4FA2B46002241463868BB
:10807000FFF78EF90028F3D1D4F85C110348CA78D1
:10808000521DFBF709FAEBE7C9780008300F002012
:108090003C00002064D5002020000020FFF79CBF9A
:1080A000DFED051A011DC0ED001A81EC040AC0EDD8
:1080B000051AC0ED061A70470000000090ED001A86
:1080C000D0ED052AB0EE003A31EE400A90ED041AE8
:1080D000B0EE402A60EE201A02EEC32A72EE012AA8
:1080E00082EEA02AD0ED010AD0ED022A60EE800ACD
:1080F00042EEA10AD0ED031A41EE820AC0ED060A53
:1081000080ED051A80ED040A704700002DE9F0416A
:10811000134C0F460546E6682068001D02F0CEFAB3
:10812000681C07D137B12168BDE8F0410D48091D31
:1081300002F016BB20683544B5424560216805D27F
:10814000A06BBDE8F041091D02F0F2BA606B091D99
:1081500002F0EEFAA06A854200D2A562BDE8F08185
:108160006C000020141600202DE9F041054602F0B5
:1081700003FB2D4CA068401CA06020682B4F10B161
:10818000606930B32BE02560A068012827D1002664
:1081900006EB860007EB800002F0BCFA761C382E56
:1081A000F6D3234802F0B6FA2148143002F0B2FAAE
:1081B0001F48283002F0AEFA1D483C3002F0AAFAFF
:1081C0001B48503002F0A6FA194860631430A063CF
:1081D00005E02068E96AC06A884200D82560606AC4
:1081E000401C60626864E86A2169884200D92061A5
:1081F00000EB800007EB8000291D02F0B1FA02F0CD
:10820000DBFA606900280CD02068E96AC06A8842FD
:1082100007D208494FF080500860BFF34F8FBFF37B
:108220006F8FBDE8F08100006C0000206411002019
:10823000C415002004ED00E038B502F09DFA104CA2
:108240002068C8B90F4802F065FA0E48143002F0F1
:1082500061FA0C48E060143020610A4B0020F03BCA
:10826000009003F1500210210A2002F0D7FD206097
:1082700010B105A102F022FBBDE8384002F09CBA23
:10828000A800002018170020546D72510000000053
:1082900030B4026C0B46002A0BD0C1681144C16097
:1082A0008468A14201D30168C16030BC1846F8F768
:1082B0001AB830BC70472DE9F041856B174604466B
:1082C0000026026C82B1C7B1E068F8F70CF8E168EB
:1082D000206C091AE1602268914202D2A168081A52
:1082E000E060022F16D017E02068A8B9A06803F05C
:1082F00067FA06460020A0600EE06068F7F7F3FF1B
:10830000216C606808446060A168884204D32068DA
:10831000606001E005B16D1E6D1CA5633046BDE8CF
:10832000F08110B5044690F8590058B101280CD0DE
:1083300002280FD0502080F31188BFF34F8FBFF376
:108340006F8FFEE7206B02F04BFA2046BDE810402D
:1083500002F046BA10BD000010484FF4A041420799
:1083600006D0C01D0D4920F00700411AC1F5A041FB
:108370000B4A00230144C2E900030839183A21F0EE
:10838000070111604B600B600B1AC0E9001393608A
:108390004FF000405360506170470000F8790020B2
:1083A000D8000020154E164CA6F29C474FF080587E
:1083B000DFF8509012E000BF02F0DEF9F068C56807
:1083C000281D02F07BF9A068401EA0606068401E76
:1083D000606002F0F1F92846FFF7A3FF606800280B
:1083E000EAD13868012805D9C9F80080BFF34F8F5A
:1083F000BFF36F8F02F08CF9F0E700000016002049
:108400006C00002004ED00E0002807D0002181600E
:1084100001600B460A46C16002F078BD704700005B
:1084200070B51D46049C51B1C4F80020C4E90F0189
:108430000121204602F026FD84F84C5070BD2460D6
:10844000F4E700002DE9F05F8846DDE90B9415465E
:10845000834691009A460A9EA522206BF7F763FF98
:108460006FF00301206B01EB8501084420F0070742
:10847000780707D0502080F31188BFF34F8FBFF3E8
:108480006F8FFEE70025B8F1000F0FD05FF00000FE
:10849000221818F8001082F8341018F8001011B1E2
:1084A000401C1028F4D384F8435001E084F8345081
:1084B000382E00D33726E662C4E91365201D02F08A
:1084C00034F904F1180002F030F92461C6F13800E3
:1084D0006462A061656584F8585052465946384632
:1084E00000F066FC2060B9F1000F01D0C9F800402F
:1084F000BDE8F09F2DE9F0471E46DDE908941746D8
:108500000D00804615D0002C11D0FFF795FE04F128
:108510001801C4F8008081E86002201D02F005F90E
:10852000002F04D014F8280F40F004002070BDE89C
:10853000F087502080F31188BFF34F8FBFF36F8F08
:10854000FEE7000030B5114900E011460A6882429A
:10855000FBD34B685C18844203D1406818444860E0
:10856000084643681C18944209D1084C183C2468FA
:10857000A24209D052681A4442600A681268026036
:10858000814200D0086030BD0460F9E7D8000020C7
:1085900070B5002441600B4D0061914206D8D11A9C
:1085A0008269914206D2011D286907E09A4203D2EE
:1085B000994201D3012403E0011DE86802F0B8F8F4
:1085C000204670BDA800002010B5044602F0D4F883
:1085D000A06B28B15FF0000402F0EEF8204610BD59
:1085E0000124F9E730B589B03C4D6EE004980028CD
:1085F00006DADDE90601059A90470498002864DB55
:10860000069C606910B1201D02F058F803A800F024
:10861000D7F8024604980A2857D2DFE800F005058B
:10862000052D334A05052D3394F8280040F001004C
:1086300084F828000599A069059B01442046FFF7AE
:10864000A7FF68B3216A2046884794F828004007AE
:108650003BD5002000900598A169002342181946D7
:10866000204603F025FAD8B9502080F31188BFF3D3
:108670004F8FBFF36F8FFEE714F8280F20F0010033
:10868000207022E094F8280040F0010084F82800CF
:108690000598A06128B1811813462046FFF778FF9E
:1086A00013E0502080F31188BFF34F8FBFF36F8F1B
:1086B000FEE794F82800810703D4204602F090F8E2
:1086C00003E020F0010084F82800002204A92868B3
:1086D00002F098FD002889D109B030BDA800002023
:1086E0002DE9FC410F46054602F03EFA01A800F0D4
:1086F00067F80446019818B103F016F9BDE8FC814B
:10870000254EAFB130690068D0B30027291B3A4627
:10871000306802F013F903F007F90028EED11F4981
:108720004FF080500860BFF34F8FBFF36F8FE5E7C6
:10873000A542EBD803F0F8F8F0682746C068C46893
:10874000201D01F0BBFF94F82800410719D5A0694E
:108750002B4641193A462046FFF71AFFA8B10020E0
:108760000346014600902A46204603F0A1F960B96D
:10877000502080F31188BFF34F8FBFF36F8FFEE758
:1087800007E020F0010084F82800216A204688478D
:10879000B4E70127BAE70000A800002004ED00E0DC
:1087A0000648416B096829B1416BC968C9684968C5
:1087B000816270474FF0FF31FAE700006C00002043
:1087C00070B5054602F08AFF064E0446B068844242
:1087D00003D200F009F8012000E0002028602046C4
:1087E000B46070BDA8000020F8B5194D20E0C06845
:1087F000C4680668201D01F061FF216A2046884791
:1088000094F82800400713D5A0693044B04206D937
:1088100024616060211DE86801F08AFF08E0002003
:108820000346014600903246204603F041F938B134
:10883000E86801680029DAD12969C5E90310F8BDA3
:10884000502080F31188BFF34F8FBFF36F8FFEE787
:10885000A800002008484068401C4FF0500080F3FA
:10886000118804D0BFF34F8FBFF36F8FFEE7BFF3C4
:108870004F8FBFF36F8FFEE7E0000020074CE068EA
:10888000016841B1C0680021D0F80000FFF728FF5F
:10889000FFF7A8FEF3E701210020F7E7A80000207A
:1088A0002DE9F041044601F067FF94F9455004F1C9
:1088B000240609E0606A48B1304602F0FDFF08B1C5
:1088C00002F08CF86D1E6DB2002DF3DC4FF0FF3618
:1088D00084F8456001F070FF01F04EFF94F94450B8
:1088E00004F1100709E0206948B1384602F0E4FFBE
:1088F00008B102F073F86D1E6DB2002DF3DC84F840
:108900004460BDE8F04101F057BF00002DE9FC4193
:108910000B46D21D22F00706816805460836E1B3F2
:10892000082E43D0002E41DB2C68074603B301AA72
:108930006946184600F058F8002835D06CB3DDE9D8
:1089400000100A18206840B3AB68A3422ED08C42B6
:1089500004D3A2422AD96368B3420ED22746044602
:10896000F0E72068C8B1A14220D02746044600E0C5
:108970009CB16068B042F4D300E074B12068386004
:10898000E868616804F10808401AE8603246214648
:10899000284600F071F8606800E007E040F0004011
:1089A0006060034820604046BDE8FC810020FBE792
:1089B000EFBEADDE30B4002911D008390FD04A68BF
:1089C000002A0CDA074C0B68A34208D122F00042BF
:1089D0004A60C3681A44C26030BC00F024B830BC9E
:1089E00070470000EFBEADDE30B5D0B1C9B1C2B145
:1089F00000230B601360436823F00703102B10D390
:108A000000680446450708D000F00705C5F10805D1
:108A10002819041B1B1B102B03D3086001201360B3
:108A200030BD002030BD70B5002923D0024600E0E3
:108A30001A46002A1ED013688B42F9D35468A51831
:108A40008D4203D1496821445160114673B15D687C
:108A500065B14C6866189E4208D18068834203D095
:108A60006019486010680068086000E00B608A4286
:108A700000D0116070BD000070B50C460021636825
:108A800003F0004523F000439B1A082B09D3A118DB
:108A90004B606260C2684B681A44C260FFF7C3FF54
:108AA000012135B12CB1606840F00040606002489F
:108AB0002060084670BD0000EFBEADDE02680748CA
:108AC000012A06D0022A06D0806800231A46FEF743
:108AD000BDBC0068F9E74068F7E7000048D3002014
:108AE000024800231A464068FEF7B0BCF800002098
:108AF0002DE9F0410546002702F036F8324E306885
:108B000008B9FFF729FC706905424ED1C5B3083595
:108B100068070ED005F00700C0F10800054468079B
:108B200007D0502080F31188BFF34F8FBFF36F8FB2
:108B3000FEE72DB37068854237D8234818300146C8
:108B40000C6801E020460C466168A94202D2216807
:108B50000029F7D131688C4227D00768216801606D
:108B600060680837411B10290FD96019420708D0E7
:108B7000502080F31188BFF34F8FBFF36F8FFEE754
:108B800013E041606560FFF7DDFC61687068401AC2
:108B90007060B268904200D2B060706901430020FA
:108BA000C4E90001F068401CF06002F0BDFE7807E7
:108BB00007D0502080F31188BFF34F8FBFF36F8F22
:108BC000FEE73846BDE8F081C0000020044908688F
:108BD00018B10868026D521C0265086870470000F1
:108BE0006C00002010B5040006D001F0C5FDE4695A
:108BF00001F0E2FD204610BD502080F31188BFF344
:108C00004F8FBFF36F8FFEE7C2B24FF40061014890
:108C1000F8F71BBA00000240C2B24FF4805101487D
:108C2000F8F713BA00000240C2B24FF48071014855
:108C3000F8F70BBA00080240C2B24FF400710148C5
:108C4000F8F703BA0008024010B590F8211000248C
:108C5000E9B180F8214041691422B1FBF2F3C3610C
:108C6000D0E90221891A00EE101A0121B8EEC00ADB
:108C700080ED060AF0EE400A00EE103AB8EEC00AA7
:108C800080EE801A80ED061A80F8201002E090F83D
:108C9000201091B1C169491EC16113D000EE101AB4
:108CA000D0ED060A8268B8EEC00A20EE800ABDEE5A
:108CB000C00A10EE101A1144C1604268C168114424
:108CC000016110BD8168C16080F82040F5E710B5F2
:108CD00004462821F7F72EFB40F2DC50E0602061CB
:108CE00010BD6FF06302914201DA114602E064297F
:108CF00000DD642141607047142A01D2142204E08F
:108D000047F230539A4200D91A4640F6C4139942AA
:108D100003D84FF4FA73994200D219464261816038
:108D2000012180F82110704770B51A4D00242822C7
:108D300019490020FDF700FF45F82400FFF7C7FFA1
:108D4000641C042CF3DB29681448486269681448E1
:108D50004862A96813484862E968134848621348A2
:108D60000021026851620268891E116102686FF079
:108D7000020111610168CA6842F00102CA6001681B
:108D8000CA6842F00202CA600068016841F001014D
:108D9000016070BDC4D6002000010020098C0008CD
:108DA000198C0008298C0008398C0008080E002056
:108DB00010B5031F4FF080741C601B1F21F00101D0
:108DC0001960191F044B0B6014390A60091F6FF0FA
:108DD000020244380A6010BD5588000810B5B02161
:108DE000602001F00DFF0A20FEF796FAA2210A206A
:108DF00001F006FF40F69800FEF78EFA00210A20E7
:108E000001F0FEFEBDE810406420FEF785BA0000C8
:108E10001FB54FF6FF73012203A98DE80E0013461C
:108E20000246EE210348F8F7E7FA9DF80C0004B07B
:108E300010BD0000CC05002008B5002100910146BE
:108E400002236A46D420FAF7D5FDBDF8000008BD1C
:108E500008B500218DF80010014601236A46D42090
:108E6000FAF7C8FD9DF8000008BD00002DE9F047A5
:108E700005460C463520FFF7DFFF07B23720FFF726
:108E8000DBFF0FFA80F93920FFF7D6FF0FFA80F8E1
:108E90003B20FFF7D1FF06B23D20FFF7CDFF0FFAD1
:108EA00080FA3F20FFF7C8FF264B00EE107A01B290
:108EB0001A89F8EEC00A00EE102AB8EE400A80EED9
:108EC000801A00EE109AF8EEC00A00EE102AB8EEF2
:108ED000400A85ED001A80EE801A00EE108AF8EE46
:108EE000C00A00EE102AB8EE400A85ED011A80EEA5
:108EF000801A00EE106AF8EEC00A85ED021A588951
:108F000000EE100AB8EE400A80EE801A00EE10AAB9
:108F1000F8EEC00A00EE100AB8EE400A84ED001A1E
:108F200080EE801A00EE101AF8EEC00A00EE100A69
:108F3000B8EE400A84ED011A80EE801A84ED021A20
:108F4000BDE8F087C8D2002070B506460D462E2039
:108F5000FFF77EFF1E4C800721D029463046FFF7E1
:108F600085FF002229463046FCF79AFE96ED000A5E
:108F700084ED050A96ED010A84ED060A96ED020AD3
:108F800084ED070A95ED000A84ED080A95ED010AC3
:108F900084ED090A95ED020A84ED0A0A70BD94ED8C
:108FA000050A86ED000A94ED060A86ED010A94EDA5
:108FB000070A86ED020A94ED080A85ED000A94ED91
:108FC000090A85ED010A94ED0A0A85ED020A70BDD1
:108FD000C8D20020482202490248F9F70DB9000022
:108FE000F4D200202006002013B504480A230022F2
:108FF00001A90068FEF72AFA1CBD0000200000202D
:1090000070B501260025C6620446056100F8015BC3
:109010000D21F7F78FF984F828600D2104F1140071
:109020006562F7F787F9256370BD000010B50F483A
:10903000FFF7E6FF0D480521C1620D4901630D48A8
:1090400000210068FEF7B4FA0B486FF08001026857
:1090500011600268491011600268491011600068CF
:10906000C16841F02001C16010BD0000A46F012063
:10907000F19400084C000020BC0E00207FB514467F
:1090800005461F226846FDF78DF98DF80540012140
:109090006846FDF773F92B6B01226946284698470D
:1090A0007FBD7FB51546044615226846FDF77AF95F
:1090B00000216846FDF762F9236B002269462046CD
:1090C000984718B14FF0FF3004B070BDE088288099
:1090D000208968800020F7E77FB5154604461322F3
:1090E0006846FDF75FF900216846FDF747F9236BF5
:1090F000002269462046984718B14FF0FF3004B06F
:1091000070BDA07928700020F9E77FB515460446A8
:109110000E226846FDF746F900216846FDF72EF954
:10912000236B002269462046984718B14FF0FF3064
:1091300004B070BDA07928700020F9E77FB515460E
:10914000044620226846FDF72DF900216846FDF708
:1091500015F9236B002269462046984718B14FF055
:10916000FF3004B070BDA07928700020F9E77FB50A
:10917000154604461C226846FDF714F9002168468E
:10918000FDF7FCF8236B002269462046984718B18A
:109190004FF0FF3004B070BDE08828800020F9E770
:1091A0007FB5154604461A226846FDF7FBF80021F4
:1091B0006846FDF7E3F8236B00226946204698478E
:1091C00018B14FF0FF3004B070BDA07928700020B6
:1091D000F9E77FB51546044619226846FDF7E2F81F
:1091E00000216846FDF7CAF8236B00226946204635
:1091F000984718B14FF0FF3004B070BDA0792870C7
:109200000020F9E77FB5154604461B226846FDF7A6
:10921000C9F800216846FDF7B1F8236B00226946C2
:109220002046984718B14FF0FF3004B070BDE08879
:1092300028800020F9E77FB51546044617226846C6
:10924000FDF7B0F800216846FDF798F8236B00227F
:1092500069462046984718B14FF0FF3004B070BD02
:10926000E0882880208968800020F7E7F0B504783E
:1092700000235522072C56D2DFE804F0040E181DF7
:1092800028313F00552905D00021017042704FF070
:10929000FF30F0BD0121F8E7552905D0002101700C
:1092A00082706FF00100F0BD0221F8E7C170032168
:1092B00001700120F0BD072903D903706FF002008F
:1092C000F0BD0171042101700220F0BD4171036104
:1092D0000179062900D0052101700320F0BD026943
:1092E000831D541C0461D15401690279C91C914247
:1092F00001D1062101700420F0BD0479461C00252F
:109300000222A41C03E0B75C521C3D44ADB294425F
:10931000F9DCEA43D2B28A42037002D06FF06200F5
:10932000F0BD0020F0BD03706FF06300F0BD1FB50D
:10933000044612226846FDF735F800216846FDF71D
:109340001DF8236B01226946204698471FBD7FB553
:10935000154606461C4614226846FDF723F84FF4CE
:109360007A70854201D9024600E02A46844200D93B
:109370000446A24201D9204600E0104600D8224609
:109380008DF805004FEA10208DF806004FEA1220F4
:109390008DF808008DF807204FF004016846FCF7AF
:1093A000EDFF336B01226946304698477FBD7FB59C
:1093B0001446054611226846FCF7F4FF8DF8054077
:1093C00001216846FCF7DAFF2B6B0122694628462B
:1093D00098477FBD7FB5144605460D226846FCF7C9
:1093E000E1FF8DF8054001216846FCF7C7FF2B6BB4
:1093F00001226946284698477FBD7FB506464FF44F
:109400007A701C46824200DD0246154601226846FB
:10941000FCF7C8FF8DF80550280A8DF80600200AD1
:109420008DF808008DF8074004216846FCF7A6FF78
:10943000336B01226946304698477FBD7FB514469D
:10944000054618226846FCF7ADFF642C01D964205C
:1094500000E0E0B28DF8050001216846FCF78EFFC0
:109460002B6B01226946284698477FBD7FB514467D
:1094700006461D4616226846FCF794FF41F29410FA
:10948000844200D2044643F2B0602246854200D9AD
:109490000546AA4201D9284600E0204600D82A46BF
:1094A0008DF805004FEA10208DF806004FEA1220D3
:1094B0008DF808008DF807204FF004016846FCF78E
:1094C0005DFF336B01226946304698477FBD1FB56B
:1094D00004460C226846FCF765FF00216846FCF74D
:1094E0004DFF236B01226946204698471FBD0000AF
:1094F0002DE9F047054614460F4600262848F7F7A1
:10950000C8FD0D22394605F11400F6F7ECFE0D21D9
:10951000681CF6F70FFF0020686285F82840204C91
:109520002861287021686FF02008C1F80080216848
:109530006FF08009C1F8009020686FF04007076065
:109540002068C16841F08001C1602068C16841F0B5
:109550004001C1602068C16841F02001C16011482C
:10956000E96A0068FEF724F800B1761E2068C16839
:1095700021F08001C1602068C16821F04001C16014
:109580002068C16821F02001C1602168C1F8008015
:109590002168C1F80090206807603046BDE8F08778
:1095A000BC0E00204C00002028B1012805D101216B
:1095B000022001F013BB0021FAE770472DE9F041CA
:1095C0000E46DDE9064501461F469046032001F0A0
:1095D00005FB3146042001F001FB4146052001F066
:1095E000FDFA3946062001F0F9FA2146072001F07C
:1095F000F5FA2946BDE8F041082001F0EFBA000075
:1096000010B52A4C02002849206818D0012A27D01A
:10961000022A36D0032A45D1254A0A60012100F0EA
:1096200051F80121606800F04DF80121A06800F0B8
:1096300049F8E0680121BDE8104000F043B81C4A39
:1096400048320A60002100F03DF80021606800F017
:1096500039F80021A06800F035F80021E068EAE759
:10966000134A243A0A60032100F02CF803216068B1
:1096700000F028F80321A06800F024F80321E06836
:10968000D9E70B4A24320A60022100F01BF80221BC
:10969000606800F017F80221A06800F013F80221BA
:1096A000E068C8E710BD00001801002054D3002076
:1096B000F86E0120C16380ED100A2430C0EC030A6B
:1096C0007047000091B101291BD0022924D0032941
:1096D0002DD1F2EE081ADFED160A9FED160AB0EE54
:1096E000001A41F2846100BFFFF7E4BFDFED121AF8
:1096F0009FED121ADFED120AB7EE080A4FF4A561CA
:10970000F2E7F0EE001AB0EE001ADFED0E0AB0EE4E
:10971000080A40F2BC71E7E7FFEE001ABFEE001A3C
:10972000DFED090AB1EE080A4FF48261DCE7704709
:1097300000009643CDCC8C3F9A991940666626402E
:1097400000007C4200002042000010C22DE9F041E0
:10975000002301222C4C51E011F82350022D4CD84B
:10976000002501EB830600BF96F802C0C5F1070E85
:1097700002FA0EF71CEA070F01D0F82700E0C02715
:1097800011F823C00CEB4C0C04EBCC0C0CF805705E
:109790006D1C072DE8DD082596F801E0C5F10F07DF
:1097A00002FA07F794461EEA070F01D0F82700E0F7
:1097B000C02711F823E00EEB4E0E04EBCE0E0EF890
:1097C00005706D1C0F2DE7DD5FF0100596F803E0C6
:1097D000C5F117070CFA07F71EEA070F01D0F827A3
:1097E00000E0C02711F823E00EEB4E0E04EBCE0E86
:1097F0000EF805706D1C172DE8DD5B1C8342ABDB9A
:10980000BDE8F041FFF7E6BBF4D20020F0EE410ADC
:10981000FCF776BEFDF74ABB80EE201AF0EE410A57
:1098200009B19FED020AFCF76BBE000000000000CA
:10983000F0EE401A9FED050A81EEA01AF0EE400A04
:1098400009B9B0EE610AFDF731BB0000000000006D
:1098500001B5012269460020FAF7DEFF009808BD35
:1098600001B5012269460020FAF7D6FF009808BD2D
:109870009FED020A016AF0EE400A0847000000006E
:109880009FED040A016AF0EE401AB0EE401AF0EEC5
:10989000400A08470000000010B5094CB1EE400A2C
:1098A0002DED028BB0EE608A2068FCF7D9FE60686F
:1098B000B0EE480ABDEC028BBDE81040FCF7D0BE0C
:1098C00054D3002010B5104C2DED028BF0EE608AC1
:1098D000B0EE408AB0EE680AE068FCF7C1FEB1EE77
:1098E000480AA068B0EE408AFCF7BAFEB0EE480A1B
:1098F0002068FCF7B5FE6068B0EE680ABDEC028B2C
:10990000BDE81040FCF7ACBE54D30020016890F8CD
:109910003820097C12FB01F1C900406BF6F70ABD43
:109920002DE9F041044690F870001F4615460E469A
:1099300030B1012809D002280CD0032815D10FE03E
:10994000E16D20468847284408E0E16D20468847BD
:10995000301A09E0E16D20468847281A85B204E0F4
:10996000E16D20468847304486B22846A4F86460FA
:10997000A4F8660039460025204600F0CDFA010023
:1099800003D0204600F0F8F985B22846BDE8F08102
:109990003FB581B0044690F88C00089900283AD071
:1099A000BDF81000002836D0012811D9022902D0B4
:1099B000032907D00CE0BDF80820101A401CADF8B0
:1099C000080005E0BDF80C20101A401CADF80C0092
:1099D00011F0010521D0B4F84810BDF8080081420B
:1099E00019D8B4F84A10814215D9B4F84E30B4F8F9
:1099F0004C2004A90DF10C0000F030F900280AD029
:109A00000095206BBDF81030BDF80C208568BDF8BE
:109A100008102046A84705B030BDB4F84C10BDF87A
:109A20000C008142F7D8B4F84E108142F3D9B4F853
:109A30004A30B4F8482004A902A8DDE730B4024C4B
:109A4000446030BC00F037B999A2000870B50D46EB
:109A50001E460446B0F84E10B0F84C00049B00F0CF
:109A6000DDFA002809D0B4F84A10B4F848003346AB
:109A70002A46BDE8704000F0D1BA70BD10B504466A
:109A800000F05BFB2046BDE8104000F0CABB10B5FB
:109A90000446806D884209D004F17400A16500F08D
:109AA00017FB2046BDE8104000F05CB810BD80F800
:109AB0007010704780F86D10704700000149C16553
:109AC000704700002D9D00080021A0F85010A0F85C
:109AD00054104FF6FF71A0F85210A0F85610016B09
:109AE0004968084770B5044600250498A565E362F7
:109AF000616384F8382084F8395084F86D5084F814
:109B0000915084F88D50012184F8921084F89310BC
:109B100020630168204688472046FFF7D5FF20468E
:109B2000FFF7CCFF84F8705070BD00007CB50C4688
:109B3000009313460546084A084900F082FB01A835
:109B400000F0C0FA0146064B00949DF80420284618
:109B5000FFF7C8FF7CBD000005A40008BDA50008F4
:109B600035A0000810B5816D00291AD090F9813018
:109B700080F88E3090F9822080F88F2090F88D1038
:109B800000290ED001290DD090F97E4090F9801067
:109B90000C449C4201DD80F88E408A4201DD80F851
:109BA0008F1010BD90F983108B4201DA80F88E106F
:109BB00090F98410F1E72BB1012B05D0022B05D0D1
:109BC000104404E0084402E0801A00E0401A80B229
:109BD00070472BB1012B05D0022B05D0401A04E0B1
:109BE000104402E0084400E0801A80B2704738B5A3
:109BF0000446B0F856000090B4F85230B4F854203F
:109C0000B4F850102046FFF721FF18B3012084F864
:109C10008C00B4F84810B4F85000814201D2A4F886
:109C20004800B4F84A10B4F85200814201D9A4F8AF
:109C30004A00B4F84C10B4F85400814201D2A4F8A0
:109C40004C00B4F84E10B4F85600814201D9A4F883
:109C50004E0038BD002084F88C0038BD30B5048833
:109C60000D882544ADB2AC4205D99C4202D25D1E9E
:109C7000ADB200E014469C4201D2954201D80020CA
:109C800030BD944200D214469D4200D91D46048046
:109C9000281B0880012030BD38B5C58F049C009476
:109CA000521BC46A92B2A04738BD38B5049C0094D8
:109CB000FFF7F2FF38BD2DE9F0471C469146884674
:109CC000064600F0D6FC00254FF6FF777268217833
:109CD000304690470346B84225D0641CA3F57F4028
:109CE000FE38F3D04A4641463046FFF719FE96F853
:109CF000701031B1012907D0022908D003290FD1F2
:109D00000AE008EB000104E009EB000106E0A8EB23
:109D100000011FFA81F803E0A9EB00011FFA81F9A5
:109D2000284485B2D2E72846BDE8F0870020704776
:109D300010B50C4600F006F80122641EA240801AFD
:109D400040B210BD30B50568047B2A78E240631844
:109D5000DBB2082B09D36D1C05602D78C4F1080413
:109D6000A5401543083BEAB2DBB201248C40641ED7
:109D700014400373204630BD2DE9F843054600F139
:109D8000600400F00CF915F96B6F2046E97BFFF7D2
:109D9000CFFF8146297C2046FFF7CAFF0746697C32
:109DA00020466B3DFFF7C4FF804694F90A00002867
:109DB00057DDF019404247B2237CA0883A46494615
:109DC000FFF7F9FEA080237C3A46E0884946FFF77A
:109DD00000FFE080A188277C02460B4637B1012FA7
:109DE0000AD0022F40D0032F0FD146E094F90A7019
:109DF00030443B449BB207E0891B491C94F90A702C
:109E00005B1C89B29BB2384480B200902846FFF7B1
:109E10001DFE30B30020207284F8090095F87610FA
:109E20002046FFF78FFF814695F877102046FFF711
:109E300089FF074600224946284600F027F80122FC
:109E40003946284600F022F801212046FFF77AFF24
:109E50000028EFD194F90900B042DFDBA07B85F840
:109E600092004046BDE8F88394F90A705B1CC91B58
:109E7000491C89B29BB2921B04E094F90A703344E6
:109E80009BB2D21B521C92B2401CBDE72DE9F74F8A
:109E900084B00D46049C94F8687094F8698060342E
:109EA000A07AC01BC6B20196B54200D201954FFA06
:109EB00088F279B2A088B4F806B0237C924689462D
:109EC000FFF779FE0290237C524649465846FFF739
:109ED00080FE0246069808B1A17B02E0607B50B983
:109EE000E17B049880F89210207C0090DDE901313C
:109EF0000498FFF74DFDB54207D3A81BC5B208F182
:109F00000100002700F0FF08CAE77819207284F8E2
:109F1000098007B0BDE8F08F70B50D460146806D31
:109F20001730FF2D10D8612D02D3B1F8881003E04F
:109F3000412D02D3B1F886100844417819B3027854
:109F4000AA42F9D1801C70BDB1F88A100C182646BF
:109F50000021304600F019F804440221304600F098
:109F600014F8361DA842F3D34FF6FF72207802EAA8
:109F700000216078084306D0A84201D1E01C70BDE2
:109F8000A0780444F2E7002070BD08444FF6FF7249
:109F90000178407802EA0121084480B2704730B568
:109FA000054600F1600401660020207315F8781F53
:109FB0002046FFF7C7FEA07269782046FFF7C2FE71
:109FC000E072A87EA07310B10020E07330BD0120C4
:109FD000FBE7000010B594220B490020FCF7ACFD14
:109FE0000A4C0B4B0B4A0C496060FFF79FFD606801
:109FF00000F00FF90021606800F01BF96068BDE80F
:10A000001040FFF783BC0000000100201C0100206D
:10A01000DDA50008E5A2000848C400088A4205D270
:10A02000834201D89A4203D9012070478342F9D86C
:10A0300000207047F0B502F007060124B440002567
:10A0400090F892E0E7B2DDF814C02C46BEF1010FA3
:10A0500001D83D4600D03C46076822F00702BCF11B
:10A06000000F3F7C07FB02F7BAB2476B3A4411443A
:10A0700009D108785B1E284360401B0401F8010BDE
:10A080001B0CF6D1F0BD0A78761C2A436240A3F17E
:10A0900001030A7016F007069BB206D06A06150E79
:10A0A0006206140E002BEED1F0BD428F114490F8E1
:10A0B0009220012A03D800BF4FF00105F2D04FF0E3
:10A0C0000104EFE70821017000487047C8CE002066
:10A0D00070B5054608782870487868708878A87048
:10A0E000C878E870087928714879687188790C46D1
:10A0F000A871E079E871207A2872607A6872A07A93
:10A10000A872E07AE872207B2873607B6873A07B7A
:10A11000A873E07BE873207C287411212046FFF7A8
:10A1200034FF688213212046FFF72FFFA8821521F4
:10A130002046FFF72AFFE88270BD2DE9F843064666
:10A1400090F8387090F83950006800244FF6FF7886
:10A1500090F81190316830462A460B7C716B04FBF5
:10A1600003FC1FFA8CFC08EACC0C6144009100212E
:10A1700000F040F8641C6D1CE4B2EDB2BC4201D2A8
:10A180004D45E7D3BDE8F883F0B590F838204FF699
:10A19000FF75036805EAC2018187197C05EAC101E0
:10A1A000418790F8394005EAC401C1875E7CA71851
:10A1B000B74201D9321B92B205EAC20220F8401F11
:10A1C00011444180998A8180D98AC180F0BDFFF70E
:10A1D000DBBF0021A0F84810B0F84410A0F84A10E6
:10A1E000B0F84010A0F84C10B0F84210A0F84E1093
:10A1F000FFF7FDBC1CB58DF805108DF80620049CFA
:10A200008DF804300094012284686B460F21A0472A
:10A210001CBD30B484680023A44630BC1A460A2111
:10A22000604730B484680023A44630BC1A4610212D
:10A23000604730B484680023A4460A4630BC0B2132
:10A2400060472DE9F04115460E460446069F00F092
:10A2500009F86761A660C4E903532046BDE8F041F0
:10A2600000F012B8002140F8081B064A0260426064
:10A270008260C260C17681770161FF21017780F839
:10A2800020107047D9A5000830B484680023A44684
:10A2900030BC1A4609216047080001D00A2801D1C4
:10A2A0004FF6FF70704730B404690023A44630BCF9
:10A2B0001A461921604713B501AA012100F001F8DF
:10A2C0001CBD30B404691346A4460A4630BC1721AD
:10A2D000604730B404690023A44630BC1A461821F4
:10A2E0006047000038B5164818290AD004DC142944
:10A2F00023D017291FD107E0192912D020291AD1FC
:10A300001BE00021017018E00E4C07E0017813F803
:10A31000015B6554491C521E0170D2B2002AF5D16E
:10A320000BE04FF6FF7100910378064A782106484A
:10A33000F6F7CCFF08B1002038BD012038BD000081
:10A340001C010020646F0120CC05002030B4C468DB
:10A350000023A44630BC1A461921604730B4C468B3
:10A360000023A4460A4630BC1621604730B4C468B6
:10A370000023A4460A4630BC1521604730B4C468A7
:10A380001346A4460A4630BC17216047F8B50C4670
:10A390004FEA000514F8011B182924D00EDC1529FA
:10A3A00019D0162917D0172923D120788DF800004D
:10A3B0006A4601212846FFF7E1FF0AE0192912D079
:10A3C000FE2916D122788DF800202921284600F098
:10A3D00034F9641CDEE722788DF80020EE68002353
:10A3E0002846B047F5E70023EE681A462846B047EE
:10A3F000D0E7F8BD30B4C4680023A44630BC1A4688
:10A400001821604770B50646A1F1140014460628CD
:10A4100033D2DFE800F02403031222223046FFF794
:10A4200058FF00213046FFF746FF21463046FFF730
:10A4300042FF3046FFF737FF0FE01D4606E01821C8
:10A44000304600F000F9183CE4B21835182C2A46C2
:10A45000F5D82146304600F0F6F8012070BD96F898
:10A460002400FF2802D1782086F82400356922468E
:10A470003046AC46BDE870406047002070BD70B506
:10A480000023456904461A462821A8470023E568A9
:10A490001A4614212046A84701224B21204600F0ED
:10A4A000CCF8206829210279204600F0C6F8002265
:10A4B0004B21204600F0C1F820682921027920466E
:10A4C00000F0BBF801224B21204600F0B6F82068CE
:10A4D000292142792046BDE8704000F0AEB8016005
:10A4E000897C80F8221070472DE9F0410A391E4618
:10A4F0001446054606295DD2DFE801F003085C1228
:10A5000025312846FFF7BBFF2B4902E02AB12A4933
:10A5100013392846FFF73AFF49E027491839F8E789
:10A520004AB125492846C91FFFF730FF2868C07C7B
:10A5300085F822003BE0204928460E39FFF726FF28
:10A540002868807CF4E72846FFF754FF81212846DD
:10A55000FFF70CFF21462846FFF700FF24E02846BE
:10A56000FFF748FF707995F8221001EBC000C7B2E1
:10A57000102040EA17112846FFF7F8FE07F00F01F8
:10A580002846FFF7F3FEB07940F0B0012846FFF708
:10A59000EDFE30793268C006010E2846FFF7EEFE68
:10A5A000641E14F0FF04F4D12846FFF7CFFE01200B
:10A5B000BDE8F0810020FBE76CC4000810B5092954
:10A5C00003D0BDE81040FFF78FBF0249FFF787FFB8
:10A5D000012010BDA4C400080020704710B54D290B
:10A5E00019D00CDC2B2918D004DC292919D02A29F0
:10A5F0000ED114E02D2918D04C2909D10BE00022EE
:10A60000502917D0512915D0522913D0532911D0D0
:10A61000012180F82710012010BD00BFFBE70A20B0
:10A6200000E00120FCF778FEF5E700BF00BF00BFA7
:10A6300000BFF2E780F82720EDE730B4446900233B
:10A64000A44630BC60472DE9F04115460E4604464D
:10A65000FFF73FFE40212046FFF72DFE27692B46DE
:10A66000324617212046B8472046BDE8F041FFF7A3
:10A670001ABE002180F82610704700000EB5642035
:10A68000FCF74AFE00240020FEF78EFFFF23002285
:10A690000094114618460194FEF790FFFCF750F81D
:10A6A000ADF80800022302AA0C210348FDF7B8FC0C
:10A6B0009620FCF731FEE6E764D50020D0E90132B0
:10A6C00001699A60D0E901235A604A68824201D147
:10A6D00082684A60002202610868401E08600868BB
:10A6E00070470000034B036003F15C0008608020AA
:10A6F0001060704740170020044B036003F15C00BA
:10A7000008604FF4C0501060704700009C19002092
:10A710007047704700F108014FF0FF32C0E90112A5
:10A72000C160016100210160704700210161704733
:10A7300030B50B685A1C02D000F1080202E0026931
:10A7400004E02246546825689D42FAD953684B605C
:10A7500099608A60516008610168491C016030BDE0
:10A7600042684A6093688B609368596091600861A1
:10A770000168491C01607047502080F31188BFF3C5
:10A780004F8FBFF36F8F0A494868401C486001280B
:10A790000CD10848006810F0FF0F07D0502080F35C
:10A7A0001188BFF34F8FBFF36F8FFEE77047000034
:10A7B000E000002004ED00E00849486828B1401E90
:10A7C000486001D180F311887047502080F31188D0
:10A7D000BFF34F8FBFF36F8FFEE70000E000002054
:10A7E00070B500282AD0164DA0F108046068696988
:10A7F000084207D1502080F31188BFF34F8FBFF379
:10A800006F8FFEE722683AB1502080F31188BFF3C2
:10A810004F8FBFF36F8FFEE78843606000F0A4F9AD
:10A8200060686968084468602046FDF78BFE286907
:10A83000401C2861BDE8704001F076B870BD000092
:10A84000C00000204FF0E020002101618161054936
:10A850004FF47A720968B1FBF2F1491E4161072198
:10A86000016170475C00002010B5F5F7F5FC114957
:10A8700010280ED300F1E02090F8F0030A789042FF
:10A8800007D2502080F31188BFF34F8FBFF36F8F33
:10A89000FEE709480068896800F4E060884207D94B
:10A8A000502080F31188BFF34F8FBFF36F8FFEE707
:10A8B00010BD0000E00000200CED00E010B5084BDA
:10A8C000002200BF53F832401CB1521C082AF9D3B1
:10A8D00010BD43F8321003EBC201486010BD000008
:10A8E0002411002010B504000AD000F013F894F8E9
:10A8F000460000280CD12046BDE81040FFF770BF8D
:10A90000502080F31188BFF34F8FBFF36F8FFEE7A6
:10A9100010BD0000084A002102EBC1035B688342BE
:10A9200006D1002042F8310002EBC10148607047B7
:10A93000491C0829F0D370472411002070B5154632
:10A940000E460446FFF718FF94F944100020491CF6
:10A9500001D184F8440094F94510491C01D184F8D0
:10A960004500FFF729FFA06B28B92A46314604F1BC
:10A97000240000F051F82046BDE87040FDF790BF7C
:10A9800010B5020014D00F48006B38B1502080F38E
:10A990001188BFF34F8FBFF36F8FFEE700F0E4F82D
:10A9A00000211046FDF7B2FB00F0BEFF002807D1E2
:10A9B00005494FF080500860BFF34F8FBFF36F8F92
:10A9C00010BD00006C00002004ED00E002490A6A9E
:10A9D0000260C968416070476C0000200149012095
:10A9E000C86170476C00002010B50C4650B1094991
:10A9F00009681831FFF79CFE2046BDE81040012190
:10AA0000FDF784BB502080F31188BFF34F8FBFF355
:10AA10006F8FFEE76C00002070B514460D4668B1DC
:10AA20000A4909681831FFF79BFE0CB14FF0FF355A
:10AA300021462846BDE87040FDF768BB502080F3F2
:10AA40001188BFF34F8FBFF36F8FFEE76C000020BC
:10AA500070B504003ED0226DA2B1E06C884200D3F4
:10AA60000146E06A884235D0012A33D11A4D2A685E
:10AA700094420FD1502080F31188BFF34F8FBFF362
:10AA80006F8FFEE7502080F31188BFF34F8FBFF325
:10AA90006F8FFEE7E162A269002A02DBC1F1380193
:10AAA000A1610E4E00EB8000616906EB80008142DF
:10AAB00010D1201DFFF702FEE06A2969884200D903
:10AAC000286100EB800006EB8000211DBDE870408E
:10AAD000FFF746BE70BD00006C000020641100202E
:10AAE00030B587B00024039405AA04A903A80494F0
:10AAF000FFF7F8FDDDE903010094CDE90110002323
:10AB000015A11748059A00F0AAFD164D0028E86225
:10AB10001FD000F09DFF012809D0401C19D1502002
:10AB200080F31188BFF34F8FBFF36F8FFEE7502084
:10AB300080F31188BFF34F8FBFF36F8F4FF0FF305B
:10AB4000A86201206861EC6007B0BDE8304000F009
:10AB50005FB807B030BD000049444C45000000001C
:10AB6000A58300086C0000200248016B491C0163AA
:10AB7000704700006C000020164810B5016B11B141
:10AB80000121C16110BD0021C1610169124A01E0CA
:10AB9000B9B1491E01EB810352F82330002BF7D0E5
:10ABA00001EB810302EB830202F1080453685B6846
:10ABB0005360A34201D15B685360DA6802600161AF
:10ABC00010BD502080F31188BFF34F8FBFF36F8FFC
:10ABD000FEE700006C0000206411002003B583B084
:10ABE0004FF6FF73012204A98DE80E0013460246BA
:10ABF000EE210248F6F7FCFC05B000BDCC050020B4
:10AC000013B50146012301AAD420F8F724FF1CBD87
:10AC10001CB537480168374A914207D1502080F36C
:10AC20001188BFF34F8FBFF36F8FFEE70068314984
:10AC3000491E884207D1502080F31188BFF34F8FFF
:10AC4000BFF36F8FFEE72C4908780190FF20087052
:10AC500008788DF800009DF800009DF8002000F0B5
:10AC6000F000904207D0502080F31188BFF34F8F3F
:10AC7000BFF36F8FFEE79DF80000204C00F05000FE
:10AC800020700720A06005E09DF8002052008DF89C
:10AC90000020401E9DF800201206F5D4A060032875
:10ACA00007D0502080F31188BFF34F8FBFF36F8F11
:10ACB000FEE74FF44070A060019808700C48203007
:10ACC000016841F470010160016841F07041016068
:10ACD000FFF7B8FD00206060F5F786FA08480168C4
:10ACE00041F040410160F5F76BFA00201CBD000007
:10ACF00000ED00E071C20F4100E400E0E000002040
:10AD000034EF00E010B5502080F31188BFF34F8F6F
:10AD1000BFF36F8F00F0E8FC18B104494FF080508A
:10AD20000860002080F3118810BD000004ED00E0F1
:10AD300010B50C4648B184420FD9502080F31188D9
:10AD4000BFF34F8FBFF36F8FFEE7502080F3118862
:10AD5000BFF34F8FBFF36F8FFEE70222002100F099
:10AD60003CF8002800D0846310BD38B50C4648B1CB
:10AD700084420FD9502080F31188BFF34F8FBFF367
:10AD80006F8FFEE7502080F31188BFF34F8FBFF322
:10AD90006F8FFEE70221134600220091114600F05A
:10ADA0003DF8002800D0846338BD10B5024600216C
:10ADB000012000F012F80446FDF726FB204610BDE6
:10ADC00038B50B46002200901146012000F026F80D
:10ADD0000446FDF719FB204638BDF8B517460E4668
:10ADE000050013D005FB06F05030FDF781FE04008E
:10ADF0000AD0002084F8460004F150023B46314658
:10AE000028460094FDF70CFB2046F8BD502080F347
:10AE10001188BFF34F8FBFF36F8FFEE738B5049DE6
:10AE200018B153B1CAB181B120E0502080F311882C
:10AE3000BFF34F8FBFF36F8FFEE7502080F3118871
:10AE4000BFF34F8FBFF36F8FFEE7502080F3118861
:10AE5000BFF34F8FBFF36F8FFEE739B1502080F300
:10AE60001188BFF34F8FBFF36F8FFEE750241C464E
:10AE7000012384F846302B460094FDF7D1FA204692
:10AE800038BD000070B50D46040025D0FFF774FCF6
:10AE9000D4E90F20216802FB0011A1600021A16309
:10AEA000216861600A46D4E90F01401E00FB0121C0
:10AEB000E16021464FF0FF3001F8440F487004F183
:10AEC00010008DB1FFF726FC04F12400FFF722FCEF
:10AED000FFF772FC012070BD502080F31188BFF392
:10AEE0004F8FBFF36F8FFEE721690029F0D000F08C
:10AEF000E3FC0028ECD004494FF080500860BFF319
:10AF00004F8FBFF36F8FE3E704ED00E02DE9FF47BC
:10AF100082B01D468A464FF00008040003D0BAF103
:10AF2000000F08D011E0502080F31188BFF34F8F3D
:10AF3000BFF36F8FFEE7206C38B1502080F311888B
:10AF4000BFF34F8FBFF36F8FFEE7022D0AD1E06B87
:10AF5000012807D0502080F31188BFF34F8FBFF333
:10AF60006F8FFEE700F0ACFB3F4F4FF000094FF052
:10AF7000805648B9049838B1502080F31188BFF347
:10AF80004F8FBFF36F8FFEE7FFF7F6FBA06BE16B10
:10AF9000884207D3022D05D00498D0B1B8F1000F34
:10AFA0001AD01EE02A4651462046FDF784F9616A10
:10AFB00019B104F1240000F07FFC20B13E60BFF322
:10AFC0004F8FBFF36F8FFFF7F7FB012006B0BDE88F
:10AFD000F087FFF7F1FB22E06846FFF7F7FC4FF040
:10AFE0000108FFF7E9FBFFF7BFFDFFF7C5FB94F989
:10AFF0004400401C01D184F8449094F94500401C61
:10B0000001D184F84590FFF7D7FB04A9684600F00A
:10B01000BFFA30B12046FDF743FC00F085FC00206C
:10B02000D4E7FFF7A9FBA06BE16B884213D1FFF7D0
:10B03000C3FB04F110000499FFF7D6FC2046FDF78E
:10B040002FFC00F071FC00289ED13E60BFF34F8FB3
:10B05000BFF36F8F98E7FFF7AFFB2046FDF720FCAB
:10B0600000F062FC90E7000004ED00E02DE9F047FD
:10B070001F4690468946040003D0B9F1000F08D05E
:10B0800011E0502080F31188BFF34F8FBFF36F8F13
:10B09000FEE7206C38B1502080F31188BFF34F8F4A
:10B0A000BFF36F8FFEE7022F0AD1E06B012807D0B4
:10B0B000502080F31188BFF34F8FBFF36F8FFEE7EF
:10B0C000FFF7D2FB5020EFF3118680F31188BFF316
:10B0D0004F8FBFF36F8FA06BE16B884206D3022FB7
:10B0E00004D0002086F31188BDE8F08794F945501C
:10B0F000A06B3A4649462046FDF7DDF8681C04D0AF
:10B100006D1C84F845500120ECE7606A0028FAD0F5
:10B1100004F1240000F0D0FB0028F4D0B8F1000FB7
:10B12000F1D00121C8F80010EDE770B50E4604001B
:10B1300009D0206C78B1502080F31188BFF34F8F75
:10B14000BFF36F8FFEE7502080F31188BFF34F8F5E
:10B15000BFF36F8FFEE7206848B9A06838B1502070
:10B1600080F31188BFF34F8FBFF36F8FFEE7FFF7B8
:10B170007BFB5020EFF3118580F31188BFF34F8FD5
:10B18000BFF36F8FA16BE06B884218D994F945002B
:10B19000491CA163411C04D0401C84F845000120D7
:10B1A0000EE0606A0028FAD004F1240000F084FB6D
:10B1B0000028F4D0002EF2D001203060EFE700200C
:10B1C00085F3118870BD10B5040009D000F072FA43
:10B1D000A168884214D1E068401EE06008D00DE00C
:10B1E000502080F31188BFF34F8FBFF36F8FFEE7BE
:10B1F00000231A4619462046FFF788FE012010BD9D
:10B20000002010BD2DE9F747002683B08A460400D0
:10B2100003D0BAF1000F08D011E0502080F311885C
:10B22000BFF34F8FBFF36F8FFEE7206C38B1502014
:10B2300080F31188BFF34F8FBFF36F8FFEE700F0ED
:10B240003FFADFF8F4804FF000094FF0805748B91B
:10B25000059838B1502080F31188BFF34F8FBFF3AA
:10B260006F8FFEE7FFF788FAA56BC5B15146204600
:10B27000FDF70EF86D1EA563206950B104F11000B2
:10B2800000F01AFB28B1C8F80070BFF34F8FBFF36E
:10B290006F8FFFF791FA012006B0BDE8F08705989F
:10B2A00008B11EB106E0FFF787FA27E06846FFF70E
:10B2B0008DFB0126FFF780FAFFF756FCFFF75CFADB
:10B2C00094F94400401C01D184F8449094F945005D
:10B2D000401C01D184F84590FFF76EFA05A9684635
:10B2E00000F056F9002820460AD0FDF7D9FA00F000
:10B2F0001BFB2046FDF768F90028B3D00020CBE700
:10B30000FDF762F990B104F124000599FFF76CFB99
:10B310002046FDF7C5FA00F007FB0028A2D1C8F8C7
:10B320000070BFF34F8FBFF36F8F9BE72046FDF791
:10B33000B7FA00F0F9FA95E704ED00E02DE9F047DF
:10B3400090468946040003D0B9F1000F08D011E0FF
:10B35000502080F31188BFF34F8FBFF36F8FFEE74C
:10B36000206C38B1502080F31188BFF34F8FBFF3AA
:10B370006F8FFEE7FFF778FA5020EFF3118680F326
:10B380001188BFF34F8FBFF36F8FA76BF7B194F99D
:10B39000445049462046FCF77BFF7F1EA763681C8C
:10B3A00004D06D1C84F84450012010E0206900286E
:10B3B000FAD004F1100000F07FFA0028F4D0B8F1C0
:10B3C000000FF1D00121C8F80010EDE7002086F34E
:10B3D0001188BDE8F08700002DE9F343002683B013
:10B3E0000400354609D0206C78B1502080F31188D4
:10B3F000BFF34F8FBFF36F8FFEE7502080F31188AC
:10B40000BFF34F8FBFF36F8FFEE700F059F9DFF8FE
:10B410003C814FF000094FF0805748B9049838B18B
:10B42000502080F31188BFF34F8FBFF36F8FFEE77B
:10B43000FFF7A2F9A06BC8B1401EA063206810B945
:10B44000FDF7C4FBA060206950B104F1100000F0CA
:10B4500033FA28B1C8F80070BFF34F8FBFF36F8F76
:10B46000FFF7AAF9012005B0BDE8F083049808B100
:10B4700066B10FE03DB1502080F31188BFF34F8FCC
:10B48000BFF36F8FFEE7FFF797F95DE06846FFF7C0
:10B490009DFA0126FFF790F9FFF766FBFFF76CF9BD
:10B4A00094F94400401C01D184F8449094F945007B
:10B4B000401C01D184F84590FFF77EF904A9684645
:10B4C00000F066F80028204612D0FDF7E9F900F0F8
:10B4D0002BFA2046FDF778F80028A9D09DB3FFF796
:10B4E0004BF9606A50B3206B0068C0F1380126E068
:10B4F000FDF76AF8E0B1206838B9FFF73DF9A068B8
:10B5000000F09EF90546FFF757F904F1240004996D
:10B51000FFF76AFA2046FDF7C3F900F005FA0028A4
:10B5200086D1C8F80070BFF34F8FBFF36F8F7FE7EE
:10B530002046FDF7B5F900F0F7F979E70021A0689A
:10B54000FFF786FA9FE7FFE700208CE704ED00E0B5
:10B5500070B50D46040009D000F0ACF8A16888422F
:10B560000CD1E068401CE060012070BD502080F3E9
:10B570001188BFF34F8FBFF36F8FFEE72946204638
:10B58000FFF72AFF0028F0D0E168491CE16070BD98
:10B590002DE9F0410C46050011D0C4B1FFF7ECF8DD
:10B5A000174BDA686E682068911B471C17D02F680C
:10B5B0001B6A9F4219D0964217D8012410E05020F0
:10B5C00080F31188BFF34F8FBFF36F8FFEE75020DA
:10B5D00080F31188BFF34F8FBFF36F8FFEE7002416
:10B5E000FFF7EAF82046BDE8F081884205D9401A05
:10B5F00020602846FFF7EAF9F1E700202060DCE749
:10B600006C0000202DE9FF5F8346DDE90E87994637
:10B6100016468A469000FDF76BFA05001CD05C20A8
:10B62000FDF766FA040014D00020256384F8590061
:10B63000CDE90240CDE900874B4632465146584697
:10B64000FCF700FF2046FCF78FFD012004B0BDE8A9
:10B65000F09F2846FFF7C4F84FF0FF30F6E7F0B54B
:10B6600085B0DDE90B640A9DA6B1DCB15C270097CB
:10B670002663022684F85960002604AFCDE902460D
:10B68000CDE90057FCF7DEFE2046FCF76DFD04987F
:10B6900005B0F0BD502080F31188BFF34F8FBFF38A
:10B6A0006F8FFEE7502080F31188BFF34F8FBFF3F9
:10B6B0006F8FFEE701480068704700006C000020B3
:10B6C0000548416919B1006B18B10020704701208D
:10B6D00070470220704700006C0000200148C068DD
:10B6E000704700006C0000202DE9F041324C00272B
:10B6F000206B38B1A069401CA061FFF70AF83846FA
:10B70000BDE8F081E668761CE66013D1606B0068E6
:10B7100038B1502080F31188BFF34F8FBFF36F8F84
:10B72000FEE7606BA16B6163A063206A401C20622E
:10B73000FDF736F8A06ADFF88480864209D3606B93
:10B74000006890B1606BC068C568686886420FD2B7
:10B75000A0622068C06A00EB800158F8210001282F
:10B7600000D90127A069F8B120E04FF0FF30EFE7E2
:10B77000281DFEF7A3FFA86A18B105F11800FEF70F
:10B780009DFFE86A2169884200D9206100EB8001B1
:10B7900008EB8100291DFEF7E3FFE86A2168C96A0A
:10B7A0008842CCD30127CAE7FEF7B3FFE06900283F
:10B7B000A5D00127A3E700006C0000206411002041
:10B7C00070B504004FF0000133D01B4D286884424F
:10B7D00007D0502080F31188BFF34F8FBFF36F8FD6
:10B7E000FEE7206D38B1401E2065E36CE26A9A42A4
:10B7F0001FD040B11DE0502080F31188BFF34F8F60
:10B80000BFF36F8FFEE7201DFEF758FFE06CE0628C
:10B81000C0F13800A061E06A2969884200D9286136
:10B82000064900EB800001EB8000211DFEF798FF28
:10B830000121084670BD00006C000020641100204A
:10B8400070B504004FF000002BD0194DE16A2A6852
:10B85000D26A914226D2A069002804DB2868C06A17
:10B86000C0F13800A061134E01EB8101606906EB65
:10B870008101884211D1201DFEF720FF2868C06A8F
:10B88000E0622969884200D9286100EB800006EB5C
:10B890008000211DFEF764FF02E02868C06AE062B4
:10B8A000012070BDE16C2A68D26A9142F8D370BD64
:10B8B0006C0000206411002070B5C068C46854B1E9
:10B8C00004F118000646FEF7F9FE144D286B50B13E
:10B8D0003146134815E0502080F31188BFF34F8F95
:10B8E000BFF36F8FFEE7201DFEF7E8FEE06A2969CF
:10B8F000884200D928610B4900EB800001EB8000F1
:10B90000211DFEF72DFFE06A2968C96A884202D925
:10B910000120E86170BD002070BD00006C000020B7
:10B92000EC150020641100202DE9F0472C4D002477
:10B930002746286B38B1FEF71FFF286B401E28638F
:10B94000286B40B146E0502080F31188BFF34F8F41
:10B95000BFF36F8FFEE7A968224E0120D1B3A6F591
:10B96000916980463068E0B1F068C46804F118005D
:10B97000FEF7A4FE201DFEF7A1FEE06A29698842B9
:10B9800000D9286100EB800109EB8100211DFEF741
:10B99000E7FEE06A2968C96A8842E3D3C5F81C80DB
:10B9A000E0E70CB1FCF7FCFEAC694CB14FEA0806CD
:10B9B000FFF79AFE00B1EE61641EF9D10020A86184
:10B9C000E86938B10849012738070860BFF34F8F8D
:10B9D000BFF36F8FFEF7F0FE3846BDE8F08700003A
:10B9E0006C000020EC15002004ED00E02DE9FC4780
:10B9F00081461E46174688462C200A9DFDF778F89A
:10BA000004000AD0002084F82800CDE90054334611
:10BA10003A4641464846FCF76DFD2046BDE8FC87A6
:10BA20007CB52C26DDE90654009644B1022684F844
:10BA30002860CDE90054FCF75DFD20467CBD502018
:10BA400080F31188BFF34F8FBFF36F8FFEE70000C5
:10BA500010B586B0FCF7F0FB114C2068B8B100209F
:10BA60000390049005AA04A903A8FEF745FEDDE9AA
:10BA7000032102208DE8070000230AA10B48059A44
:10BA8000FFF7EDFD606010B106B0012010BD502041
:10BA900080F31188BFF34F8FBFF36F8FFEE7000075
:10BAA000A8000020546D7220537663007D88000842
:10BAB0002DE9FF411E46134602000A9D4FF000008B
:10BAC00016D0144C2768002F0FD0CDE90013029236
:10BAD000062917DAFFF7F4FD02284FF000030FD014
:10BAE000002269462068FFF711FA04B0BDE8F08132
:10BAF000502080F31188BFF34F8FBFF36F8FFEE7A5
:10BB00002A46EEE70023324669463846FFF7AEFA8A
:10BB1000EBE70000A8000020ECC8000800000000CF
:10BB20000000000000000000000000000004000011
:10BB3000200000000000000000000000E0C8000835
:10BB400000000000000000000000000000000000F5
:10BB500000040000100000000000000000000000D1
:10BB600020C90008000000000000000000000000E4
:10BB700000000000000400002000000000000000A1
:10BB8000000000003CC900080000000000000000A8
:10BB90000000000000000000000400001800000089
:10BBA00000000000000000002CC900080000000098
:10BBB0000000000000000000000000000004000081
:10BBC00018000000000000000000000008C9000884
:10BBD0000000000000000000000000000000000065
:10BBE00070170000080000000000000000000000C6
:10BBF00014C9000800000000000000000000000060
:10BC00000000000000080000180000000000000014
:10BC100000000000FCC80008000000000000000058
:10BC20000000000000000000000400001000000000
:10BC30000000000000000000D0C800080000000064
:10BC40007402002050000000740100200001000078
:10BC5000BCC8000800000000E40200205000000002
:10BC6000C4020020200000006CC900080000000091
:10BC7000340300202C0000004CC900080000000024
:10BC8000600300202C0000007CC9000800000000B8
:10BC90008C0300202C00000058C9000800000000A0
:10BCA000B80300202C0000008CC900080000000030
:10BCB000000000000000000090C800080000000024
:10BCC000E403002050000000ACC9000800000000A0
:10BCD000340400205000000098C900080000000053
:10BCE000840400205000000080C80008000000000C
:10BCF000D404002050000000A0C80008000000008C
:10BD00000000000000000000000000000000000033
:10BD100001020304060708090000000001020304F1
:10BD20000006101600061016C0C90008000000002A
:10BD30000000000000000000BE0002020303030434
:10BD4000040707000006000600011A025706F0204B
:10BD50000500F101210631F1192922071BF7495687
:10BD600000230A2DF3AB86AA86AA00240A35F11B0C
:10BD70002AEF34740425082DF1912B5753260B35E7
:10BD8000F15B190E99625C0027061AF7510A280721
:10BD900032F153CD00290832F189A952002A092D28
:10BDA000F3ADAAD58C002B0A2DF1CD280E995104A4
:10BDB0002C061AF1510A2D060DF519022E0612F164
:10BDC00019012F082DF147B91B01300A35F15B71BC
:10BDD000A5A9D302310672F15B1D320A35F15B3938
:10BDE000CA9CD110330A35F15B396AA8D302340BEF
:10BDF00035F1CF32A5A1334A00350B35F1B9D1C8A1
:10BE000030A3A100360B35F15B198D94755A0037BC
:10BE10000B35F1191AE51A651401380A35F15B3949
:10BE2000ADACD302390B35F15B59A791515A003AA9
:10BE30000832F119198D003B0832F1195129003CE3
:10BE4000072BF14D75013D081DF3191A0E013E0730
:10BE50002BF1C955093F0935F15BB94D4700400B3E
:10BE600035F15B598D94543502410A35F15B598F98
:10BE7000917500420B35F119290F95F55000430BD0
:10BE800035F11B1A6594518623440935F11929BBF4
:10BE90008702450B35F1B9D14819653404460C3594
:10BEA000F1B9D1481965941100470B35F11B1AA55A
:10BEB00091751A01480935F1C97A8C6C07490B351F
:10BEC000F11932A38C328A434A0B35F1D728A38C5F
:10BED000745A004B0A35F1C93295B3CA014C0C357E
:10BEE000F1C928A38C32CA68084D0A35F1C96B25FF
:10BEF00095B40E4E0A35F1C95325B975004F093571
:10BF0000F15BD99D1600500B35F11929EBA132CA0E
:10BF100008510A35F15BD94A32AA00520A35F119A3
:10BF200029EBA1CA28530B36F11B1B6BACF158004F
:10BF3000540C35F11932A38C32CA2802550835F158
:10BF4000C9DE6901560D37F1C930E598AB8C6A98A6
:10BF500001570935F1C95652E90E580935F1C9A9F9
:10BF6000AE6A1D590C35F1C9A9CE28A38C22005AFE
:10BF70000C36F1B95146196594D1185B0732F15965
:10BF80002D015C0A2DF1C930C30C330C5D0732F171
:10BF900051AD015E071DF7CDA90E5F060DF1190227
:10BFA000600612F98901610A2DF1DB300D9D460012
:10BFB000620A35F1C928995A0F05630A2DF11B1A37
:10BFC0006594E108640A35F147C9DC3A8D00650AD9
:10BFD0002DF15B798C0C4700660B35F15D79A88CEF
:10BFE00032CA00670A2DF11B3A8D8C86026809352A
:10BFF000F1C92899DA0E6906B1F149236A0A35F1C7
:10C000004799CE48A7056B0A34F1C9512599CA0052
:10C010006C0672F1513D6D0A2DF1512D955452056A
:10C020006E082DF149A6B6036F082DF15BD94E0BB2
:10C03000700B2DF119290F95514600710A2DF11B36
:10C040003A8D8C320A720A2DF149A646196504739D
:10C050000A2DF11B1A6E381400740B35F1CB4365B1
:10C060009451860375082DF1C94EA502760A2DF16B
:10C07000C93A9529470077092DF1C956525D0078D4
:10C08000092DF1C9A9AEEA00790A2DF1C93A8D8CC2
:10C0900086027A082DF119BA3D047B0833F14D75FB
:10C0A000CC017C0571F1397D0833F1C9554C117E05
:10C0B000081DF3CBA94E00A10631F14923A20B358F
:10C0C000F1CD43C594478C00A30A35F19519CD8C69
:10C0D000F210A40A74F189494599540CA50A35F166
:10C0E000C9A9CE3BA308A60631F19102A70B36F1F0
:10C0F0001B1B8F38321E0BA8060BFB4901A90B3DF9
:10C10000F1B9D2D850C9A804AA082BF399438D00DD
:10C11000AB071DF38BB201AC081DF1191A6514AD04
:10C12000050BF519AE0735F1EBFF07AF060DFB194F
:10C1300002B0071BF7196904B10825F38D43C62126
:10C14000B2072BF3D1690EB3072BF3D11700B40656
:10C1500012F95300B5092DF1C9E6501A01B60C3594
:10C16000F11B2AA94AC5145300B70509F709B806F7
:10C1700013F15D00B9062AF35B0DBA072BF3ABACE4
:10C180000ABB081DF389A54C00BC0934F1AFC6A158
:10C190001400BD0934F1AF46944901BE0A36F1CF0F
:10C1A00030CFAEA401BF0835F1CD74D702C00A3D2F
:10C1B000F1D9E4CA63641DC10A3DF1DD78E531B20D
:10C1C0000EC20B3DF1CD29AE3C46D601C30A3DF16E
:10C1D000EB5E798CAC03C40A3DF1ABA995C7C83AB4
:10C1E000C50B3DF15B39AD3C46D601C60B35F11BA5
:10C1F0002AA638564C03C70B35F11B1A65387294C2
:10C2000000C80C3DF1D9D4D868A48C8600C90B3D78
:10C21000F1DD706C34524643CA0C3DF1CD298D8D51
:10C2200046CA6808CB0C3DF1ABF1D868A48C8600F7
:10C23000CC0C3DF1D9D4901965148700CD0B3DF19C
:10C24000DD70C88C328A43CE0C3DF1CD290D995159
:10C25000467108CF0C3DF1ABF1901965148700D001
:10C260000B35F119298FA4F55000D10A3DF1EBCC23
:10C270005325B903D20A3DF1D9E4CA765A00D30A4C
:10C280003DF1DD78653B2D00D40A3DF1CD29AE6C42
:10C29000A705D5093DF1EB5ED94E0BD60A3DF1ABB2
:10C2A000A995EDB400D7092DF1C9A9AEEA00D80AC5
:10C2B00035F15B59AE34D302D9093DF1D95476A793
:10C2C00005DA093DF1DD30BBD302DB093DF1CDA933
:10C2D00076A705DC093DF1AB7176A705DD0C3DF1D4
:10C2E000DD30A73AA38C2200DE0B35F1C968A4AC7F
:10C2F00087CA08DF0A35F19371C52A2B05E00B3D8B
:10C30000F1D9E48669E83402E10B3DF1DD78C3340C
:10C31000741A01E20B3DF1CD296E98864E23E30B92
:10C320003DF1EBDE300D9D4600E40B3DF1ABA90D78
:10C33000D3D06904E50B3DF15B396D98864E23E659
:10C34000092DF1AB535A7512E70B35F11B1A6538FD
:10C35000729400E80B3DF1D9E4CA63643802E90B3A
:10C360003DF1DD78E531321C01EA0B3DF1CD29AE1E
:10C370003C468623EB0B3DF1ABA995C7C87004EC96
:10C38000073BF1D96407ED08BBF1D9383601EE0857
:10C390007BF16BA3D802EF097BF149998A2D00F05C
:10C3A0000A35F1DD280DADD302F1093DF1EB4CA6C4
:10C3B000B603F20A3DF1D9E4CA765A00F30A3DF118
:10C3C000DD78653B2D00F40A3DF1CD29AE6CA70563
:10C3D000F5093DF1EB5ED94E0BF60A3DF1ABA9959F
:10C3E000EDB400F7092DF1CDD4D05404F80A2DF1A5
:10C3F0005B71A5991600F9093DF1D954762A15FA11
:10C40000093DF1DD303B950AFB093DF1CDA9762AC6
:10C4100015FC093DF1AB71762A15FD0B3DF1DD30C0
:10C42000EB34321A0AFE0C35F1C968A43C544619A3
:10C4300001FF0C3DF1AB71D66964341400000000BB
:10C4400004FFFF0000000000CFA10008D3A10008F6
:10C45000AB9C00081815AF19FF1815AE19FF181579
:10C46000A115C819FF1815A015C019FF1815AE158C
:10C47000D5168015A8161F15D316001540158D1654
:10C48000141520160015A115C815DA160215811607
:10C490008F15D916F115DB1640152E15A415A61902
:10C4A000FF0000000001140A6464323200127A00B6
:10C4B0000004289610040000800020000001140AE7
:10C4C0006464323200127A000004289610047D7DE4
:10C4D000800020001815AE15D5169115A8161F1549
:10C4E000D31610154015AD168B153315A115C815AB
:10C4F000DA1612158116AF15D9161F15DB1625157C
:10C50000A415A619FF0000000001140A6464323269
:10C5100000093D000004289610040202800020005B
:10C5200000C1814001C0804101C0804100C1814003
:10C5300001C0804100C1814000C1814001C08041F3
:10C5400001C0804100C1814000C1814001C08041E3
:10C5500000C1814001C0804101C0804100C18140D3
:10C5600001C0804100C1814000C1814001C08041C3
:10C5700000C1814001C0804101C0804100C18140B3
:10C5800000C1814001C0804101C0804100C18140A3
:10C5900001C0804100C1814000C1814001C0804193
:10C5A00001C0804100C1814000C1814001C0804183
:10C5B00000C1814001C0804101C0804100C1814073
:10C5C00000C1814001C0804101C0804100C1814063
:10C5D00001C0804100C1814000C1814001C0804153
:10C5E00000C1814001C0804101C0804100C1814043
:10C5F00001C0804100C1814000C1814001C0804133
:10C6000001C0804100C1814000C1814001C0804122
:10C6100000C1814001C0804101C0804100C1814012
:10C6200000C0C101C30302C2C60607C705C5C404D2
:10C63000CC0C0DCD0FCFCE0E0ACACB0BC90908C842
:10C64000D81819D91BDBDA1A1EDEDF1FDD1D1CDC32
:10C6500014D4D515D71716D6D21213D311D1D010A2
:10C66000F03031F133F3F23236F6F737F53534F492
:10C670003CFCFD3DFF3F3EFEFA3A3BFB39F9F83802
:10C6800028E8E929EB2B2AEAEE2E2FEF2DEDEC2CF2
:10C69000E42425E527E7E62622E2E323E12120E062
:10C6A000A06061A163A3A26266A6A767A56564A452
:10C6B0006CACAD6DAF6F6EAEAA6A6BAB69A9A868C2
:10C6C00078B8B979BB7B7ABABE7E7FBF7DBDBC7CB2
:10C6D000B47475B577B7B67672B2B373B17170B022
:10C6E0005090915193535292965657975595945412
:10C6F0009C5C5D9D5F9F9E5E5A9A9B5B9959589882
:10C70000884849894B8B8A4A4E8E8F4F8D4D4C8C71
:10C7100044848545874746868242438341818040E1
:10C72000005EBCE2613FDD83C29C7E20A3FD1F4111
:10C730009DC3217FFCA2401E5F01E3BD3E6082DC01
:10C74000237D9FC1421CFEA0E1BF5D0380DE3C62F1
:10C75000BEE0025CDF81633D7C22C09E1D43A1FFE1
:10C760004618FAA427799BC584DA3866E5BB5907D1
:10C77000DB856739BAE406581947A5FB7826C49AC1
:10C78000653BD987045AB8E6A7F91B45C6987A24B1
:10C79000F8A6441A99C7257B3A6486D85B05E7B9A1
:10C7A0008CD2306EEDB3510F4E10F2AC2F7193CD91
:10C7B000114FADF3702ECC92D38D6F31B2EC0E5081
:10C7C000AFF1134DCE90722C6D33D18F0C52B0EE71
:10C7D000326C8ED0530DEFB1F0AE4C1291CF2D7361
:10C7E000CA947628ABF517490856B4EA6937D58B51
:10C7F0005709EBB536688AD495CB2977F4AA481641
:10C80000E9B7550B88D6346A2B7597C94A14F6A830
:10C81000742AC896154BA9F7B6E80A54D7896B3520
:10C82000CCC900080000000000000000000000006B
:10C830000000000000000000DCC90008000000004B
:10C8400000000000000000000000000000000000E8
:10C85000ECC900080000000000000000000000001B
:10C860000000000000000000FCC9000800000000FB
:10C8700000000000000000000000000000000000B8
:10C880007370695F74785F66696E69736865640068
:10C890007061636B65745F74785F69646C650000D8
:10C8A00073657269616C5F736572766F5F72785FD2
:10C8B000636F6D706C657465000000006D6F766964
:10C8C0006E675F6374726C5F7175657565000000FB
:10C8D0007061636B65745F74785F71756575650011
:10C8E00064656661756C745461736B00756C747209
:10C8F00061736F6E69635F7461736B006F6C656405
:10C900005F7461736B0000006775695F7461736BBE
:10C91000000000006170705F7461736B00000000C4
:10C92000696D755F7461736B000000007061636B0B
:10C9300065745F72785F7461736B00007061636B24
:10C9400065745F74785F7461736B00006C65645F1D
:10C9500074696D6572000000626174746572795F5C
:10C96000636865636B5F74696D657200627574748A
:10C970006F6E5F74696D65720000000062757A7A8F
:10C9800065725F74696D6572000000006F6C6564AC
:10C990005F6D7574657800006D7075363035305F89
:10C9A000646174615F726561647900007061636BDA
:10C9B00065745F72785F6E6F745F656D7074790017
:10C9C0006C776D656D5F6D75746578006C6564314D
:10C9D0005F6374726C5F7175717565006C6564324C
:10C9E0005F6374726C5F7175717565006C6564333B
:10C9F0005F6374726C5F71757175650062757A7AC8
:10CA00006572315F6374726C5F717571756500007A
:10CA100030CA00080000002074010000C0030008B4
:10CA200060CA0008740100207C7401009C57000853
:10CA3000015D1324F43201027F101AAA01011B19AF
:10CA40009F120113D4D61220A29885406F012003B3
:10CA50001680259D2D2D2D2E04091F188100000004
:040000050800018965
:00000001FF
